name,internal_var,namelist,group,dtype,default,source_use_count,source_use_files,source_usage_summary,source_use_examples
b0_norm,b0_norm,&inputnl,Normalizations,real,1.e4,73,unstructured/gradshafranov.f90(16); unstructured/particle.f90(16); unstructured/particle_com.f90(12); unstructured/input.f90(7); unstructured/rmp.f90(6); unstructured/init_common.f90(3); unstructured/init_vmec.f90(3); unstructured/bootstrap.f90(2),"源码引用 73 处；主要在 `gradshafranov.f90` 16处, `particle.f90` 16处, `particle_com.f90` 12处, `input.f90` 7处。","unstructured/bootstrap.f90:1503: telec(i)=max(real(tet79(i,OP_1))*1e3/(1.6022e-9 * (4.*pi*n0_norm)/ (b0_norm**2)),eps_val)
unstructured/bootstrap.f90:1504: tion(i)=max(real(tit79(i,OP_1))*1e3/(1.6022e-9 * (4.*pi*n0_norm)/ (b0_norm**2)),eps_val)
unstructured/gradshafranov.f90:405: yvals = yvals * 10. / (b0_norm**2/(4.*pi))
unstructured/gradshafranov.f90:437: yvals = yvals * 1e6 / (b0_norm*l0_norm)
unstructured/gradshafranov.f90:569: yvals = yvals * 1.6022e-9 / (b0_norm**2/(4.*pi*n0_norm))
unstructured/gradshafranov.f90:576: yvals = yvals * 1.6022e-12 / (b0_norm**2/(4.*pi*n0_norm))
unstructured/gradshafranov.f90:584: yvals = yvals * 1.6022e-9 / (b0_norm**2/(4.*pi*n0_norm))
unstructured/gradshafranov.f90:596: yvals = yvals * 1.6022e-9 / (b0_norm**2/(4.*pi*n0_norm))
unstructured/gradshafranov.f90:605: yvals = yvals * 1.6022e-9 / (b0_norm**2/(4.*pi*n0_norm))
unstructured/gradshafranov.f90:866: (b0_norm/sqrt(4.*pi*1.6726e-24*ion_mass*n0_norm)/l0_norm)"
n0_norm,n0_norm,&inputnl,Normalizations,real,1.e14,109,unstructured/gradshafranov.f90(21); unstructured/particle.f90(15); unstructured/kprad_m3dc1.f90(12); unstructured/particle_com.f90(11); unstructured/pellet.f90(11); unstructured/init_common.f90(7); unstructured/input.f90(7); unstructured/transport.f90(7),"源码引用 109 处；主要在 `gradshafranov.f90` 21处, `particle.f90` 15处, `kprad_m3dc1.f90` 12处, `particle_com.f90` 11处。","unstructured/bootstrap.f90:1503: telec(i)=max(real(tet79(i,OP_1))*1e3/(1.6022e-9 * (4.*pi*n0_norm)/ (b0_norm**2)),eps_val)
unstructured/bootstrap.f90:1504: tion(i)=max(real(tit79(i,OP_1))*1e3/(1.6022e-9 * (4.*pi*n0_norm)/ (b0_norm**2)),eps_val)
unstructured/diagnostics.f90:1025: temp_pel(ip) = temp_pel(ip) + twopi*int2(temp79b,temp79a)*p0_norm/(1.6022e-12*n0_norm*tpifac)
unstructured/diagnostics.f90:1178: print *, "" particles injected = "", pellet_rate(ip)*dt*(n0_norm*l0_norm**3)
unstructured/gradshafranov.f90:569: yvals = yvals * 1.6022e-9 / (b0_norm**2/(4.*pi*n0_norm))
unstructured/gradshafranov.f90:576: yvals = yvals * 1.6022e-12 / (b0_norm**2/(4.*pi*n0_norm))
unstructured/gradshafranov.f90:584: yvals = yvals * 1.6022e-9 / (b0_norm**2/(4.*pi*n0_norm))
unstructured/gradshafranov.f90:596: yvals = yvals * 1.6022e-9 / (b0_norm**2/(4.*pi*n0_norm))
unstructured/gradshafranov.f90:605: yvals = yvals * 1.6022e-9 / (b0_norm**2/(4.*pi*n0_norm))
unstructured/gradshafranov.f90:657: yvals = yvals / n0_norm !rsae"
l0_norm,l0_norm,&inputnl,Normalizations,real,100.,53,unstructured/pellet.f90(19); unstructured/gradshafranov.f90(7); unstructured/input.f90(6); unstructured/diagnostics.f90(5); unstructured/kprad_m3dc1.f90(4); unstructured/neutral_beam.f90(4); unstructured/transport.f90(3); unstructured/init_conds.f90(2),"源码引用 53 处；主要在 `pellet.f90` 19处, `gradshafranov.f90` 7处, `input.f90` 6处, `diagnostics.f90` 5处。","unstructured/diagnostics.f90:1178: print *, "" particles injected = "", pellet_rate(ip)*dt*(n0_norm*l0_norm**3)
unstructured/diagnostics.f90:1179: print *, "" radius (in cm) = "", r_p(ip)*l0_norm
unstructured/diagnostics.f90:1182: print *, "" rpdot (in cm/s) = "", rpdot(ip)*l0_norm/t0_norm
unstructured/diagnostics.f90:1184: print *, "" R position: "", pellet_r(ip)*l0_norm
unstructured/diagnostics.f90:1186: print *, "" Z position: "", pellet_z(ip)*l0_norm
unstructured/gradshafranov.f90:437: yvals = yvals * 1e6 / (b0_norm*l0_norm)
unstructured/gradshafranov.f90:866: (b0_norm/sqrt(4.*pi*1.6726e-24*ion_mass*n0_norm)/l0_norm)
unstructured/gradshafranov.f90:874: (b0_norm/sqrt(4.*pi*1.6726e-24*ion_mass*n0_norm)/l0_norm)
unstructured/gradshafranov.f90:883: (b0_norm/sqrt(4.*pi*1.6726e-24*ion_mass*n0_norm)/l0_norm) &
unstructured/gradshafranov.f90:893: (b0_norm/sqrt(4.*pi*1.6726e-24*ion_mass*n0_norm)/l0_norm)"
nplanes,nplanes,&inputnl,Mesh,integer,1,113,unstructured/basic_mesh.f90(30); unstructured/diagnostics.f90(15); unstructured/input.f90(11); m3dc1_scorec/src/m3dc1_matrix.cc(10); unstructured/scorec_mesh.f90(9); unstructured/output.f90(8); unstructured/restart_hdf5.f90(8); unstructured/particle_com.f90(4),"源码引用 113 处；主要在 `basic_mesh.f90` 30处, `diagnostics.f90` 15处, `input.f90` 11处, `m3dc1_matrix.cc` 10处。","unstructured/adapt.f90:451: if (nplanes .gt. 1) then
unstructured/basic_mesh.f90:54: subroutine load_sms_mesh(nplanes, inodes, ielms, nodes, elms)
unstructured/basic_mesh.f90:85: write(*,*) ' nplanes = ', nplanes
unstructured/basic_mesh.f90:86: if(nplanes.gt.1) then
unstructured/basic_mesh.f90:87: ielms = ielmspp*nplanes
unstructured/basic_mesh.f90:88: inodes = inodespp*nplanes
unstructured/basic_mesh.f90:176: do i=2, nplanes
unstructured/basic_mesh.f90:178: nodes((i-1)*inodespp+1:i*inodespp)%Phi = (i-1.)*twopi/nplanes
unstructured/basic_mesh.f90:187: do i=2, nplanes
unstructured/basic_mesh.f90:195: elms((nplanes-1)*ielmspp+i)%inode(4:6) = elms(i)%inode(1:3)"
nperiods,nperiods,&inputnl,Mesh,integer,1,33,unstructured/physical_mesh.f90(15); unstructured/diagnostics.f90(11); unstructured/scorec_mesh.f90(6); unstructured/output.f90(1),"源码引用 33 处；主要在 `physical_mesh.f90` 15处, `diagnostics.f90` 11处, `scorec_mesh.f90` 6处, `output.f90` 1处。","unstructured/diagnostics.f90:698: tpifac = twopi/nperiods
unstructured/diagnostics.f90:699: tpirzero = tpirzero/nperiods
unstructured/diagnostics.f90:836: co = cos(phi_79*twopi/(toroidal_period*nperiods))
unstructured/diagnostics.f90:837: sn = sin(phi_79*twopi/(toroidal_period*nperiods))
unstructured/diagnostics.f90:3121: xm = xm*2.*pi/nperiods/toroidal_period
unstructured/diagnostics.f90:3122: x0 = x0*2.*pi/nperiods/toroidal_period
unstructured/diagnostics.f90:3123: xp = xp*2.*pi/nperiods/toroidal_period
unstructured/diagnostics.f90:3178: xm = xm*2.*pi/nperiods/toroidal_period
unstructured/diagnostics.f90:3179: x0 = x0*2.*pi/nperiods/toroidal_period
unstructured/diagnostics.f90:3180: xp = xp*2.*pi/nperiods/toroidal_period"
ifull_torus,ifull_torus,&inputnl,Mesh,integer,1,7,unstructured/diagnostics.f90(3); unstructured/scorec_mesh.f90(3); unstructured/output.f90(1),"源码引用 7 处；主要在 `diagnostics.f90` 3处, `scorec_mesh.f90` 3处, `output.f90` 1处。","unstructured/diagnostics.f90:697: if(ifull_torus.eq.0) then
unstructured/diagnostics.f90:832: if(ifull_torus.eq.1) then
unstructured/diagnostics.f90:3593: if(ifull_torus.eq.1) then
unstructured/output.f90:842: call write_int_attr(mesh_group_id, ""ifull_torus"", ifull_torus, error)
unstructured/scorec_mesh.f90:103: if (mod(nfp, nperiods).ne.0 .and. ifull_torus.eq.0) then
unstructured/scorec_mesh.f90:114: if(ifull_torus.eq.0 .and. nperiods.ne.1) then
unstructured/scorec_mesh.f90:117: else if(ifull_torus.eq.1 .or. nperiods.eq.1) then"
iread_vmec,iread_vmec,&inputnl,Mesh,integer,0,6,unstructured/init_conds.f90(3); unstructured/physical_mesh.f90(2); unstructured/scorec_mesh.f90(1),"源码引用 6 处；主要在 `init_conds.f90` 3处, `physical_mesh.f90` 2处, `scorec_mesh.f90` 1处。","unstructured/init_conds.f90:641: if (igeometry.eq.1 .and. iread_vmec.eq.1 .and. bloat_factor.eq.0) then
unstructured/init_conds.f90:645: 'VMEC equilibrium needs igeometry=1, iread_vmec=1, and bloat_factor=0!'
unstructured/init_conds.f90:697: if(igeometry.eq.1 .and. iread_vmec.ge.1) then
unstructured/physical_mesh.f90:71: if (iread_vmec.ge.1) then ! use VMEC surfaces to calculate geometry
unstructured/physical_mesh.f90:234: if (iread_vmec.ge.1) then
unstructured/scorec_mesh.f90:101: if (iread_vmec.ge.1) then ! read geometry from VMEC file"
vmec_filename,vmec_filename,&inputnl,Mesh,character(len=256),geometry.nc,4,unstructured/read_schaffer_field.f90(2); unstructured/read_vmec.f90(1); unstructured/rmp.f90(1),"源码引用 4 处；主要在 `read_schaffer_field.f90` 2处, `read_vmec.f90` 1处, `rmp.f90` 1处。","unstructured/read_schaffer_field.f90:676: subroutine load_mgrid_field(sf, mgrid_filename, vmec_filename, error)
unstructured/read_schaffer_field.f90:800: c_filename = trim(vmec_filename) // c_null_char
unstructured/read_vmec.f90:218: c_filename = trim(vmec_filename) // c_null_char
unstructured/rmp.f90:150: call load_mgrid_field(sf(iread_ext_field), field_name, vmec_filename, ierr)"
igeometry,igeometry,&inputnl,Mesh,integer,0,39,unstructured/newpar.f90(6); unstructured/scorec_mesh.f90(6); unstructured/transport.f90(6); unstructured/init_common.f90(5); unstructured/gradshafranov.f90(4); unstructured/init_conds.f90(3); unstructured/geometry.f90(2); unstructured/output.f90(2),"源码引用 39 处；主要在 `newpar.f90` 6处, `scorec_mesh.f90` 6处, `transport.f90` 6处, `init_common.f90` 5处。","unstructured/diagnostics.f90:1271: if (igeometry.ge.1) return
unstructured/geometry.f90:40: select case(igeometry)
unstructured/geometry.f90:148: if (igeometry.eq.1) then
unstructured/gradshafranov.f90:1982: if (igeometry.eq.1) then ! use physical coordinates of magnetic axis
unstructured/gradshafranov.f90:2103: if (igeometry.eq.1) then ! use physical coordinates of magnetic axis
unstructured/gradshafranov.f90:2118: if (igeometry.eq.1) then ! use physical coordinates of magnetic axis
unstructured/gradshafranov.f90:2173: if (igeometry.eq.1) then ! use physical coordinates
unstructured/init_common.f90:174: if(igeometry.eq.1) then
unstructured/init_common.f90:335: if(igeometry.eq.1) then
unstructured/init_common.f90:340: if(myrank.eq.0) print *, 'idenfunc = 21 requires igeometry = 1'"
xcenter,xcenter,&inputnl,Mesh,real,0.,19,unstructured/init_common.f90(9); unstructured/transport.f90(5); unstructured/physical_mesh.f90(3); unstructured/init_vmec.f90(2),"源码引用 19 处；主要在 `init_common.f90` 9处, `transport.f90` 5处, `physical_mesh.f90` 3处, `init_vmec.f90` 2处。","unstructured/init_common.f90:336: temp79b = sqrt((xl_79-xcenter)**2 + (zl_79-zcenter)**2 + regular**2)
unstructured/init_common.f90:346: temp79b = (xl_79-xcenter)**2 + (zl_79-zcenter)**2 + regular**2
unstructured/init_common.f90:503: temp79b = (xl_79-xcenter)**2 + (zl_79-zcenter)**2
unstructured/init_common.f90:529: temp79b = (xl_79-xcenter)**2 + (zl_79-zcenter)**2
unstructured/init_common.f90:545: temp79b = (xl_79-xcenter)**2 + (zl_79-zcenter)**2
unstructured/init_common.f90:586: temp79b = (xl_79 - xcenter)**2 + (zl_79 - zcenter)**2
unstructured/init_common.f90:629: temp79b = (xl_79 - xcenter)**2 + (zl_79 - zcenter)**2
unstructured/init_common.f90:653: temp79b = (xl_79 - xcenter)**2 + (zl_79 - zcenter)**2
unstructured/init_common.f90:678: temp79b = sqrt((xl_79-xcenter)**2 + (zl_79-zcenter)**2+1e-8)
unstructured/init_vmec.f90:313: r = sqrt((x - xcenter)**2 + (z - zcenter)**2 + regular**2)"
zcenter,zcenter,&inputnl,Mesh,real,0.,19,unstructured/init_common.f90(9); unstructured/transport.f90(5); unstructured/physical_mesh.f90(3); unstructured/init_vmec.f90(2),"源码引用 19 处；主要在 `init_common.f90` 9处, `transport.f90` 5处, `physical_mesh.f90` 3处, `init_vmec.f90` 2处。","unstructured/init_common.f90:336: temp79b = sqrt((xl_79-xcenter)**2 + (zl_79-zcenter)**2 + regular**2)
unstructured/init_common.f90:346: temp79b = (xl_79-xcenter)**2 + (zl_79-zcenter)**2 + regular**2
unstructured/init_common.f90:503: temp79b = (xl_79-xcenter)**2 + (zl_79-zcenter)**2
unstructured/init_common.f90:529: temp79b = (xl_79-xcenter)**2 + (zl_79-zcenter)**2
unstructured/init_common.f90:545: temp79b = (xl_79-xcenter)**2 + (zl_79-zcenter)**2
unstructured/init_common.f90:586: temp79b = (xl_79 - xcenter)**2 + (zl_79 - zcenter)**2
unstructured/init_common.f90:629: temp79b = (xl_79 - xcenter)**2 + (zl_79 - zcenter)**2
unstructured/init_common.f90:653: temp79b = (xl_79 - xcenter)**2 + (zl_79 - zcenter)**2
unstructured/init_common.f90:678: temp79b = sqrt((xl_79-xcenter)**2 + (zl_79-zcenter)**2+1e-8)
unstructured/init_vmec.f90:313: r = sqrt((x - xcenter)**2 + (z - zcenter)**2 + regular**2)"
bloat_factor,bloat_factor,&inputnl,Mesh,real,0.,7,unstructured/read_vmec.f90(5); unstructured/init_conds.f90(2),"源码引用 7 处；主要在 `read_vmec.f90` 5处, `init_conds.f90` 2处。","unstructured/init_conds.f90:641: if (igeometry.eq.1 .and. iread_vmec.eq.1 .and. bloat_factor.eq.0) then
unstructured/init_conds.f90:645: 'VMEC equilibrium needs igeometry=1, iread_vmec=1, and bloat_factor=0!'
unstructured/read_vmec.f90:68: if(bloat_factor.ne.0 .or. bloat_distance.ne.0) then
unstructured/read_vmec.f90:118: if(bloat_factor.ne.0 .or. bloat_distance.ne.0) then
unstructured/read_vmec.f90:662: bloat_factor = 0 ! bloat_distance overrides bloat_factor
unstructured/read_vmec.f90:664: else if(bloat_factor.ne.0) then
unstructured/read_vmec.f90:667: s_bloat = s_vmec*bloat_factor**2"
bloat_distance,bloat_distance,&inputnl,Mesh,real,0.,6,unstructured/read_vmec.f90(6),源码引用 6 处；主要在 `read_vmec.f90` 6处。,"unstructured/read_vmec.f90:68: if(bloat_factor.ne.0 .or. bloat_distance.ne.0) then
unstructured/read_vmec.f90:118: if(bloat_factor.ne.0 .or. bloat_distance.ne.0) then
unstructured/read_vmec.f90:651: if(bloat_distance.ne.0) then
unstructured/read_vmec.f90:653: + bloat_distance*sqrt(s_vmec(i))*dz/sqrt(dz**2+dr**2)
unstructured/read_vmec.f90:655: - bloat_distance*sqrt(s_vmec(i))*dr/sqrt(dz**2+dr**2)
unstructured/read_vmec.f90:661: if(bloat_distance.ne.0) then"
nzer_factor,nzer_factor,&inputnl,Mesh,integer,-1,2,unstructured/read_vmec.f90(2),源码引用 2 处；主要在 `read_vmec.f90` 2处。,"unstructured/read_vmec.f90:128: if(nzer_factor.ge.0 .and. nzer_manual.lt.0) then
unstructured/read_vmec.f90:129: n_zer = m_pol*nzer_factor"
nzer_manual,nzer_manual,&inputnl,Mesh,integer,-1,3,unstructured/read_vmec.f90(3),源码引用 3 处；主要在 `read_vmec.f90` 3处。,"unstructured/read_vmec.f90:124: if(nzer_manual.ge.0 .and. nzer_manual.ge.n_zer) then
unstructured/read_vmec.f90:125: n_zer = nzer_manual
unstructured/read_vmec.f90:128: if(nzer_factor.ge.0 .and. nzer_manual.lt.0) then"
iread_planes,iread_planes,&inputnl,Mesh,integer,0,1,unstructured/scorec_mesh.f90(1),源码引用 1 处；主要在 `scorec_mesh.f90` 1处。,unstructured/scorec_mesh.f90:143: if(iread_planes.eq.1) then
xzero,xzero,&inputnl,Mesh,real,0.,32,unstructured/init_gmode.f90(6); unstructured/init_mri.f90(6); unstructured/read_jsolver.f90(3); unstructured/scorec_mesh.f90(3); unstructured/diagnostics.f90(2); unstructured/rmp.f90(2); unstructured/basic_mesh.f90(1); unstructured/geometry.f90(1),"源码引用 32 处；主要在 `init_gmode.f90` 6处, `init_mri.f90` 6处, `read_jsolver.f90` 3处, `scorec_mesh.f90` 3处。","unstructured/basic_mesh.f90:120: nodes(i)%R = nodes(i)%R + xzero
unstructured/diagnostics.f90:638: xrel = xzero
unstructured/diagnostics.f90:643: xrel = alx/2. + xzero
unstructured/geometry.f90:197: theta = atan2(z - zzero, x - xzero)
unstructured/init_common.f90:60: xx = x - xzero
unstructured/init_conds.f90:133: xx = x - xzero
unstructured/init_force_free.f90:26: x = x - alx*.5 - xzero
unstructured/init_gem.f90:33: x = x - alx*.5 - xzero
unstructured/init_gmode.f90:113: den1_l(1) = eps*sin(kx*(x-xzero))*sin(kz*(z-zzero))
unstructured/init_gmode.f90:114: den1_l(2) = eps*cos(kx*(x-xzero))*sin(kz*(z-zzero))*kx"
zzero,zzero,&inputnl,Mesh,real,0.,28,unstructured/init_gmode.f90(6); unstructured/init_mri.f90(6); unstructured/scorec_mesh.f90(3); unstructured/diagnostics.f90(2); unstructured/rmp.f90(2); unstructured/basic_mesh.f90(1); unstructured/geometry.f90(1); unstructured/init_common.f90(1),"源码引用 28 处；主要在 `init_gmode.f90` 6处, `init_mri.f90` 6处, `scorec_mesh.f90` 3处, `diagnostics.f90` 2处。","unstructured/basic_mesh.f90:121: nodes(i)%Z = nodes(i)%Z + zzero
unstructured/diagnostics.f90:639: zrel = alz/2. + zzero
unstructured/diagnostics.f90:644: zrel = alz/2. + zzero
unstructured/geometry.f90:197: theta = atan2(z - zzero, x - xzero)
unstructured/init_common.f90:61: zz = z - zzero
unstructured/init_conds.f90:134: zz = z - zzero
unstructured/init_force_free.f90:27: z = z - alz*.5 - zzero
unstructured/init_gem.f90:34: z = z - alz*.5 - zzero
unstructured/init_gmode.f90:113: den1_l(1) = eps*sin(kx*(x-xzero))*sin(kz*(z-zzero))
unstructured/init_gmode.f90:114: den1_l(2) = eps*cos(kx*(x-xzero))*sin(kz*(z-zzero))*kx"
tiltangled,tiltangled,&inputnl,Mesh,real,0.,1,unstructured/scorec_mesh.f90(1),源码引用 1 处；主要在 `scorec_mesh.f90` 1处。,unstructured/scorec_mesh.f90:954: angler = tiltangled*pi/180.
mesh_filename,mesh_filename,&inputnl,Mesh,character(len=256),struct-dmg.sms,3,unstructured/scorec_mesh.f90(3),源码引用 3 处；主要在 `scorec_mesh.f90` 3处。,"unstructured/scorec_mesh.f90:27: character(len=256) mesh_filename
unstructured/scorec_mesh.f90:139: write(name_buff,""(A,A)"") mesh_filename(1:len_trim(mesh_filename)),0
unstructured/scorec_mesh.f90:203: write(name_buff,""(A,A)"") mesh_filename(1:len_trim(mesh_filename)),0"
mesh_model,mesh_model,&inputnl,Mesh,character(len=256),struct.dmg,3,unstructured/scorec_mesh.f90(3),源码引用 3 处；主要在 `scorec_mesh.f90` 3处。,"unstructured/scorec_mesh.f90:26: character(len=256) mesh_model
unstructured/scorec_mesh.f90:137: write(name_buff,""(A,A)"") mesh_model(1:len_trim(mesh_model)),0
unstructured/scorec_mesh.f90:197: write(name_buff,""(A,A)"") mesh_model(1:len_trim(mesh_model)),0"
model_info,model_info,&inputnl,Mesh,character(len=256),dummyInfo,3,unstructured/scorec_mesh.f90(2); m3dc1_scorec/api/m3dc1_scorec.cc(1),"源码引用 3 处；主要在 `scorec_mesh.f90` 2处, `m3dc1_scorec.cc` 1处。","unstructured/scorec_mesh.f90:28: character(len=256) model_info
unstructured/scorec_mesh.f90:200: write(name_buff,""(A,A)"") model_info(1:len_trim(model_info)),0
m3dc1_scorec/api/m3dc1_scorec.cc:929: std::cout << ""Make sure to provide model_info file since model is .dmg\n"";"
ipartitioned,ipartitioned,&inputnl,Mesh,integer,0,0,,未发现除注册/声明外的源码引用；可能是废弃参数、条件编译路径参数，或仅由外部工具/库间接使用。,
imatassemble,imatassemble,&inputnl,Mesh,integer,0,1,unstructured/newpar.f90(1),源码引用 1 处；主要在 `newpar.f90` 1处。,unstructured/newpar.f90:175: call m3dc1_matrix_setassembleoption(imatassemble)
is1_agg_blks,is1_agg_blk_cnt,&inputnl,Mesh,integer,1,2,unstructured/time_step_split.f90(1); unstructured/time_step_unsplit.f90(1),"源码引用 2 处；主要在 `time_step_split.f90` 1处, `time_step_unsplit.f90` 1处。","unstructured/time_step_split.f90:192: call create_mat(s1_mat, vecsize_vel, vecsize_vel, icomplex, 1, is1_agg_blk_cnt, is1_agg_scp)
unstructured/time_step_unsplit.f90:59: call create_mat(s1_mat, vecsize_phi, vecsize_phi, icomplex, 1, is1_agg_blk_cnt, is1_agg_scp)"
is1_agg_scp,is1_agg_scp,&inputnl,Mesh,integer,0,2,unstructured/time_step_split.f90(1); unstructured/time_step_unsplit.f90(1),"源码引用 2 处；主要在 `time_step_split.f90` 1处, `time_step_unsplit.f90` 1处。","unstructured/time_step_split.f90:192: call create_mat(s1_mat, vecsize_vel, vecsize_vel, icomplex, 1, is1_agg_blk_cnt, is1_agg_scp)
unstructured/time_step_unsplit.f90:59: call create_mat(s1_mat, vecsize_phi, vecsize_phi, icomplex, 1, is1_agg_blk_cnt, is1_agg_scp)"
imulti_region,imulti_region,&inputnl,Mesh,integer,0,50,unstructured/metricterms_new_gpu.f90(39); unstructured/scorec_mesh.f90(5); unstructured/adapt.f90(1); unstructured/diagnostics.f90(1); unstructured/gradshafranov.f90(1); unstructured/init_eqdsk.f90(1); unstructured/input.f90(1); unstructured/output.f90(1),"源码引用 50 处；主要在 `metricterms_new_gpu.f90` 39处, `scorec_mesh.f90` 5处, `adapt.f90` 1处, `diagnostics.f90` 1处。","unstructured/adapt.f90:153: if(imulti_region.eq.1) then
unstructured/diagnostics.f90:841: if(imulti_region.eq.1 .and. izone.eq.ZONE_CONDUCTOR) then
unstructured/gradshafranov.f90:1137: if(imulti_region.eq.1) then
unstructured/init_eqdsk.f90:80: if(iread_eqdsk.eq.3 .or. idevice.eq.-1 .or. imulti_region.eq.1) then
unstructured/input.f90:1584: if(imulti_region.eq.1) then
unstructured/metricterms_new_gpu.f90:8646: if(inocurrent_pol.eq.1 .and. imulti_region.eq.0) then
unstructured/metricterms_new_gpu.f90:8675: if(inocurrent_pol.eq.1 .and. imulti_region.eq.0) then
unstructured/metricterms_new_gpu.f90:8704: if(inocurrent_pol.eq.1 .and. imulti_region.eq.0) then
unstructured/metricterms_new_gpu.f90:8738: if(inocurrent_tor.eq.1 .and. imulti_region.eq.0) then
unstructured/metricterms_new_gpu.f90:8768: if(inocurrent_tor.eq.1 .and. imulti_region.eq.0) then"
toroidal_pack_factor,toroidal_pack_factor,&inputnl,Mesh,real,1.,2,unstructured/scorec_mesh.f90(2),源码引用 2 处；主要在 `scorec_mesh.f90` 2处。,"unstructured/scorec_mesh.f90:163: if(toroidal_pack_factor.gt.1. .and. i.gt.0) then
unstructured/scorec_mesh.f90:164: beta = 2.*sqrt(alog(toroidal_pack_factor))"
toroidal_pack_angle,toroidal_pack_angle,&inputnl,Mesh,real,0.,1,unstructured/scorec_mesh.f90(1),源码引用 1 处；主要在 `scorec_mesh.f90` 1处。,unstructured/scorec_mesh.f90:165: angle = toroidal_pack_angle + &
boundary_type,boundary_type,&inputnl,Mesh,integer array,0,20,unstructured/scorec_mesh.f90(17); unstructured/output.f90(3),"源码引用 20 处；主要在 `scorec_mesh.f90` 17处, `output.f90` 3处。","unstructured/output.f90:853: if(is_edge(1).ne.0) bound = bound + 1. + boundary_type(is_edge(1))*2**3
unstructured/output.f90:854: if(is_edge(2).ne.0) bound = bound + 2. + boundary_type(is_edge(2))*2**7
unstructured/output.f90:855: if(is_edge(3).ne.0) bound = bound + 4. + boundary_type(is_edge(3))*2**11
unstructured/scorec_mesh.f90:93: boundary_type(1) = BOUND_ANY
unstructured/scorec_mesh.f90:214: boundary_type(:) = BOUND_UNKNOWN
unstructured/scorec_mesh.f90:231: boundary_type(edges(j)) = BOUND_FIRSTWALL
unstructured/scorec_mesh.f90:249: boundary_type(edges(j)) = BOUND_DOMAIN
unstructured/scorec_mesh.f90:256: if(boundary_type(1).eq.BOUND_UNKNOWN) then
unstructured/scorec_mesh.f90:258: print *, 'Error: boundary_type(1) is not set'
unstructured/scorec_mesh.f90:261: if(.not.any(boundary_type(:).eq.BOUND_DOMAIN) .and. &"
zone_type,zone_type,&inputnl,Mesh,integer array,0,15,unstructured/scorec_mesh.f90(9); unstructured/diagnostics.f90(4); unstructured/transport.f90(2),"源码引用 15 处；主要在 `scorec_mesh.f90` 9处, `diagnostics.f90` 4处, `transport.f90` 2处。","unstructured/diagnostics.f90:824: izone = zone_type(izone_ind)
unstructured/diagnostics.f90:1227: izone = zone_type(izone_ind)
unstructured/diagnostics.f90:2628: izone = zone_type(izone_ind)
unstructured/diagnostics.f90:2996: izone = zone_type(izone_ind)
unstructured/scorec_mesh.f90:95: zone_type(1) = ZONE_PLASMA
unstructured/scorec_mesh.f90:267: if(zone_type(1).eq.ZONE_UNKNOWN) then
unstructured/scorec_mesh.f90:269: print *, 'Error: zone_type(1) is not set'
unstructured/scorec_mesh.f90:276: print *, 'ERROR: Default boundary_type and zone_type are no longer assigned'
unstructured/scorec_mesh.f90:284: print *, 'zone_type(i) = '
unstructured/scorec_mesh.f90:298: print *, ' zone_type(1) = 1 ! Plasma'"
iread_eqdsk,iread_eqdsk,&inputnl,Input,integer,0,10,unstructured/init_eqdsk.f90(6); unstructured/gradshafranov.f90(2); unstructured/init_conds.f90(1); unstructured/input.f90(1),"源码引用 10 处；主要在 `init_eqdsk.f90` 6处, `gradshafranov.f90` 2处, `init_conds.f90` 1处, `input.f90` 1处。","unstructured/gradshafranov.f90:1166: if(iread_eqdsk .eq. 1) psilim = psibound
unstructured/gradshafranov.f90:1274: if(iread_eqdsk.ne.1 .or. itnum.gt.1) then
unstructured/init_conds.f90:535: if(iread_eqdsk.ge.1) then
unstructured/init_eqdsk.f90:33: if(myrank.eq.0 .and. iprint.gt.0) print *, ""before load_eqdsk"", iread_eqdsk
unstructured/init_eqdsk.f90:77: if(iread_eqdsk.eq.3 .and. ifixedb.eq.0) then
unstructured/init_eqdsk.f90:80: if(iread_eqdsk.eq.3 .or. idevice.eq.-1 .or. imulti_region.eq.1) then
unstructured/init_eqdsk.f90:86: if(iread_eqdsk.eq.3) then
unstructured/init_eqdsk.f90:179: if(iread_eqdsk.eq.2) then
unstructured/init_eqdsk.f90:236: if(iread_eqdsk.eq.1 .or. iread_eqdsk.eq.2) then
unstructured/input.f90:1577: if(iread_eqdsk.ne.0 .and. igs_extend_p.eq.0 .and. irot.le.0) then"
iread_dskbal,iread_dskbal,&inputnl,Input,integer,0,2,unstructured/init_conds.f90(1); unstructured/init_dskbal.f90(1),"源码引用 2 处；主要在 `init_conds.f90` 1处, `init_dskbal.f90` 1处。","unstructured/init_conds.f90:537: else if(iread_dskbal.ge.1) then
unstructured/init_dskbal.f90:60: if(iread_dskbal.eq.2) then"
iread_jsolver,iread_jsolver,&inputnl,Input,integer,0,2,unstructured/init_conds.f90(1); unstructured/init_jsolver.f90(1),"源码引用 2 处；主要在 `init_conds.f90` 1处, `init_jsolver.f90` 1处。","unstructured/init_conds.f90:539: else if(iread_jsolver.ge.1) then
unstructured/init_jsolver.f90:77: if(iread_jsolver.eq.2) then"
iread_omega,iread_omega,&inputnl,Input,integer,0,10,unstructured/input.f90(6); unstructured/gradshafranov.f90(2); unstructured/init_cyl.f90(2),"源码引用 10 处；主要在 `input.f90` 6处, `gradshafranov.f90` 2处, `init_cyl.f90` 2处。","unstructured/gradshafranov.f90:472: if(iread_te.eq.20 .or. iread_ne.eq.20 .or. iread_omega.eq.20) then
unstructured/gradshafranov.f90:857: select case(iread_omega)
unstructured/init_cyl.f90:110: if(iread_omega.eq.1) then
unstructured/init_cyl.f90:229: if(iread_omega.eq.0) then
unstructured/input.f90:230: ""Read electron rotation (same options as iread_omega)"", input_grp)
unstructured/input.f90:232: ""Read ExB rotation (same options as iread_omega)"", input_grp)
unstructured/input.f90:1615: if(iread_omega .ne. 0) then
unstructured/input.f90:1619: iread_omega = iread_omega_e
unstructured/input.f90:1622: if(iread_omega .ne. 0) then
unstructured/input.f90:1626: iread_omega = iread_omega_ExB"
iread_omega_e,iread_omega_e,&inputnl,Input,integer,0,4,unstructured/gradshafranov.f90(2); unstructured/input.f90(2),"源码引用 4 处；主要在 `gradshafranov.f90` 2处, `input.f90` 2处。","unstructured/gradshafranov.f90:962: if((iread_omega_e.ne.0 .or. iread_omega_ExB.ne.0) .and. db.ne.0.) then
unstructured/gradshafranov.f90:980: if(iread_omega_e.ne.0) then
unstructured/input.f90:1614: if(iread_omega_e .ne. 0) then
unstructured/input.f90:1619: iread_omega = iread_omega_e"
iread_omega_ExB,iread_omega_ExB,&inputnl,Input,integer,0,4,unstructured/gradshafranov.f90(2); unstructured/input.f90(2),"源码引用 4 处；主要在 `gradshafranov.f90` 2处, `input.f90` 2处。","unstructured/gradshafranov.f90:962: if((iread_omega_e.ne.0 .or. iread_omega_ExB.ne.0) .and. db.ne.0.) then
unstructured/gradshafranov.f90:985: else if(iread_omega_ExB.ne.0) then
unstructured/input.f90:1621: if(iread_omega_ExB .ne. 0) then
unstructured/input.f90:1626: iread_omega = iread_omega_ExB"
iread_ne,iread_ne,&inputnl,Input,integer,0,18,unstructured/init_common.f90(6); unstructured/init_vmec.f90(5); unstructured/gradshafranov.f90(3); unstructured/init_cyl.f90(2); unstructured/input.f90(2),"源码引用 18 处；主要在 `init_common.f90` 6处, `init_vmec.f90` 5处, `gradshafranov.f90` 3处, `init_cyl.f90` 2处。","unstructured/gradshafranov.f90:472: if(iread_te.eq.20 .or. iread_ne.eq.20 .or. iread_omega.eq.20) then
unstructured/gradshafranov.f90:713: if(iread_ne.ne.0) then
unstructured/gradshafranov.f90:732: select case(iread_ne)
unstructured/init_common.f90:260: .and. .not.(iread_ne.eq.22).and. .not.(iread_ne.eq.23)) return
unstructured/init_common.f90:271: if (iread_ne .eq. 22) then
unstructured/init_common.f90:283: if (iread_ne .eq. 23) then
unstructured/init_common.f90:304: if(iread_ne.eq.0) then
unstructured/init_common.f90:344: elseif(iread_ne .eq. 22) then
unstructured/init_common.f90:353: elseif(iread_ne .eq. 23) then
unstructured/init_cyl.f90:130: if(iread_ne.eq.1) then"
iread_te,iread_te,&inputnl,Input,integer,0,11,unstructured/init_vmec.f90(5); unstructured/gradshafranov.f90(2); unstructured/init_cyl.f90(2); unstructured/input.f90(2),"源码引用 11 处；主要在 `init_vmec.f90` 5处, `gradshafranov.f90` 2处, `init_cyl.f90` 2处, `input.f90` 2处。","unstructured/gradshafranov.f90:472: if(iread_te.eq.20 .or. iread_ne.eq.20 .or. iread_omega.eq.20) then
unstructured/gradshafranov.f90:561: select case(iread_te)
unstructured/init_cyl.f90:148: if(iread_te.eq.1) then
unstructured/init_cyl.f90:244: else if(iread_te.eq.1) then
unstructured/init_vmec.f90:75: if(iread_te.eq.21) then
unstructured/init_vmec.f90:177: if(iread_te.eq.21) then
unstructured/init_vmec.f90:208: if(iread_te.eq.21) then
unstructured/init_vmec.f90:246: if(iread_te.eq.21) then
unstructured/init_vmec.f90:330: else if(iread_te.eq.21) then
unstructured/input.f90:1701: if(iread_te.ne.0) then"
iread_p,iread_p,&inputnl,Input,integer,0,11,unstructured/init_vmec.f90(7); unstructured/init_cyl.f90(3); unstructured/gradshafranov.f90(1),"源码引用 11 处；主要在 `init_vmec.f90` 7处, `init_cyl.f90` 3处, `gradshafranov.f90` 1处。","unstructured/gradshafranov.f90:397: select case(iread_p)
unstructured/init_cyl.f90:72: if(iread_p.eq.1) then
unstructured/init_cyl.f90:209: if(iread_p.eq.0) then
unstructured/init_cyl.f90:247: if(iread_p.eq.1) then
unstructured/init_vmec.f90:87: if(iread_p.eq.21) then
unstructured/init_vmec.f90:162: if(iread_p.eq.21) then
unstructured/init_vmec.f90:191: if(iread_p.eq.21) then
unstructured/init_vmec.f90:217: if(iread_p.eq.21) then
unstructured/init_vmec.f90:250: if(iread_p.eq.21) then
unstructured/init_vmec.f90:320: if(iread_p.eq.21) then"
iread_f,iread_f,&inputnl,Input,integer,0,3,unstructured/init_cyl.f90(2); unstructured/gradshafranov.f90(1),"源码引用 3 处；主要在 `init_cyl.f90` 2处, `gradshafranov.f90` 1处。","unstructured/gradshafranov.f90:429: select case(iread_f)
unstructured/init_cyl.f90:91: if(iread_f.eq.1) then
unstructured/init_cyl.f90:219: if(iread_f.eq.0) then"
iread_j,iread_j,&inputnl,Input,integer,0,2,unstructured/init_cyl.f90(2),源码引用 2 处；主要在 `init_cyl.f90` 2处。,"unstructured/init_cyl.f90:54: if(iread_j.eq.1) then
unstructured/init_cyl.f90:198: if(iread_j.eq.0) then"
iread_heatsource,iread_heatsource,&inputnl,Input,integer,0,2,unstructured/input.f90(1); unstructured/transport.f90(1),"源码引用 2 处；主要在 `input.f90` 1处, `transport.f90` 1处。","unstructured/input.f90:1670: iread_heatsource.eq.1 .or. &
unstructured/transport.f90:639: if(iread_heatsource.eq.1) then"
iread_particlesource,iread_particlesource,&inputnl,Input,integer,0,2,unstructured/input.f90(1); unstructured/transport.f90(1),"源码引用 2 处；主要在 `input.f90` 1处, `transport.f90` 1处。","unstructured/input.f90:1663: .or. ibeam.eq.2 .or. iread_particlesource.eq.1 &
unstructured/transport.f90:366: if(iread_particlesource.eq.1) then"
iread_neo,iread_neo,&inputnl,Input,integer,0,2,unstructured/init_conds.f90(2),源码引用 2 处；主要在 `init_conds.f90` 2处。,"unstructured/init_conds.f90:530: if(iread_neo.eq.1) then
unstructured/init_conds.f90:661: if(iread_neo.eq.1) then"
ineo_subtract_diamag,ineo_subtract_diamag,&inputnl,Input,integer,0,7,unstructured/init_conds.f90(7),源码引用 7 处；主要在 `init_conds.f90` 7处。,"unstructured/init_conds.f90:317: if(db.ne.0. .and. ineo_subtract_diamag.eq.1) call create_field(diamag)
unstructured/init_conds.f90:332: if(db.ne.0. .and. ineo_subtract_diamag.eq.1) then
unstructured/init_conds.f90:432: if(db.ne.0. .and. ineo_subtract_diamag.eq.1) then
unstructured/init_conds.f90:445: if(db.ne.0. .and. ineo_subtract_diamag.eq.1) then
unstructured/init_conds.f90:451: if(db.ne.0. .and. ineo_subtract_diamag.eq.1) call sum_shared(diamag%vec)
unstructured/init_conds.f90:461: if(db.ne.0. .and. ineo_subtract_diamag.eq.1) then
unstructured/init_conds.f90:479: if(db.ne.0. .and. ineo_subtract_diamag.eq.1) call destroy_field(diamag)"
itaylor,itaylor,&inputnl,Equilibrium,integer,0,20,unstructured/transport.f90(4); unstructured/init_basicj.f90(3); unstructured/init_basicq.f90(3); unstructured/init_conds.f90(3); unstructured/rmp.f90(3); unstructured/ludef_t.f90(2); unstructured/output.f90(1); unstructured/restart_hdf5.f90(1),"源码引用 20 处；主要在 `transport.f90` 4处, `init_basicj.f90` 3处, `init_basicq.f90` 3处, `init_conds.f90` 3处。","unstructured/init_basicj.f90:34: select case(itaylor)
unstructured/init_basicj.f90:81: select case(itaylor)
unstructured/init_basicj.f90:122: select case(itaylor)
unstructured/init_basicq.f90:35: itaylor_qp = itaylor
unstructured/init_basicq.f90:106: if(itaylor.eq.22) call setupLZeqbm
unstructured/init_basicq.f90:185: if(itaylor.eq.27) then
unstructured/init_conds.f90:544: select case(itaylor)
unstructured/init_conds.f90:598: select case(itaylor)
unstructured/init_conds.f90:689: if(itaylor.eq.41 .and. extsubtract.eq.0) then
unstructured/ludef_t.f90:3523: if(iheat_sink.eq.1 .and. itaylor.eq.27) then"
iupstream,iupstream,&inputnl,Equilibrium,integer,0,25,unstructured/metricterms_new.f90(12); unstructured/metricterms_new_gpu.f90(9); unstructured/parallel_heat_flux.f90(4),"源码引用 25 处；主要在 `metricterms_new.f90` 12处, `metricterms_new_gpu.f90` 9处, `parallel_heat_flux.f90` 4处。","unstructured/metricterms_new.f90:6106: if(iupstream.eq.1) then
unstructured/metricterms_new.f90:6109: elseif(iupstream.eq.2) then
unstructured/metricterms_new.f90:6139: if(iupstream.eq.1) then
unstructured/metricterms_new.f90:6147: elseif(iupstream.eq.2) then
unstructured/metricterms_new.f90:7547: if(iupstream.eq.1) then
unstructured/metricterms_new.f90:7550: elseif(iupstream.eq.2) then
unstructured/metricterms_new.f90:8702: if(iupstream.eq.1) then
unstructured/metricterms_new.f90:8707: if(iupstream.eq.2) then
unstructured/metricterms_new.f90:8770: if(iupstream.eq.1) then
unstructured/metricterms_new.f90:8775: if(iupstream.eq.2) then"
magus,magus,&inputnl,Equilibrium,real,5.e-2,25,unstructured/metricterms_new.f90(12); unstructured/metricterms_new_gpu.f90(9); unstructured/parallel_heat_flux.f90(4),"源码引用 25 处；主要在 `metricterms_new.f90` 12处, `metricterms_new_gpu.f90` 9处, `parallel_heat_flux.f90` 4处。","unstructured/metricterms_new.f90:6107: temp79a = abs(h(:,OP_1))*magus
unstructured/metricterms_new.f90:6110: temp79a = abs(h(:,OP_1))*magus
unstructured/metricterms_new.f90:6140: temp79a = abs(h(:,OP_1))*magus
unstructured/metricterms_new.f90:6148: temp79a = abs(h(:,OP_1))*magus
unstructured/metricterms_new.f90:7548: temp79a = abs(h(:,OP_1))*magus
unstructured/metricterms_new.f90:7551: temp79a = abs(h(:,OP_1))*magus
unstructured/metricterms_new.f90:8703: temp79a = temp79a + abs(i(:,OP_1))*magus
unstructured/metricterms_new.f90:8708: temp79a = abs(i(:,OP_1))*magus
unstructured/metricterms_new.f90:8771: temp79a = temp79a + abs(h(:,OP_1))*magus
unstructured/metricterms_new.f90:8776: temp79a = abs(h(:,OP_1))*magus"
iflip,iflip,&inputnl,Equilibrium,integer,0,2,unstructured/input.f90(1); unstructured/newpar.f90(1),"源码引用 2 处；主要在 `input.f90` 1处, `newpar.f90` 1处。","unstructured/input.f90:1571: if(iflip.eq.1) then
unstructured/newpar.f90:237: if(iflip.eq.1) then"
iflip_b,iflip_b,&inputnl,Equilibrium,integer,0,2,unstructured/init_conds.f90(1); unstructured/rmp.f90(1),"源码引用 2 处；主要在 `init_conds.f90` 1处, `rmp.f90` 1处。","unstructured/init_conds.f90:713: if(iflip_b.eq.1) call mult(bz_field(0), -1.)
unstructured/rmp.f90:669: if(iflip_b.eq.1) then"
iflip_j,iflip_j,&inputnl,Equilibrium,integer,0,6,unstructured/init_eqdsk.f90(3); unstructured/gradshafranov.f90(1); unstructured/init_conds.f90(1); unstructured/rmp.f90(1),"源码引用 6 处；主要在 `init_eqdsk.f90` 3处, `gradshafranov.f90` 1处, `init_conds.f90` 1处, `rmp.f90` 1处。","unstructured/gradshafranov.f90:997: if(iflip_j.eq.1) dia = -dia
unstructured/init_conds.f90:714: if(iflip_j.gt.0) then
unstructured/init_eqdsk.f90:55: if(current.lt.0 .and. iflip_j.eq.1) then
unstructured/init_eqdsk.f90:57: print *, 'WARNING: iflip_j = 1 for case with negative current.'
unstructured/init_eqdsk.f90:60: print *, 'iflip_j = 2.'
unstructured/rmp.f90:672: if(iflip_j.eq.1) then"
iflip_v,iflip_v,&inputnl,Equilibrium,integer,0,3,unstructured/init_conds.f90(2); unstructured/gradshafranov.f90(1),"源码引用 3 处；主要在 `init_conds.f90` 2处, `gradshafranov.f90` 1处。","unstructured/gradshafranov.f90:998: if(iflip_v.eq.1) dia = -dia
unstructured/init_conds.f90:720: if(iflip_v.eq.1) call mult(vz_field(0), -1.)
unstructured/init_conds.f90:721: if(iflip_v.eq.-1) call mult(vz_field(0), 0.)"
iflip_z,iflip_z,&inputnl,Equilibrium,integer,0,1,unstructured/init_eqdsk.f90(1),源码引用 1 处；主要在 `init_eqdsk.f90` 1处。,unstructured/init_eqdsk.f90:65: if(iflip_z.eq.1) zmaxis = -zmaxis
icsym,icsym,&inputnl,Equilibrium,integer,0,2,unstructured/init_common.f90(1); unstructured/init_conds.f90(1),"源码引用 2 处；主要在 `init_common.f90` 1处, `init_conds.f90` 1处。","unstructured/init_common.f90:77: select case (icsym)
unstructured/init_conds.f90:150: select case (icsym)"
bzero,bzero,&inputnl,Equilibrium,real,1.,99,unstructured/gradshafranov.f90(23); unstructured/init_3dwave.f90(17); unstructured/init_basicj.f90(7); unstructured/init_mri.f90(4); unstructured/init_rotating_cylinder.f90(4); unstructured/init_rwm.f90(4); unstructured/init_wave.f90(4); unstructured/init_conds.f90(3),"源码引用 99 处；主要在 `gradshafranov.f90` 23处, `init_3dwave.f90` 17处, `init_basicj.f90` 7处, `init_mri.f90` 4处。","unstructured/gradshafranov.f90:444: bzero = yvals(nvals)/rzero
unstructured/gradshafranov.f90:483: bzero = bzero*bscale
unstructured/gradshafranov.f90:507: if(bzero.gt.0) then
unstructured/gradshafranov.f90:510: (1.-bpscale)*bpscale*bzero*rzero / &
unstructured/gradshafranov.f90:511: sqrt(2.*g0_spline%y(:)+(bzero*rzero)**2))
unstructured/gradshafranov.f90:513: .5*bpscale*(sqrt(2.*g0_spline%y(:)+(bzero*rzero)**2)-(bzero*rzero)) &
unstructured/gradshafranov.f90:514: *(2.*bzero*rzero &
unstructured/gradshafranov.f90:515: + (sqrt(2.*g0_spline%y(:)+(bzero*rzero)**2)-(bzero*rzero))*bpscale)
unstructured/gradshafranov.f90:519: (1.-bpscale)*bpscale*bzero*rzero / &
unstructured/gradshafranov.f90:520: sqrt(2.*g0_spline%y(:)+(bzero*rzero)**2))"
bx0,bx0,&inputnl,Equilibrium,real,0.,27,unstructured/init_3dwave.f90(16); unstructured/init_3ddiffusion.f90(6); unstructured/init_wave.f90(5),"源码引用 27 处；主要在 `init_3dwave.f90` 16处, `init_3ddiffusion.f90` 6处, `init_wave.f90` 5处。","unstructured/init_3ddiffusion.f90:59: psi0_l(1) = bx0*sin(kx*x)*sin(kz*z)
unstructured/init_3ddiffusion.f90:60: psi0_l(2) = bx0*cos(kx*x)*sin(kz*z)*kx
unstructured/init_3ddiffusion.f90:61: psi0_l(3) = bx0*sin(kx*x)*cos(kz*z)*kz
unstructured/init_3ddiffusion.f90:62: psi0_l(4) =-bx0*sin(kx*x)*sin(kz*z)*kx**2
unstructured/init_3ddiffusion.f90:63: psi0_l(5) = bx0*cos(kx*x)*cos(kz*z)*kx*kz
unstructured/init_3ddiffusion.f90:64: psi0_l(6) =-bx0*sin(kx*x)*sin(kz*z)*kz**2
unstructured/init_3dwave.f90:30: kB = kx*Bx0 + kphi*bzero
unstructured/init_3dwave.f90:31: b2 = bzero**2 + Bx0**2
unstructured/init_3dwave.f90:52: omega = bx0*kx*kB + 0.5*b2*kphi**2 &
unstructured/init_3dwave.f90:53: + 0.5*sqrt((2.*bx0*kx*kB + B2*kphi**2)**2 &"
vzero,vzero,&inputnl,Equilibrium,real,0.,8,unstructured/init_rotating_cylinder.f90(4); unstructured/init_basicj.f90(2); unstructured/init_conds.f90(1); unstructured/init_cyl.f90(1),"源码引用 8 处；主要在 `init_rotating_cylinder.f90` 4处, `init_basicj.f90` 2处, `init_conds.f90` 1处, `init_cyl.f90` 1处。","unstructured/init_basicj.f90:59: vz = vzero
unstructured/init_basicj.f90:61: vz = vzero*exp(-(r - basicj_voff)**2/(basicj_vdelt*ln)**2) &
unstructured/init_conds.f90:601: vz_field(0) = vzero
unstructured/init_cyl.f90:230: temp79a = vzero
unstructured/init_rotating_cylinder.f90:55: vz0_l(1) = vzero*x**2
unstructured/init_rotating_cylinder.f90:56: vz0_l(2) = 2.*vzero*x
unstructured/init_rotating_cylinder.f90:58: vz0_l(4) = 2.*vzero
unstructured/init_rotating_cylinder.f90:74: den0_l(1) = 2.*(bzero/vzero)**2"
phizero,phizero,&inputnl,Equilibrium,real,0.,3,unstructured/init_eigen.f90(1); unstructured/init_frs.f90(1); unstructured/init_ftz.f90(1),"源码引用 3 处；主要在 `init_eigen.f90` 1处, `init_frs.f90` 1处, `init_ftz.f90` 1处。","unstructured/init_eigen.f90:88: u1_l = phizero*vmask
unstructured/init_frs.f90:216: u1_l = phizero*vmask
unstructured/init_ftz.f90:120: u1_l = phizero*vmask"
verzero,verzero,&inputnl,Equilibrium,real,0.,1,unstructured/init_common.f90(1),源码引用 1 处；主要在 `init_common.f90` 1处。,"unstructured/init_common.f90:183: ph179(:,OP_1) = ph179(:,OP_1) + r_79*verzero"
v0_cyl,v0_cyl,&inputnl,Equilibrium,real,0.,1,unstructured/init_basicq.f90(1),源码引用 1 处；主要在 `init_basicq.f90` 1处。,unstructured/init_basicq.f90:42: v0_qp = v0_cyl
v1_cyl,v1_cyl,&inputnl,Equilibrium,real,0.,1,unstructured/init_basicq.f90(1),源码引用 1 处；主要在 `init_basicq.f90` 1处。,unstructured/init_basicq.f90:43: v1_qp = v1_cyl
idevice,idevice,&inputnl,Equilibrium,integer,0,5,unstructured/gradshafranov.f90(4); unstructured/init_eqdsk.f90(1),"源码引用 5 处；主要在 `gradshafranov.f90` 4处, `init_eqdsk.f90` 1处。","unstructured/gradshafranov.f90:267: select case(idevice)
unstructured/gradshafranov.f90:338: if(idevice .eq. 0) then
unstructured/gradshafranov.f90:1232: if(idevice .eq. -1) then
unstructured/gradshafranov.f90:3413: if(idevice .eq. 0 .and. ifixedb .eq. 0 .and. feedfac.ne.0.) then
unstructured/init_eqdsk.f90:80: if(iread_eqdsk.eq.3 .or. idevice.eq.-1 .or. imulti_region.eq.1) then"
iwave,iwave,&inputnl,Equilibrium,integer,0,16,unstructured/init_3dwave.f90(13); unstructured/init_wave.f90(3),"源码引用 16 处；主要在 `init_3dwave.f90` 13处, `init_wave.f90` 3处。","unstructured/init_3dwave.f90:35: select case(iwave)
unstructured/init_3dwave.f90:41: print *, 'Error: iwave must be one of the following:'
unstructured/init_3dwave.f90:42: print *, ' iwave = 0: Shear Alfven wave'
unstructured/init_3dwave.f90:48: select case(iwave)
unstructured/init_3dwave.f90:67: print *, 'Error: iwave must be one of the following:'
unstructured/init_3dwave.f90:68: print *, ' iwave = 0: Shear Alfven wave'
unstructured/init_3dwave.f90:69: print *, ' iwave = 1: Fast wave'
unstructured/init_3dwave.f90:80: select case(iwave)
unstructured/init_3dwave.f90:101: print *, 'Error: iwave must be one of the following:'
unstructured/init_3dwave.f90:102: print *, ' iwave = 0: Shear Alfven wave'"
eps,eps,&inputnl,Equilibrium,real,0.01,84,unstructured/init_conds.f90(36); unstructured/init_3dwave.f90(12); unstructured/init_gem.f90(6); unstructured/init_gmode.f90(6); unstructured/init_strauss.f90(6); unstructured/init_wave.f90(6); unstructured/init_common.f90(5); unstructured/rmp.f90(3),"源码引用 84 处；主要在 `init_conds.f90` 36处, `init_3dwave.f90` 12处, `init_gem.f90` 6处, `init_gmode.f90` 6处。","unstructured/coils.f90:262: x=1.-rksq + eps
unstructured/init_3ddiffusion.f90:83: ex = eps*exp(-(rzero*phi/ln)**2-(x/ln)**2-(z/ln)**2)
unstructured/init_3dwave.f90:168: val(1) = eps*sin(kx*x)*sin(kz*z)*cos(kphi*phi)
unstructured/init_3dwave.f90:169: val(2) = eps*cos(kx*x)*sin(kz*z)*cos(kphi*phi)*kx
unstructured/init_3dwave.f90:170: val(3) = eps*sin(kx*x)*cos(kz*z)*cos(kphi*phi)*kz
unstructured/init_3dwave.f90:171: val(4) =-eps*sin(kx*x)*sin(kz*z)*cos(kphi*phi)*kx**2
unstructured/init_3dwave.f90:172: val(5) = eps*cos(kx*x)*cos(kz*z)*cos(kphi*phi)*kx*kz
unstructured/init_3dwave.f90:173: val(6) =-eps*sin(kx*x)*sin(kz*z)*cos(kphi*phi)*kz**2
unstructured/init_3dwave.f90:175: val(7) =-eps*sin(kx*x)*sin(kz*z)*sin(kphi*phi)*kphi
unstructured/init_3dwave.f90:176: val(8) =-eps*cos(kx*x)*sin(kz*z)*sin(kphi*phi)*kphi*kx"
maxn,maxn,&inputnl,Equilibrium,integer,200,10,unstructured/init_common.f90(6); unstructured/init_conds.f90(4),"源码引用 10 处；主要在 `init_common.f90` 6处, `init_conds.f90` 4处。","unstructured/init_common.f90:80: do i=1,maxn
unstructured/init_common.f90:82: do j=1, maxn
unstructured/init_common.f90:99: do i=1,maxn
unstructured/init_common.f90:101: do j=1, maxn/2
unstructured/init_common.f90:112: do i=1,maxn
unstructured/init_common.f90:114: do j=1, maxn/2
unstructured/init_conds.f90:148: do i=1,maxn
unstructured/init_conds.f90:153: do j=1, maxn
unstructured/init_conds.f90:167: do j=1, maxn/2
unstructured/init_conds.f90:177: do j=1, maxn/2"
irmp,irmp,&inputnl,Equilibrium,integer,0,10,unstructured/rmp.f90(4); unstructured/input.f90(2); unstructured/init_basicj.f90(1); unstructured/init_conds.f90(1); unstructured/init_cyl.f90(1); unstructured/restart_hdf5.f90(1),"源码引用 10 处；主要在 `rmp.f90` 4处, `input.f90` 2处, `init_basicj.f90` 1处, `init_conds.f90` 1处。","unstructured/init_basicj.f90:355: if(irmp.ne.2) call init_perturbations
unstructured/init_conds.f90:685: if(irmp.ge.1 .or. iread_ext_field.ge.1 .or. &
unstructured/init_cyl.f90:321: if(irmp.ne.2) call init_perturbations
unstructured/input.f90:588: ""Additional exponential decay of RMP field from r=1 for irmp=2"", eq_grp)
unstructured/input.f90:1714: if(irmp.eq.0 .and. iread_ext_field.eq.0 &
unstructured/restart_hdf5.f90:350: if(irmp.ge.1 .or. iread_ext_field.ge.1 .or. &
unstructured/rmp.f90:231: select case(irmp)
unstructured/rmp.f90:275: if(myrank.eq.0) print *, 'ERROR: irmp==2 only implemented for itor=0'
unstructured/rmp.f90:316: if(myrank.eq.0) print *, 'Error: Option not recognized: irmp = ', irmp
unstructured/rmp.f90:447: if(irmp.eq.1) then"
rmp_atten,rmp_atten,&inputnl,Equilibrium,real,0.,2,unstructured/rmp.f90(2),源码引用 2 处；主要在 `rmp.f90` 2处。,"unstructured/rmp.f90:294: if(rmp_atten.ne.0) then
unstructured/rmp.f90:295: atten = exp((r-1.)/rmp_atten)"
tf_tilt,tf_tilt,&inputnl,Equilibrium,real,0.,6,unstructured/rmp.f90(3); unstructured/init_conds.f90(1); unstructured/input.f90(1); unstructured/restart_hdf5.f90(1),"源码引用 6 处；主要在 `rmp.f90` 3处, `init_conds.f90` 1处, `input.f90` 1处, `restart_hdf5.f90` 1处。","unstructured/init_conds.f90:686: tf_tilt.ne.0. .or. tf_shift.ne.0. .or. &
unstructured/input.f90:1715: .and. tf_tilt.eq.0. .and. tf_shift.eq.0. &
unstructured/restart_hdf5.f90:351: tf_tilt.ne.0. .or. tf_shift.ne.0. .or. &
unstructured/rmp.f90:686: if(tf_tilt.ne.0. .or. tf_shift.ne.0.) call tf_shift_tilt
unstructured/rmp.f90:732: tilt_sn = tf_tilt*deg2rad*exp(-(0,1)*tf_tilt_angle*deg2rad )*(0,-1)
unstructured/rmp.f90:735: tilt_sn = tf_tilt*deg2rad*sin(phi_79 - tf_tilt_angle*deg2rad)"
tf_tilt_angle,tf_tilt_angle,&inputnl,Equilibrium,real,0.,2,unstructured/rmp.f90(2),源码引用 2 处；主要在 `rmp.f90` 2处。,"unstructured/rmp.f90:732: tilt_sn = tf_tilt*deg2rad*exp(-(0,1)*tf_tilt_angle*deg2rad )*(0,-1)
unstructured/rmp.f90:735: tilt_sn = tf_tilt*deg2rad*sin(phi_79 - tf_tilt_angle*deg2rad)"
tf_shift,tf_shift,&inputnl,Equilibrium,real,0.,6,unstructured/rmp.f90(3); unstructured/init_conds.f90(1); unstructured/input.f90(1); unstructured/restart_hdf5.f90(1),"源码引用 6 处；主要在 `rmp.f90` 3处, `init_conds.f90` 1处, `input.f90` 1处, `restart_hdf5.f90` 1处。","unstructured/init_conds.f90:686: tf_tilt.ne.0. .or. tf_shift.ne.0. .or. &
unstructured/input.f90:1715: .and. tf_tilt.eq.0. .and. tf_shift.eq.0. &
unstructured/restart_hdf5.f90:351: tf_tilt.ne.0. .or. tf_shift.ne.0. .or. &
unstructured/rmp.f90:686: if(tf_tilt.ne.0. .or. tf_shift.ne.0.) call tf_shift_tilt
unstructured/rmp.f90:733: shift_co = tf_shift*exp(-(0,1)*tf_shift_angle*deg2rad)
unstructured/rmp.f90:736: shift_co = tf_shift*cos(phi_79 - tf_shift_angle*deg2rad)"
tf_shift_angle,tf_shift_angle,&inputnl,Equilibrium,real,0.,2,unstructured/rmp.f90(2),源码引用 2 处；主要在 `rmp.f90` 2处。,"unstructured/rmp.f90:733: shift_co = tf_shift*exp(-(0,1)*tf_shift_angle*deg2rad)
unstructured/rmp.f90:736: shift_co = tf_shift*cos(phi_79 - tf_shift_angle*deg2rad)"
pf_tilt,pf_tilt,&inputnl,Equilibrium,real array,0.,9,unstructured/rmp.f90(6); unstructured/init_conds.f90(1); unstructured/input.f90(1); unstructured/restart_hdf5.f90(1),"源码引用 9 处；主要在 `rmp.f90` 6处, `init_conds.f90` 1处, `input.f90` 1处, `restart_hdf5.f90` 1处。","unstructured/init_conds.f90:687: any(pf_tilt.ne.0.) .or. any(pf_shift.ne.0.)) then
unstructured/input.f90:1716: .and. all(pf_tilt.eq.0.) .and. all(pf_shift.eq.0.)) then
unstructured/restart_hdf5.f90:352: any(pf_tilt.ne.0.) .or. any(pf_shift.ne.0.)) then
unstructured/rmp.f90:345: if(pf_tilt(j).ne.0. .or. pf_shift(j).ne.0.) then
unstructured/rmp.f90:348: tilt_co = pf_tilt(j)*deg2rad* &
unstructured/rmp.f90:350: tilt_sn = pf_tilt(j)*deg2rad* &
unstructured/rmp.f90:357: tilt_co = pf_tilt(j)*deg2rad* &
unstructured/rmp.f90:359: tilt_sn = pf_tilt(j)*deg2rad* &
unstructured/rmp.f90:451: if((any(pf_tilt.ne.0.) .or. any(pf_shift.ne.0.)) &"
pf_tilt_angle,pf_tilt_angle,&inputnl,Equilibrium,real array,0.,4,unstructured/rmp.f90(4),源码引用 4 处；主要在 `rmp.f90` 4处。,"unstructured/rmp.f90:349: exp(-(0,1)*pf_tilt_angle(j)*deg2rad )
unstructured/rmp.f90:351: exp(-(0,1)*pf_tilt_angle(j)*deg2rad )*(0,-1)
unstructured/rmp.f90:358: cos(phi - pf_tilt_angle(j)*deg2rad)
unstructured/rmp.f90:360: sin(phi - pf_tilt_angle(j)*deg2rad)"
pf_shift,pf_shift,&inputnl,Equilibrium,real array,0.,9,unstructured/rmp.f90(6); unstructured/init_conds.f90(1); unstructured/input.f90(1); unstructured/restart_hdf5.f90(1),"源码引用 9 处；主要在 `rmp.f90` 6处, `init_conds.f90` 1处, `input.f90` 1处, `restart_hdf5.f90` 1处。","unstructured/init_conds.f90:687: any(pf_tilt.ne.0.) .or. any(pf_shift.ne.0.)) then
unstructured/input.f90:1716: .and. all(pf_tilt.eq.0.) .and. all(pf_shift.eq.0.)) then
unstructured/restart_hdf5.f90:352: any(pf_tilt.ne.0.) .or. any(pf_shift.ne.0.)) then
unstructured/rmp.f90:345: if(pf_tilt(j).ne.0. .or. pf_shift(j).ne.0.) then
unstructured/rmp.f90:352: shift_co = pf_shift(j)* &
unstructured/rmp.f90:354: shift_sn = pf_shift(j)* &
unstructured/rmp.f90:361: shift_co = pf_shift(j)* &
unstructured/rmp.f90:363: shift_sn = pf_shift(j)* &
unstructured/rmp.f90:451: if((any(pf_tilt.ne.0.) .or. any(pf_shift.ne.0.)) &"
pf_shift_angle,pf_shift_angle,&inputnl,Equilibrium,real array,0.,4,unstructured/rmp.f90(4),源码引用 4 处；主要在 `rmp.f90` 4处。,"unstructured/rmp.f90:353: exp(-(0,1)*pf_shift_angle(j)*deg2rad)
unstructured/rmp.f90:355: exp(-(0,1)*pf_shift_angle(j)*deg2rad)*(0,-1)
unstructured/rmp.f90:362: cos(phi - pf_shift_angle(j)*deg2rad)
unstructured/rmp.f90:364: sin(phi - pf_shift_angle(j)*deg2rad)"
iread_ext_field,iread_ext_field,&inputnl,Equilibrium,integer,0,20,unstructured/rmp.f90(16); unstructured/init_conds.f90(2); unstructured/input.f90(1); unstructured/restart_hdf5.f90(1),"源码引用 20 处；主要在 `rmp.f90` 16处, `init_conds.f90` 2处, `input.f90` 1处, `restart_hdf5.f90` 1处。","unstructured/init_conds.f90:650: if(iread_ext_field.eq.0) then
unstructured/init_conds.f90:685: if(irmp.ge.1 .or. iread_ext_field.ge.1 .or. &
unstructured/input.f90:1714: if(irmp.eq.0 .and. iread_ext_field.eq.0 &
unstructured/restart_hdf5.f90:350: if(irmp.ge.1 .or. iread_ext_field.ge.1 .or. &
unstructured/rmp.f90:38: if(iread_ext_field.ge.1) allocate(sf(iread_ext_field))
unstructured/rmp.f90:39: do l=1, iread_ext_field
unstructured/rmp.f90:40: if(iread_ext_field.eq.1) then
unstructured/rmp.f90:63: allocate(sf(iread_ext_field))
unstructured/rmp.f90:97: allocate(sf(iread_ext_field))
unstructured/rmp.f90:143: call load_fieldlines_field(sf(iread_ext_field), field_name,ierr)"
isample_ext_field,isample_ext_field,&inputnl,Equilibrium,integer,1,2,unstructured/rmp.f90(2),源码引用 2 处；主要在 `rmp.f90` 2处。,"unstructured/rmp.f90:45: call load_schaffer_field(sf(l),ext_field_name,isample_ext_field, &
unstructured/rmp.f90:154: call load_schaffer_field(sf(iread_ext_field),field_name,isample_ext_field, &"
isample_ext_field_pol,isample_ext_field_pol,&inputnl,Equilibrium,integer,1,2,unstructured/rmp.f90(2),源码引用 2 处；主要在 `rmp.f90` 2处。,"unstructured/rmp.f90:46: isample_ext_field_pol,ierr)
unstructured/rmp.f90:155: isample_ext_field_pol,ierr)"
scale_ext_field,scale_ext_field,&inputnl,Equilibrium,real,1.,6,unstructured/rmp.f90(6),源码引用 6 处；主要在 `rmp.f90` 6处。,"unstructured/rmp.f90:391: br = br + (1e4/b0_norm)*fr *scale_ext_field*sfac
unstructured/rmp.f90:392: bphi = bphi + (1e4/b0_norm)*fphi*scale_ext_field*sfac
unstructured/rmp.f90:393: bz = bz + (1e4/b0_norm)*fz *scale_ext_field*sfac
unstructured/rmp.f90:398: br = br + (1e4/b0_norm)*gr *scale_ext_field
unstructured/rmp.f90:399: bphi = bphi + (1e4/b0_norm)*gphi*scale_ext_field
unstructured/rmp.f90:400: bz = bz + (1e4/b0_norm)*gz *scale_ext_field"
shift_ext_field,shift_ext_field,&inputnl,Equilibrium,real array,0.,2,unstructured/rmp.f90(2),源码引用 2 处；主要在 `rmp.f90` 2处。,"unstructured/rmp.f90:389: sfac = exp(-cmplx(0.,1.)*ntor*shift_ext_field(i)*pi/180.)
unstructured/rmp.f90:396: x,phi-shift_ext_field(i)*pi/180.,z,&"
type_ext_field,type_ext_field,&inputnl,Equilibrium,integer,-1,11,unstructured/rmp.f90(10); unstructured/init_conds.f90(1),"源码引用 11 处；主要在 `rmp.f90` 10处, `init_conds.f90` 1处。","unstructured/init_conds.f90:655: if(type_ext_field.ge.1) &
unstructured/rmp.f90:37: if(type_ext_field.le.0) then ! RMP field
unstructured/rmp.f90:62: else if(type_ext_field.eq.2) then ! Stellarator/3D vacuum field
unstructured/rmp.f90:71: else if(type_ext_field.eq.3) then
unstructured/rmp.f90:77: 'ERROR: RMP fields require type_ext_field < 0 or =2.'
unstructured/rmp.f90:99: if(type_ext_field.eq.1) then ! Free boundary stellarator (no field subtraction)
unstructured/rmp.f90:105: else if(type_ext_field.eq.2 .and. extsubtract.eq.1) then ! With field substraction
unstructured/rmp.f90:115: else if(type_ext_field.eq.2 .and. extsubtract.eq.0) then
unstructured/rmp.f90:117: 'ERROR: type_ext_field=2 requires extsubtract=1 when itaylor=41'
unstructured/rmp.f90:635: if (type_ext_field.ge.1 .and. (itaylor.eq.40 .or. itaylor.eq.41)) then"
file_ext_field,file_ext_field,&inputnl,Equilibrium,character(len=256),error_field,1,unstructured/rmp.f90(1),源码引用 1 处；主要在 `rmp.f90` 1处。,unstructured/rmp.f90:64: call read_stellarator_field(file_ext_field)
file_total_field,file_total_field,&inputnl,Equilibrium,character(len=256),total_field,2,unstructured/rmp.f90(2),源码引用 2 处；主要在 `rmp.f90` 2处。,"unstructured/rmp.f90:101: call read_stellarator_field(file_total_field)
unstructured/rmp.f90:109: call read_stellarator_field(file_total_field)"
beta,beta,&inputnl,Equilibrium,real,0.,58,unstructured/mackenbach_profiles.f90(23); m3dc1_scorec/src/ReducedQuinticImplicit.cc(10); unstructured/metricterms_new.f90(8); unstructured/metricterms_new_gpu.f90(8); unstructured/init_tilt.f90(3); unstructured/scorec_mesh.f90(3); unstructured/nintegrate_mod.f90(2); unstructured/init_basicq.f90(1),"源码引用 58 处；主要在 `mackenbach_profiles.f90` 23处, `ReducedQuinticImplicit.cc` 10处, `metricterms_new.f90` 8处, `metricterms_new_gpu.f90` 8处。","unstructured/init_basicq.f90:44: beta_qp = beta
unstructured/init_tilt.f90:107: kb = k**2*(1.-beta)
unstructured/init_tilt.f90:125: kb = k**2*beta*pefac
unstructured/init_tilt.f90:133: kb = k**2*beta
unstructured/mackenbach_profiles.f90:68: real function rho0(gamma,beta,drho,t_end) result(y)
unstructured/mackenbach_profiles.f90:76: g_bucket(2) = -(gamma + gamma*beta*exheat(0.0))/(2*k(0.0))*drho
unstructured/mackenbach_profiles.f90:86: gamma*beta*exheat(rho-drho) + dk(rho-drho)*g_bucket(1) + &
unstructured/mackenbach_profiles.f90:96: real function gamma_final(beta,drho,t_end) result(y)
unstructured/mackenbach_profiles.f90:102: rhoarr(1) = rho0(gamma0(1),beta,drho,t_end)
unstructured/mackenbach_profiles.f90:103: rhoarr(2) = rho0(gamma0(2),beta,drho,t_end)"
ln,ln,&inputnl,Equilibrium,real,0.,64,unstructured/init_conds.f90(17); unstructured/init_solovev.f90(12); unstructured/init_basicj.f90(10); unstructured/init_3ddiffusion.f90(7); unstructured/init_circle.f90(5); unstructured/init_gmode.f90(4); unstructured/input.f90(3); unstructured/init_common.f90(1),"源码引用 64 处；主要在 `init_conds.f90` 17处, `init_solovev.f90` 12处, `init_basicj.f90` 10处, `init_3ddiffusion.f90` 7处。","unstructured/init_3ddiffusion.f90:83: ex = eps*exp(-(rzero*phi/ln)**2-(x/ln)**2-(z/ln)**2)
unstructured/init_3ddiffusion.f90:86: p1_l(2) = -2.*ex*x/ln**2
unstructured/init_3ddiffusion.f90:87: p1_l(3) = -2.*ex*z/ln**2
unstructured/init_3ddiffusion.f90:88: p1_l(4) = 4.*ex*x**2/ln**4 - 2.*ex*ln**2
unstructured/init_3ddiffusion.f90:89: p1_l(5) = 4.*ex*x*z/ln**4
unstructured/init_3ddiffusion.f90:90: p1_l(6) = 4.*ex*z**2/ln**4 - 2.*ex*ln**2
unstructured/init_3ddiffusion.f90:92: p1_l(7:12) = -2.*phi*p1_l(1:6)*(rzero/ln)**2
unstructured/init_basicj.f90:36: where(r2.lt.ln**2)
unstructured/init_basicj.f90:37: jphi = basicj_j0*(1.-(r2/ln**2))**basicj_nu
unstructured/init_basicj.f90:43: jphi = basicj_j0*(1. + (r2/ln**2)**basicj_nu)**(-(1.+1./basicj_nu))"
elongation,elongation,&inputnl,Equilibrium,real,1.,8,unstructured/init_solovev.f90(8),源码引用 8 处；主要在 `init_solovev.f90` 8处。,"unstructured/init_solovev.f90:127: g = (x_79*z_79/elongation)**2 + &
unstructured/init_solovev.f90:143: p079(:,OP_1) = pedge - g * (1. + elongation**2) &
unstructured/init_solovev.f90:145: p079(:,OP_1) = pedge - ps079(:,OP_1) * (1. + elongation**2) &
unstructured/init_solovev.f90:146: / (elongation*rzero**3*q0)
unstructured/init_solovev.f90:192: z(i) = rzero*ln*elongation*sin(theta) / r(i)
unstructured/init_solovev.f90:200: b(i+npts) = ln*elongation* &
unstructured/init_solovev.f90:238: j0 = -(1.+elongation**2)/(q0*rzero**3*elongation)
unstructured/init_solovev.f90:251: zmax = elongation*sqrt((2.*ln*rzero)**2-(r0**2-rzero**2)**2)/(2.*r0)"
basicj_nu,basicj_nu,&inputnl,Equilibrium,real,1.,6,unstructured/init_basicj.f90(5); unstructured/input.f90(1),"源码引用 6 处；主要在 `init_basicj.f90` 5处, `input.f90` 1处。","unstructured/init_basicj.f90:37: jphi = basicj_j0*(1.-(r2/ln**2))**basicj_nu
unstructured/init_basicj.f90:43: jphi = basicj_j0*(1. + (r2/ln**2)**basicj_nu)**(-(1.+1./basicj_nu))
unstructured/init_basicj.f90:86: p = p0*(1.+(r2/ln**2)**basicj_nu)**(-(2./3.)*(1.+1./basicj_nu))
unstructured/init_basicj.f90:124: basicj_nu = basicj_qa/basicj_q0 - 1.
unstructured/init_basicj.f90:127: basicj_nu = log(2.)/log(basicj_qa/basicj_q0)
unstructured/input.f90:632: ""Edge safety factor in basicj equilibrium (supersedes basicj_nu)"", eq_grp)"
basicj_j0,basicj_j0,&inputnl,Equilibrium,real,1.,9,unstructured/init_basicj.f90(8); unstructured/input.f90(1),"源码引用 9 处；主要在 `init_basicj.f90` 8处, `input.f90` 1处。","unstructured/init_basicj.f90:37: jphi = basicj_j0*(1.-(r2/ln**2))**basicj_nu
unstructured/init_basicj.f90:43: jphi = basicj_j0*(1. + (r2/ln**2)**basicj_nu)**(-(1.+1./basicj_nu))
unstructured/init_basicj.f90:117: if(basicj_j0 .ne. 0.) basicj_q0 = 2.*bzero/(rzero*basicj_j0)
unstructured/init_basicj.f90:119: basicj_j0 = 2.*bzero/(rzero*basicj_q0)
unstructured/init_basicj.f90:209: if(basicj_j0 .eq. 0.) ibound = BOUNDARY_NONE
unstructured/init_basicj.f90:225: if(basicj_j0.eq.0.) then
unstructured/init_basicj.f90:235: if(basicj_j0.eq.0.) then
unstructured/init_basicj.f90:264: if(basicj_j0.ne.0.) call boundary_dc(jphi_vec%vec, jphi_vec%vec, dr_matrix)
unstructured/input.f90:630: ""On-axis safety factor in basicj equilibrium (supersedes basicj_j0)"", eq_grp)"
basicj_q0,basicj_q0,&inputnl,Equilibrium,real,0.,5,unstructured/init_basicj.f90(5),源码引用 5 处；主要在 `init_basicj.f90` 5处。,"unstructured/init_basicj.f90:116: if(basicj_q0 .eq. 0.) then
unstructured/init_basicj.f90:117: if(basicj_j0 .ne. 0.) basicj_q0 = 2.*bzero/(rzero*basicj_j0)
unstructured/init_basicj.f90:119: basicj_j0 = 2.*bzero/(rzero*basicj_q0)
unstructured/init_basicj.f90:124: basicj_nu = basicj_qa/basicj_q0 - 1.
unstructured/init_basicj.f90:127: basicj_nu = log(2.)/log(basicj_qa/basicj_q0)"
basicj_qa,basicj_qa,&inputnl,Equilibrium,real,0.,4,unstructured/init_basicj.f90(4),源码引用 4 处；主要在 `init_basicj.f90` 4处。,"unstructured/init_basicj.f90:121: if(basicj_qa .ne. 0.) then
unstructured/init_basicj.f90:124: basicj_nu = basicj_qa/basicj_q0 - 1.
unstructured/init_basicj.f90:127: basicj_nu = log(2.)/log(basicj_qa/basicj_q0)
unstructured/init_basicj.f90:129: if(myrank.eq.0) print *, 'Error: basicj_qa not available when xlim != 0'"
basicj_voff,basicj_voff,&inputnl,Equilibrium,real,1.,3,unstructured/init_basicj.f90(3),源码引用 3 处；主要在 `init_basicj.f90` 3处。,"unstructured/init_basicj.f90:58: where(r.lt.basicj_voff)
unstructured/init_basicj.f90:61: vz = vzero*exp(-(r - basicj_voff)**2/(basicj_vdelt*ln)**2) &
unstructured/init_basicj.f90:62: + alpha1*exp(-(r**2 - basicj_voff**2)**2/(basicj_vdelt*ln)**4)"
basicj_vdelt,basicj_vdelt,&inputnl,Equilibrium,real,1.,2,unstructured/init_basicj.f90(2),源码引用 2 处；主要在 `init_basicj.f90` 2处。,"unstructured/init_basicj.f90:61: vz = vzero*exp(-(r - basicj_voff)**2/(basicj_vdelt*ln)**2) &
unstructured/init_basicj.f90:62: + alpha1*exp(-(r**2 - basicj_voff**2)**2/(basicj_vdelt*ln)**4)"
basicj_dexp,basicj_dexp,&inputnl,Equilibrium,real,1.,1,unstructured/init_basicj.f90(1),源码引用 1 处；主要在 `init_basicj.f90` 1处。,unstructured/init_basicj.f90:365: basicj_dscale = (1. + (sqrt(basicj_dvac) - 1.)*(sqrt(rsq)/ln)**basicj_dexp)**2
basicj_dvac,basicj_dvac,&inputnl,Equilibrium,real,1.,1,unstructured/init_basicj.f90(1),源码引用 1 处；主要在 `init_basicj.f90` 1处。,unstructured/init_basicj.f90:365: basicj_dscale = (1. + (sqrt(basicj_dvac) - 1.)*(sqrt(rsq)/ln)**basicj_dexp)**2
ibasicj_solvep,ibasicj_solvep,&inputnl,Equilibrium,integer,0,10,unstructured/init_basicj.f90(10),源码引用 10 处；主要在 `init_basicj.f90` 10处。,"unstructured/init_basicj.f90:138: if(ibasicj_solvep.eq.0) then
unstructured/init_basicj.f90:166: if(ibasicj_solvep.eq.0) then
unstructured/init_basicj.f90:179: if(ibasicj_solvep.eq.0) then
unstructured/init_basicj.f90:196: if(ibasicj_solvep.eq.0) then
unstructured/init_basicj.f90:233: if(ibasicj_solvep.eq.1) then
unstructured/init_basicj.f90:267: if(ibasicj_solvep.eq.1) then
unstructured/init_basicj.f90:279: if(ibasicj_solvep.eq.0) then
unstructured/init_basicj.f90:299: if(ibasicj_solvep.eq.0) then
unstructured/init_basicj.f90:310: if(ibasicj_solvep.eq.0) then
unstructured/init_basicj.f90:319: if(ibasicj_solvep.eq.0) then"
inumgs,inumgs,&inputnl,Grad-Shafranov Solver,integer,0,1,unstructured/gradshafranov.f90(1),源码引用 1 处；主要在 `gradshafranov.f90` 1处。,unstructured/gradshafranov.f90:461: if(inumgs .eq. 1) then
igs,igs,&inputnl,Grad-Shafranov Solver,integer,80,9,unstructured/gradshafranov.f90(4); unstructured/init_conds.f90(1); unstructured/init_eqdsk.f90(1); unstructured/init_jsolver.f90(1); unstructured/init_kstar.f90(1); unstructured/newvar.f90(1),"源码引用 9 处；主要在 `gradshafranov.f90` 4处, `init_conds.f90` 1处, `init_eqdsk.f90` 1处, `init_jsolver.f90` 1处。","unstructured/gradshafranov.f90:105: if(igs.ne.0) call gradshafranov_solve()
unstructured/gradshafranov.f90:1261: if(igs.ne.0) call lcfs(psi_vec, iwall_is_limiter.eq.1, &
unstructured/gradshafranov.f90:1269: mainloop: do itnum=1, igs
unstructured/gradshafranov.f90:1402: if(igs.ne.0) call lcfs(psi_vec, iwall_is_limiter.eq.1)
unstructured/init_conds.f90:763: n = igs
unstructured/init_eqdsk.f90:178: if(igs.ne.0) then
unstructured/init_jsolver.f90:76: if(igs.gt.0) then
unstructured/init_kstar.f90:199: n = igs
unstructured/newvar.f90:119: if(igs.ne.0) then"
igs_pp_ffp_rescale,igs_pp_ffp_rescale,&inputnl,Grad-Shafranov Solver,integer,0,4,unstructured/gradshafranov.f90(2); unstructured/init_eqdsk.f90(2),"源码引用 4 处；主要在 `gradshafranov.f90` 2处, `init_eqdsk.f90` 2处。","unstructured/gradshafranov.f90:1409: if(igs_pp_ffp_rescale.ne.0 .and. batemanscale.ne.1.) then
unstructured/gradshafranov.f90:2783: if(igs_pp_ffp_rescale.eq.1) then
unstructured/init_eqdsk.f90:171: if(igs_pp_ffp_rescale.ne.1) fpol(nw) = fpol(nw)*batemanscale
unstructured/init_eqdsk.f90:188: if(batemanscale.eq.1.0 .or. igs_pp_ffp_rescale.eq.1) cycle"
igs_extend_p,igs_extend_p,&inputnl,Grad-Shafranov Solver,integer,0,2,unstructured/gradshafranov.f90(1); unstructured/input.f90(1),"源码引用 2 处；主要在 `gradshafranov.f90` 1处, `input.f90` 1处。","unstructured/gradshafranov.f90:792: if(igs_extend_p.ne.0) call extend_pressure
unstructured/input.f90:1577: if(iread_eqdsk.ne.0 .and. igs_extend_p.eq.0 .and. irot.le.0) then"
igs_extend_diamag,igs_extend_diamag,&inputnl,Grad-Shafranov Solver,integer,1,1,unstructured/gradshafranov.f90(1),源码引用 1 处；主要在 `gradshafranov.f90` 1处。,unstructured/gradshafranov.f90:971: if(omega_spline%x(i).ge.1. .and. igs_extend_diamag.eq.0) cycle
igs_start_xpoint_search,igs_start_xpoint_search,&inputnl,Grad-Shafranov Solver,integer,0,2,unstructured/gradshafranov.f90(2),源码引用 2 处；主要在 `gradshafranov.f90` 2处。,"unstructured/gradshafranov.f90:1262: igs_start_xpoint_search.eq.0)
unstructured/gradshafranov.f90:1323: itnum.ge.igs_start_xpoint_search)"
igs_forcefree_lcfs,igs_forcefree_lcfs,&inputnl,Grad-Shafranov Solver,integer,-1,8,unstructured/gradshafranov.f90(5); unstructured/input.f90(3),"源码引用 8 处；主要在 `gradshafranov.f90` 5处, `input.f90` 3处。","unstructured/gradshafranov.f90:1006: if(igs_forcefree_lcfs.eq.1) then
unstructured/gradshafranov.f90:1008: else if(igs_forcefree_lcfs.eq.2) then
unstructured/gradshafranov.f90:2441: if(igs_forcefree_lcfs.ge.1 .and. mr.ne.REGION_PLASMA) then
unstructured/gradshafranov.f90:3032: if(igs_forcefree_lcfs.ge.1 .and. mr.ne.REGION_PLASMA) then
unstructured/gradshafranov.f90:3353: if(igs_forcefree_lcfs.eq.1 .and. mr.ne.REGION_PLASMA) then
unstructured/input.f90:1576: if(igs_forcefree_lcfs.eq.-1) then
unstructured/input.f90:1578: igs_forcefree_lcfs = 2
unstructured/input.f90:1580: igs_forcefree_lcfs = 0"
nv1equ,nv1equ,&inputnl,Grad-Shafranov Solver,integer,0,1,unstructured/gradshafranov.f90(1),源码引用 1 处；主要在 `gradshafranov.f90` 1处。,unstructured/gradshafranov.f90:1908: if(nv1equ.eq.1) then
igs_feedfac,igs_feedfac,&inputnl,Grad-Shafranov Solver,integer,1,1,unstructured/gradshafranov.f90(1),源码引用 1 处；主要在 `gradshafranov.f90` 1处。,unstructured/gradshafranov.f90:1276: if(itnum.gt.1 .and. gnorm.ne.0 .and. xlim2.ne.0 .and. igs_feedfac.eq.1) then
eta_gs,eta_gs,&inputnl,Grad-Shafranov Solver,real,1e3,1,unstructured/gradshafranov.f90(1),源码引用 1 处；主要在 `gradshafranov.f90` 1处。,"unstructured/gradshafranov.f90:1190: temp = temp - eta_gs*intxx3(mu79(:,:,OP_DP),nu79(:,:,OP_DP),ri3_79)"
tcuro,tcuro,&inputnl,Grad-Shafranov Solver,real,1.,20,unstructured/gradshafranov.f90(8); unstructured/init_eqdsk.f90(7); unstructured/init_jsolver.f90(4); unstructured/init_dskbal.f90(1),"源码引用 20 处；主要在 `gradshafranov.f90` 8处, `init_eqdsk.f90` 7处, `init_jsolver.f90` 4处, `init_dskbal.f90` 1处。","unstructured/gradshafranov.f90:96: if(myrank.eq.0 .and. iprint.gt.0) write(*,1001) xmag,zmag,tcuro,sigma0
unstructured/gradshafranov.f90:97: 1001 format(' in gradshafranov_init',/,' xmag,zmag,tcuro,sigma0',1p4e12.4)
unstructured/gradshafranov.f90:99: call deltafun(xmag,zmag,tcuro,jphi_field)
unstructured/gradshafranov.f90:101: call gaussianfun(xmag,zmag,tcuro,sigma0,jphi_field)
unstructured/gradshafranov.f90:255: fac = tcuro/twopi
unstructured/gradshafranov.f90:256: fac2 = tcuro / (8.*pi**2*xmag)
unstructured/gradshafranov.f90:362: ic(1) = tcuro/(2.*pi)
unstructured/gradshafranov.f90:1995: g4 = -(-tcuro + gamma2*gsint2 + gamma3*gsint3 + gsint1)/gsint4
unstructured/init_dskbal.f90:67: call deltafun(xmag,zmag,tcuro,jphi_field)
unstructured/init_eqdsk.f90:67: tcuro = current"
xmag,xmag,&inputnl,Grad-Shafranov Solver,real,1.,100,unstructured/gradshafranov.f90(15); unstructured/diagnostics.f90(11); unstructured/init_eqdsk.f90(7); unstructured/init_jsolver.f90(6); unstructured/init_rwm.f90(5); unstructured/readgato.f90(5); unstructured/transport.f90(5); unstructured/init_basicj.f90(4),"源码引用 100 处；主要在 `gradshafranov.f90` 15处, `diagnostics.f90` 11处, `init_eqdsk.f90` 7处, `init_jsolver.f90` 6处。","unstructured/diagnostics.f90:1146: call evaluate(xmag,0.,zmag,dum1,psi_field(1),itri,ier)
unstructured/diagnostics.f90:1294: rl = sqrt((x-xmag)**2 + (z-zmag)**2)
unstructured/diagnostics.f90:1300: al = (real(psix)*(x-xmag) + real(psiz)*(z-zmag))/(pl*rl)
unstructured/diagnostics.f90:1304: if((x-xmag)*(xnull-xmag) + (z-zmag)*(znull-zmag) .gt. 0.) then
unstructured/diagnostics.f90:1308: rl.gt.sqrt((xmag-xnull)**2 + (zmag-znull)**2)) then
unstructured/diagnostics.f90:1319: if((x-xmag)*(xnull2-xmag) + (z-zmag)*(znull2-zmag) .gt. 0.) then
unstructured/diagnostics.f90:1323: rl.gt.sqrt((xmag-xnull2)**2 + (zmag-znull2)**2)) then
unstructured/diagnostics.f90:2076: call magaxis(xmag,zmag,temp_field,psim,0,ier)
unstructured/diagnostics.f90:2081: write(*,'(A,2E12.4)') ' magnetic axis: ', xmag, zmag
unstructured/diagnostics.f90:2086: write(*,'(A,2E12.4)') ' no magnetic axis found near ', xmag, zmag"
zmag,zmag,&inputnl,Grad-Shafranov Solver,real,0.,92,unstructured/diagnostics.f90(12); unstructured/gradshafranov.f90(10); unstructured/init_eqdsk.f90(7); unstructured/init_jsolver.f90(6); unstructured/readgato.f90(5); unstructured/transport.f90(5); unstructured/init_basicj.f90(4); unstructured/init_rwm.f90(4),"源码引用 92 处；主要在 `diagnostics.f90` 12处, `gradshafranov.f90` 10处, `init_eqdsk.f90` 7处, `init_jsolver.f90` 6处。","unstructured/diagnostics.f90:1146: call evaluate(xmag,0.,zmag,dum1,psi_field(1),itri,ier)
unstructured/diagnostics.f90:1294: rl = sqrt((x-xmag)**2 + (z-zmag)**2)
unstructured/diagnostics.f90:1300: al = (real(psix)*(x-xmag) + real(psiz)*(z-zmag))/(pl*rl)
unstructured/diagnostics.f90:1304: if((x-xmag)*(xnull-xmag) + (z-zmag)*(znull-zmag) .gt. 0.) then
unstructured/diagnostics.f90:1308: rl.gt.sqrt((xmag-xnull)**2 + (zmag-znull)**2)) then
unstructured/diagnostics.f90:1319: if((x-xmag)*(xnull2-xmag) + (z-zmag)*(znull2-zmag) .gt. 0.) then
unstructured/diagnostics.f90:1323: rl.gt.sqrt((xmag-xnull2)**2 + (zmag-znull2)**2)) then
unstructured/diagnostics.f90:2076: call magaxis(xmag,zmag,temp_field,psim,0,ier)
unstructured/diagnostics.f90:2081: write(*,'(A,2E12.4)') ' magnetic axis: ', xmag, zmag
unstructured/diagnostics.f90:2086: write(*,'(A,2E12.4)') ' no magnetic axis found near ', xmag, zmag"
xmag0,xmag0,&inputnl,Grad-Shafranov Solver,real,0.,11,unstructured/gradshafranov.f90(6); unstructured/newpar.f90(3); unstructured/init_eqdsk.f90(2),"源码引用 11 处；主要在 `gradshafranov.f90` 6处, `newpar.f90` 3处, `init_eqdsk.f90` 2处。","unstructured/gradshafranov.f90:143: print *, 'Doing feedback', xmag-xmag0, zmag-zmag0,xnull-xnull0,znull-znull0
unstructured/gradshafranov.f90:147: xmagi = xmagi + (xmag-xmag0)
unstructured/gradshafranov.f90:167: if((xmag0.gt.0.).and.(do_feedback)) then
unstructured/gradshafranov.f90:171: +gs_radial_feedback(coil_mask(i))*(xmag-xmag0) &
unstructured/gradshafranov.f90:1245: if(xmag0.eq.0) then
unstructured/gradshafranov.f90:1246: xmag0 = xmag
unstructured/init_eqdsk.f90:70: if(xmag0.eq.0.) then
unstructured/init_eqdsk.f90:71: xmag0 = rmaxis
unstructured/newpar.f90:778: call te_max2(xmag0,zmag0,te_field(0),temax,0,ier)
unstructured/newpar.f90:797: call te_max2(xmag0,zmag0,te_temp,temax,0,ier)"
zmag0,zmag0,&inputnl,Grad-Shafranov Solver,real,0.,8,unstructured/gradshafranov.f90(4); unstructured/newpar.f90(3); unstructured/init_eqdsk.f90(1),"源码引用 8 处；主要在 `gradshafranov.f90` 4处, `newpar.f90` 3处, `init_eqdsk.f90` 1处。","unstructured/gradshafranov.f90:143: print *, 'Doing feedback', xmag-xmag0, zmag-zmag0,xnull-xnull0,znull-znull0
unstructured/gradshafranov.f90:148: zmagi = zmagi + (zmag-zmag0)
unstructured/gradshafranov.f90:170: (gs_vertical_feedback(coil_mask(i))*(zmag-zmag0) &
unstructured/gradshafranov.f90:1247: zmag0 = zmag
unstructured/init_eqdsk.f90:72: zmag0 = zmaxis
unstructured/newpar.f90:778: call te_max2(xmag0,zmag0,te_field(0),temax,0,ier)
unstructured/newpar.f90:797: call te_max2(xmag0,zmag0,te_temp,temax,0,ier)
unstructured/newpar.f90:810: call te_max2(xmag0,zmag0,te_field(1),temax,0,ier)"
xlim,xlim,&inputnl,Grad-Shafranov Solver,real,0.,21,unstructured/init_basicj.f90(4); unstructured/init_solovev.f90(3); unstructured/diagnostics.f90(2); unstructured/gradshafranov.f90(2); unstructured/init_cyl.f90(2); unstructured/init_rwm.f90(2); unstructured/output.f90(2); unstructured/init_circle.f90(1),"源码引用 21 处；主要在 `init_basicj.f90` 4处, `init_solovev.f90` 3处, `diagnostics.f90` 2处, `gradshafranov.f90` 2处。","unstructured/diagnostics.f90:2203: if(xlim.eq.0.) then
unstructured/diagnostics.f90:2209: call evaluate(xlim,0.,zlim,dum1,temp_field,itri,ier)
unstructured/gradshafranov.f90:258: aminor = abs(xmag-xlim)
unstructured/gradshafranov.f90:341: xp = xlim
unstructured/init_basicj.f90:126: if(xlim.eq.0) then
unstructured/init_basicj.f90:129: if(myrank.eq.0) print *, 'Error: basicj_qa not available when xlim != 0'
unstructured/init_basicj.f90:347: if(xlim.eq.0) then
unstructured/init_basicj.f90:348: xlim = xmag + ln
unstructured/init_circle.f90:29: xlim = xmag + ln
unstructured/init_cyl.f90:307: if(xlim.eq.0) then"
zlim,zlim,&inputnl,Grad-Shafranov Solver,real,0.,13,unstructured/init_solovev.f90(2); unstructured/output.f90(2); unstructured/diagnostics.f90(1); unstructured/gradshafranov.f90(1); unstructured/init_basicj.f90(1); unstructured/init_circle.f90(1); unstructured/init_cyl.f90(1); unstructured/init_frs.f90(1),"源码引用 13 处；主要在 `init_solovev.f90` 2处, `output.f90` 2处, `diagnostics.f90` 1处, `gradshafranov.f90` 1处。","unstructured/diagnostics.f90:2209: call evaluate(xlim,0.,zlim,dum1,temp_field,itri,ier)
unstructured/gradshafranov.f90:342: zp = zlim
unstructured/init_basicj.f90:349: zlim = zmag
unstructured/init_circle.f90:30: zlim = zmag
unstructured/init_cyl.f90:309: zlim = zmag
unstructured/init_frs.f90:57: rs=zlim! Position of singular surface
unstructured/init_rwm.f90:29: zlim = zmag
unstructured/init_solovev.f90:33: zlim = 0.
unstructured/init_solovev.f90:35: z = zlim
unstructured/output.f90:314: call write_real_attr(root_id, ""zlim"" , zlim, error)"
xlim2,xlim2,&inputnl,Grad-Shafranov Solver,real,0.,10,unstructured/diagnostics.f90(2); unstructured/gradshafranov.f90(2); unstructured/output.f90(2); unstructured/particle.f90(1); unstructured/particle_com.f90(1); unstructured/restart_hdf5.f90(1); unstructured/runaway_advection.f90(1),"源码引用 10 处；主要在 `diagnostics.f90` 2处, `gradshafranov.f90` 2处, `output.f90` 2处, `particle.f90` 1处。","unstructured/diagnostics.f90:2218: if(xlim2.gt.0) then
unstructured/diagnostics.f90:2220: call evaluate(xlim2,0.,zlim2,dum1,temp_field,itri,ier)
unstructured/gradshafranov.f90:344: xp = xlim2
unstructured/gradshafranov.f90:1276: if(itnum.gt.1 .and. gnorm.ne.0 .and. xlim2.ne.0 .and. igs_feedfac.eq.1) then
unstructured/output.f90:315: call write_real_attr(root_id, ""xlim2"" , xlim2, error)
unstructured/output.f90:362: call write_real_attr(root_id, ""xlim2"", xlim2, error)
unstructured/particle.f90:289: print *, 'xlim2 = ', xlim2
unstructured/particle_com.f90:287: print *, 'xlim2 = ', xlim2
unstructured/restart_hdf5.f90:128: call read_real_attr(root_id, ""xlim2"", xlim2, error)
unstructured/runaway_advection.f90:208: print *, 'xlim2 = ', xlim2"
zlim2,zlim2,&inputnl,Grad-Shafranov Solver,real,0.,5,unstructured/output.f90(2); unstructured/diagnostics.f90(1); unstructured/gradshafranov.f90(1); unstructured/restart_hdf5.f90(1),"源码引用 5 处；主要在 `output.f90` 2处, `diagnostics.f90` 1处, `gradshafranov.f90` 1处, `restart_hdf5.f90` 1处。","unstructured/diagnostics.f90:2220: call evaluate(xlim2,0.,zlim2,dum1,temp_field,itri,ier)
unstructured/gradshafranov.f90:345: zp = zlim2
unstructured/output.f90:316: call write_real_attr(root_id, ""zlim2"" , zlim2, error)
unstructured/output.f90:363: call write_real_attr(root_id, ""zlim2"", zlim2, error)
unstructured/restart_hdf5.f90:129: call read_real_attr(root_id, ""zlim2"", zlim2, error)"
rzero,rzero,&inputnl,Grad-Shafranov Solver,real,-1.,130,unstructured/gradshafranov.f90(29); unstructured/init_frs.f90(19); unstructured/init_solovev.f90(15); unstructured/init_ftz.f90(10); unstructured/input.f90(6); unstructured/rmp.f90(6); unstructured/init_rwm.f90(5); unstructured/init_basicj.f90(4),"源码引用 130 处；主要在 `gradshafranov.f90` 29处, `init_frs.f90` 19处, `init_solovev.f90` 15处, `init_ftz.f90` 10处。","unstructured/auxiliary_fields.f90:969: if(itor.eq.0) temp79a = temp79a/rzero
unstructured/diagnostics.f90:686: tpifac = 1./rzero
unstructured/diagnostics.f90:695: tpirzero = twopi*rzero
unstructured/gradshafranov.f90:444: bzero = yvals(nvals)/rzero
unstructured/gradshafranov.f90:510: (1.-bpscale)*bpscale*bzero*rzero / &
unstructured/gradshafranov.f90:511: sqrt(2.*g0_spline%y(:)+(bzero*rzero)**2))
unstructured/gradshafranov.f90:513: .5*bpscale*(sqrt(2.*g0_spline%y(:)+(bzero*rzero)**2)-(bzero*rzero)) &
unstructured/gradshafranov.f90:514: *(2.*bzero*rzero &
unstructured/gradshafranov.f90:515: + (sqrt(2.*g0_spline%y(:)+(bzero*rzero)**2)-(bzero*rzero))*bpscale)
unstructured/gradshafranov.f90:519: (1.-bpscale)*bpscale*bzero*rzero / &"
psifrac,psifrac,&inputnl,Grad-Shafranov Solver,real,1.,12,unstructured/gradshafranov.f90(12),源码引用 12 处；主要在 `gradshafranov.f90` 12处。,"unstructured/gradshafranov.f90:2185: pso = (temp(1) - psimin)*dpsii*psifrac
unstructured/gradshafranov.f90:2434: pso = (ps079(i,OP_1)-psimin)*dpsii*psifrac
unstructured/gradshafranov.f90:2971: psii = (real(ps0(1)) - psimin)/(psibound - psimin)*psifrac
unstructured/gradshafranov.f90:3028: psii = (real(ps0(1)) - psimin)/(psibound - psimin)*psifrac
unstructured/gradshafranov.f90:3088: psii = (real(ps0(1)) - psimin)/(psibound - psimin)*psifrac
unstructured/gradshafranov.f90:3133: psii = (real(ps0(1)) - psimin)/(psibound - psimin)*psifrac
unstructured/gradshafranov.f90:3169: psii = (real(ps0(1)) - psimin)/(psibound - psimin)*psifrac
unstructured/gradshafranov.f90:3201: psii = (real(ps0(1)) - psimin)/(psibound - psimin)*psifrac
unstructured/gradshafranov.f90:3237: psii = (real(ps0(1)) - psimin)/(psibound - psimin)*psifrac
unstructured/gradshafranov.f90:3269: psii = (real(ps0(1)) - psimin)/(psibound - psimin)*psifrac"
libetap,libetap,&inputnl,Grad-Shafranov Solver,real,1.2,7,unstructured/gradshafranov.f90(3); unstructured/init_basicq.f90(1); unstructured/metricterms_new.f90(1); unstructured/metricterms_new_gpu.f90(1); unstructured/transport.f90(1),"源码引用 7 处；主要在 `gradshafranov.f90` 3处, `init_basicq.f90` 1处, `metricterms_new.f90` 1处, `metricterms_new_gpu.f90` 1处。","unstructured/gradshafranov.f90:260: bv = alog(8.*xmag/aminor) - 1.5 + libetap
unstructured/gradshafranov.f90:261: libetapeff = libetap
unstructured/gradshafranov.f90:1394: if(feedfac.ne.0) print *, ""init&fin(effective) libetap"", libetap, libetapeff
unstructured/init_basicq.f90:37: q6_qp = libetap
unstructured/metricterms_new.f90:8351: temp79b = 1. + tanh((r-libetap)/p1)
unstructured/metricterms_new_gpu.f90:17354: temp79b = 1. + tanh((r-libetap)/p1)
unstructured/transport.f90:676: temp79a = temp79a*(1. + tanh((r-libetap)/p1))"
p0,p0,&inputnl,Grad-Shafranov Solver,real,0.01,132,unstructured/init_3dwave.f90(19); unstructured/init_frs.f90(14); unstructured/gradshafranov.f90(13); unstructured/init_wave.f90(9); unstructured/interpolate.f90(9); unstructured/init_gem.f90(7); unstructured/init_tilt.f90(6); unstructured/init_ftz.f90(5),"源码引用 132 处；主要在 `init_3dwave.f90` 19处, `init_frs.f90` 14处, `gradshafranov.f90` 13处, `init_wave.f90` 9处。","unstructured/gradshafranov.f90:1054: pe_spline%y(i) = p0_val*(p0-pi0)/p0*(n_val/n0_val)
unstructured/gradshafranov.f90:1983: g2 = -xmagp**2*p0*p1 - 2.*abs(g0)/(xmagp*q0*abs(dpsii))
unstructured/gradshafranov.f90:1984: g3 = -4.*(abs(g0)/xmagp)*djdpsi/dpsii - xmagp**2*p0*p2
unstructured/gradshafranov.f90:1987: g2 = -xmag**2*p0*p1 - 2.*abs(g0)/(xmag*q0*abs(dpsii))
unstructured/gradshafranov.f90:1988: g3 = -4.*(abs(g0)/xmag)*djdpsi/dpsii - xmag**2*p0*p2
unstructured/gradshafranov.f90:2272: + p0*alphap**2*x*r2))
unstructured/gradshafranov.f90:2288: + p0*alphap**2*x*r2))
unstructured/gradshafranov.f90:2297: + p0*alphap**2*x*r2))
unstructured/gradshafranov.f90:2554: p0 = pres0(1)
unstructured/gradshafranov.f90:2617: pres0(j) = p0*(1.+p1*psii+p2*psii**2 &"
pi0,pi0,&inputnl,Grad-Shafranov Solver,real,0.005,18,unstructured/init_tilt.f90(3); unstructured/init_wave.f90(3); unstructured/init_mri.f90(2); unstructured/gradshafranov.f90(1); unstructured/init_3ddiffusion.f90(1); unstructured/init_3dwave.f90(1); unstructured/init_force_free.f90(1); unstructured/init_gmode.f90(1),"源码引用 18 处；主要在 `init_tilt.f90` 3处, `init_wave.f90` 3处, `init_mri.f90` 2处, `gradshafranov.f90` 1处。","unstructured/gradshafranov.f90:1054: pe_spline%y(i) = p0_val*(p0-pi0)/p0*(n_val/n0_val)
unstructured/init_3ddiffusion.f90:69: call constant_field(pe0_l, p0-pi0)
unstructured/init_3dwave.f90:150: call constant_field(pe0_l, p0-pi0)
unstructured/init_force_free.f90:71: call constant_field( pe0_l, p0-pi0)
unstructured/init_gmode.f90:62: fac1 = p0 - pi0
unstructured/init_mri.f90:53: nu = db*0.5*gyro*pi0/bzero
unstructured/init_mri.f90:78: call constant_field( pe0_l,p0 - pi0)
unstructured/init_rotating_cylinder.f90:70: pe0_l(1) = p0 - pi0
unstructured/init_strauss.f90:72: call constant_field(pe0_l, p0 - pi0)
unstructured/init_taylor.f90:60: call constant_field( pe0_l, p0-pi0)"
p1,p1,&inputnl,Grad-Shafranov Solver,real,0.,68,unstructured/metricterms_new_gpu.f90(31); unstructured/gradshafranov.f90(12); unstructured/read_schaffer_field.f90(10); unstructured/read_vmec.f90(7); unstructured/read_namelist.cpp(3); unstructured/init_basicq.f90(1); unstructured/init_conds.f90(1); unstructured/init_kstar.f90(1),"源码引用 68 处；主要在 `metricterms_new_gpu.f90` 31处, `gradshafranov.f90` 12处, `read_schaffer_field.f90` 10处, `read_vmec.f90` 7处。","unstructured/gradshafranov.f90:1983: g2 = -xmagp**2*p0*p1 - 2.*abs(g0)/(xmagp*q0*abs(dpsii))
unstructured/gradshafranov.f90:1987: g2 = -xmag**2*p0*p1 - 2.*abs(g0)/(xmag*q0*abs(dpsii))
unstructured/gradshafranov.f90:2617: pres0(j) = p0*(1.+p1*psii+p2*psii**2 &
unstructured/gradshafranov.f90:2618: - (20. + 10.*p1 + 4.*p2)*psii**3 &
unstructured/gradshafranov.f90:2619: + (45. + 20.*p1 + 6.*p2)*psii**4 &
unstructured/gradshafranov.f90:2620: - (36. + 15.*p1 + 4.*p2)*psii**5 &
unstructured/gradshafranov.f90:2621: + (10. + 4.*p1 + p2)*psii**6)
unstructured/gradshafranov.f90:2622: ppn(j) = p0*(p1+2.*p2*psii &
unstructured/gradshafranov.f90:2623: - 3.*(20. + 10.*p1 + 4.*p2)*psii**2 &
unstructured/gradshafranov.f90:2624: + 4.*(45. + 20.*p1 + 6.*p2)*psii**3 &"
p2,p2,&inputnl,Grad-Shafranov Solver,real,0.,32,unstructured/metricterms_new_gpu.f90(14); unstructured/gradshafranov.f90(12); unstructured/read_namelist.cpp(3); unstructured/init_basicq.f90(1); unstructured/init_conds.f90(1); unstructured/init_kstar.f90(1),"源码引用 32 处；主要在 `metricterms_new_gpu.f90` 14处, `gradshafranov.f90` 12处, `read_namelist.cpp` 3处, `init_basicq.f90` 1处。","unstructured/gradshafranov.f90:1984: g3 = -4.*(abs(g0)/xmagp)*djdpsi/dpsii - xmagp**2*p0*p2
unstructured/gradshafranov.f90:1988: g3 = -4.*(abs(g0)/xmag)*djdpsi/dpsii - xmag**2*p0*p2
unstructured/gradshafranov.f90:2617: pres0(j) = p0*(1.+p1*psii+p2*psii**2 &
unstructured/gradshafranov.f90:2618: - (20. + 10.*p1 + 4.*p2)*psii**3 &
unstructured/gradshafranov.f90:2619: + (45. + 20.*p1 + 6.*p2)*psii**4 &
unstructured/gradshafranov.f90:2620: - (36. + 15.*p1 + 4.*p2)*psii**5 &
unstructured/gradshafranov.f90:2621: + (10. + 4.*p1 + p2)*psii**6)
unstructured/gradshafranov.f90:2622: ppn(j) = p0*(p1+2.*p2*psii &
unstructured/gradshafranov.f90:2623: - 3.*(20. + 10.*p1 + 4.*p2)*psii**2 &
unstructured/gradshafranov.f90:2624: + 4.*(45. + 20.*p1 + 6.*p2)*psii**3 &"
pedge,pedge,&inputnl,Grad-Shafranov Solver,real,0.,39,unstructured/gradshafranov.f90(7); unstructured/input.f90(7); unstructured/init_rwm.f90(3); unstructured/init_solovev.f90(3); unstructured/rmp.f90(3); unstructured/init_circle.f90(2); unstructured/init_common.f90(2); unstructured/init_vmec.f90(2),"源码引用 39 处；主要在 `gradshafranov.f90` 7处, `input.f90` 7处, `init_rwm.f90` 3处, `init_solovev.f90` 3处。","unstructured/gradshafranov.f90:555: if(pedge.gt.0.) p0_spline%y = p0_spline%y - p0_spline%y(p0_spline%n) + pedge
unstructured/gradshafranov.f90:797: if(pedge.gt.0. .and. myrank.eq.0) then
unstructured/gradshafranov.f90:798: print *, 'Warning: tiedge is overriding setting for pedge.'
unstructured/gradshafranov.f90:803: pedge = n0_spline%y(n0_spline%n)* &
unstructured/gradshafranov.f90:807: pedge = n0_spline%y(n0_spline%n)*tiedge / (1. - pefac)
unstructured/gradshafranov.f90:810: p0_spline%y = p0_spline%y - p0_spline%y(p0_spline%n) + pedge
unstructured/gradshafranov.f90:822: if(pedge.le.0.) then
unstructured/init_basicq.f90:30: pedge_qp = pedge
unstructured/init_circle.f90:119: p079(:,OP_1) = j0**2*(ln**2 - r2) + pedge
unstructured/init_circle.f90:122: p079(:,OP_1) = pedge"
tedge,tedge,&inputnl,Grad-Shafranov Solver,real,0.,10,unstructured/input.f90(6); unstructured/gradshafranov.f90(3); unstructured/model.f90(1),"源码引用 10 处；主要在 `input.f90` 6处, `gradshafranov.f90` 3处, `model.f90` 1处。","unstructured/gradshafranov.f90:814: if(tedge.gt.0.) then
unstructured/gradshafranov.f90:817: te_spline%y = te_spline%y - teold + tedge
unstructured/gradshafranov.f90:823: p0_spline%y = p0_spline%y + n0_spline%n*(tedge - teold)*z_ion
unstructured/input.f90:1685: if(den_edge.gt.0 .and. pedge.gt.0 .and. tedge.gt.0) then
unstructured/input.f90:1686: print *, 'ERROR: pedge, den_edge, and tedge cannot all be set'
unstructured/input.f90:1700: if(tedge.gt.0.) then
unstructured/input.f90:1702: if(myrank.eq.0) print *, 'Error: tedge is incompatible with iread_te'
unstructured/input.f90:1706: pedge = de*tedge/pefac
unstructured/input.f90:1709: den_edge = pedge*pefac/tedge
unstructured/model.f90:734: if(eqsubtract.eq.0 .and. idiff.eq.0) temp(1) = tedge"
tiedge,tiedge,&inputnl,Grad-Shafranov Solver,real,0.,4,unstructured/gradshafranov.f90(4),源码引用 4 处；主要在 `gradshafranov.f90` 4处。,"unstructured/gradshafranov.f90:796: if(tiedge.gt.0.) then
unstructured/gradshafranov.f90:798: print *, 'Warning: tiedge is overriding setting for pedge.'
unstructured/gradshafranov.f90:804: (z_ion*te_spline%y(te_spline%n) + tiedge)
unstructured/gradshafranov.f90:807: pedge = n0_spline%y(n0_spline%n)*tiedge / (1. - pefac)"
expn,expn,&inputnl,Grad-Shafranov Solver,real,0.,12,unstructured/gradshafranov.f90(3); unstructured/init_common.f90(2); unstructured/init_eqdsk.f90(2); unstructured/input.f90(2); unstructured/pellet.f90(2); unstructured/init_basicq.f90(1),"源码引用 12 处；主要在 `gradshafranov.f90` 3处, `init_common.f90` 2处, `init_eqdsk.f90` 2处, `input.f90` 2处。","unstructured/gradshafranov.f90:2649: if(expn.eq.0.) then
unstructured/gradshafranov.f90:2653: n0_spline%y = den0*((p0_spline%y-p0_spline%y(p0_spline%n))/p0)**expn + den_edge
unstructured/gradshafranov.f90:2655: n0_spline%y = den0*(p0_spline%y/p0)**expn
unstructured/init_basicq.f90:144: if(linear.eq.0) temp79e = den0*(temp79c/p0_qp)**expn + den_edge
unstructured/init_common.f90:323: if(expn.eq.0.) then
unstructured/init_common.f90:331: n079(:,OP_1) = den0*(temp79a/p0)**expn + den_edge
unstructured/init_eqdsk.f90:323: if(expn.eq.0.) then
unstructured/init_eqdsk.f90:326: n079(:,OP_1) = (p079(:,OP_1)/p0)**expn
unstructured/input.f90:691: ""Density profile = p^expn"", gs_grp)
unstructured/input.f90:1691: de = den0*(pedge/p0)**expn"
q0,q0,&inputnl,Grad-Shafranov Solver,real,1.,37,unstructured/init_frs.f90(17); unstructured/init_solovev.f90(5); unstructured/init_rwm.f90(3); unstructured/gradshafranov.f90(2); unstructured/init_circle.f90(2); unstructured/init_conds.f90(2); unstructured/init_kstar.f90(2); unstructured/mackenbach_profiles.f90(2),"源码引用 37 处；主要在 `init_frs.f90` 17处, `init_solovev.f90` 5处, `init_rwm.f90` 3处, `gradshafranov.f90` 2处。","unstructured/gradshafranov.f90:1983: g2 = -xmagp**2*p0*p1 - 2.*abs(g0)/(xmagp*q0*abs(dpsii))
unstructured/gradshafranov.f90:1987: g2 = -xmag**2*p0*p1 - 2.*abs(g0)/(xmag*q0*abs(dpsii))
unstructured/init_basicq.f90:25: q0_qp = q0
unstructured/init_circle.f90:28: j0 = 2.*bzero/(q0*rzero)
unstructured/init_circle.f90:33: print *, 'Analytic resonant frequency: ', j0*ntor*(q0 - mpol/ntor)/(2.*sqrt(den0))
unstructured/init_conds.f90:807: ((1+fA/E**((-r1+r/a)**2/r2**2))*q0*R0* &
unstructured/init_conds.f90:808: (1+((r*Abs(-1+(m/(n*q0))**u)**(1/(2.*u)))/(a*rA))**(2*u))**(1/u))
unstructured/init_frs.f90:171: psi0_l(1) = -.5/q0*(1.-.5*r**2)**2
unstructured/init_frs.f90:172: psi0_l(2) = x/q0*(1.-.5*r**2)
unstructured/init_frs.f90:173: psi0_l(3) = z/q0*(1.-.5*r**2)"
sigma0,sigma0,&inputnl,Grad-Shafranov Solver,real,0.,10,unstructured/gradshafranov.f90(4); unstructured/init_eqdsk.f90(4); unstructured/init_jsolver.f90(2),"源码引用 10 处；主要在 `gradshafranov.f90` 4处, `init_eqdsk.f90` 4处, `init_jsolver.f90` 2处。","unstructured/gradshafranov.f90:96: if(myrank.eq.0 .and. iprint.gt.0) write(*,1001) xmag,zmag,tcuro,sigma0
unstructured/gradshafranov.f90:97: 1001 format(' in gradshafranov_init',/,' xmag,zmag,tcuro,sigma0',1p4e12.4)
unstructured/gradshafranov.f90:98: if(sigma0 .eq.0) then
unstructured/gradshafranov.f90:101: call gaussianfun(xmag,zmag,tcuro,sigma0,jphi_field)
unstructured/init_eqdsk.f90:90: if(myrank.eq.0 .and. iprint.gt.0) write(*,1001) xmag,zmag,tcuro,sigma0
unstructured/init_eqdsk.f90:91: 1001 format(' in gradshafranov_init',/,' xmag,zmag,tcuro,sigma0',1p4e12.4)
unstructured/init_eqdsk.f90:92: if(sigma0 .eq.0) then
unstructured/init_eqdsk.f90:95: call gaussianfun(xmag,zmag,tcuro,sigma0,jphi_field)
unstructured/init_jsolver.f90:99: if(sigma0.eq.0) then
unstructured/init_jsolver.f90:102: call gaussianfun(xmag,zmag,tcuro,sigma0,jphi_field)"
djdpsi,djdpsi,&inputnl,Grad-Shafranov Solver,real,0.,3,unstructured/gradshafranov.f90(2); unstructured/init_basicq.f90(1),"源码引用 3 处；主要在 `gradshafranov.f90` 2处, `init_basicq.f90` 1处。","unstructured/gradshafranov.f90:1984: g3 = -4.*(abs(g0)/xmagp)*djdpsi/dpsii - xmagp**2*p0*p2
unstructured/gradshafranov.f90:1988: g3 = -4.*(abs(g0)/xmag)*djdpsi/dpsii - xmag**2*p0*p2
unstructured/init_basicq.f90:40: q12_qp = djdpsi"
th_gs,th_gs,&inputnl,Grad-Shafranov Solver,real,0.8,3,unstructured/gradshafranov.f90(2); unstructured/init_basicq.f90(1),"源码引用 3 处；主要在 `gradshafranov.f90` 2处, `init_basicq.f90` 1处。","unstructured/gradshafranov.f90:1311: call mult(b2vecini_vec,th_gs)
unstructured/gradshafranov.f90:1313: call mult(psi_vec,1.-th_gs)
unstructured/init_basicq.f90:24: r1_qp = th_gs"
tol_gs,tol_gs,&inputnl,Grad-Shafranov Solver,real,1.e-8,1,unstructured/gradshafranov.f90(1),源码引用 1 处；主要在 `gradshafranov.f90` 1处。,unstructured/gradshafranov.f90:1357: if(itnum .gt. 1 .and. error2 .lt. tol_gs) exit mainloop
psiscale,psiscale,&inputnl,Grad-Shafranov Solver,real,1.,3,unstructured/input.f90(3),源码引用 3 处；主要在 `input.f90` 3处。,"unstructured/input.f90:1547: if(psiscale.gt.1.) then
unstructured/input.f90:1548: if(myrank.eq.0) print*, 'Warning: psiscale > 1 not supported'
unstructured/input.f90:1549: psiscale = 1."
pscale,pscale,&inputnl,Grad-Shafranov Solver,real,1.,2,unstructured/gradshafranov.f90(2),源码引用 2 处；主要在 `gradshafranov.f90` 2处。,"unstructured/gradshafranov.f90:479: p0_spline%y = p0_spline%y*pscale
unstructured/gradshafranov.f90:480: pprime_spline%y = pprime_spline%y*pscale"
bscale,bscale,&inputnl,Grad-Shafranov Solver,real,1.,3,unstructured/gradshafranov.f90(3),源码引用 3 处；主要在 `gradshafranov.f90` 3处。,"unstructured/gradshafranov.f90:481: g0_spline%y = g0_spline%y*bscale**2
unstructured/gradshafranov.f90:482: ffprime_spline%y = ffprime_spline%y*bscale**2
unstructured/gradshafranov.f90:483: bzero = bzero*bscale"
batemanscale,batemanscale,&inputnl,Grad-Shafranov Solver,real,1.,4,unstructured/gradshafranov.f90(2); unstructured/init_eqdsk.f90(2),"源码引用 4 处；主要在 `gradshafranov.f90` 2处, `init_eqdsk.f90` 2处。","unstructured/gradshafranov.f90:1409: if(igs_pp_ffp_rescale.ne.0 .and. batemanscale.ne.1.) then
unstructured/gradshafranov.f90:1410: if(myrank.eq.0) bzero = bzero*batemanscale
unstructured/init_eqdsk.f90:171: if(igs_pp_ffp_rescale.ne.1) fpol(nw) = fpol(nw)*batemanscale
unstructured/init_eqdsk.f90:188: if(batemanscale.eq.1.0 .or. igs_pp_ffp_rescale.eq.1) cycle"
bpscale,bpscale,&inputnl,Grad-Shafranov Solver,real,1.,8,unstructured/gradshafranov.f90(8),源码引用 8 处；主要在 `gradshafranov.f90` 8处。,"unstructured/gradshafranov.f90:509: (bpscale**2 + &
unstructured/gradshafranov.f90:510: (1.-bpscale)*bpscale*bzero*rzero / &
unstructured/gradshafranov.f90:513: .5*bpscale*(sqrt(2.*g0_spline%y(:)+(bzero*rzero)**2)-(bzero*rzero)) &
unstructured/gradshafranov.f90:515: + (sqrt(2.*g0_spline%y(:)+(bzero*rzero)**2)-(bzero*rzero))*bpscale)
unstructured/gradshafranov.f90:518: (bpscale**2 - &
unstructured/gradshafranov.f90:519: (1.-bpscale)*bpscale*bzero*rzero / &
unstructured/gradshafranov.f90:522: .5*bpscale*(-sqrt(2.*g0_spline%y(:)+(bzero*rzero)**2)-(bzero*rzero))&
unstructured/gradshafranov.f90:524: + (-sqrt(2.*g0_spline%y(:)+(bzero*rzero)**2)-(bzero*rzero))*bpscale)"
iread_bscale,iread_bscale,&inputnl,Grad-Shafranov Solver,integer,0,1,unstructured/gradshafranov.f90(1),源码引用 1 处；主要在 `gradshafranov.f90` 1处。,unstructured/gradshafranov.f90:527: if(iread_bscale.eq.1) then
iread_pscale,iread_pscale,&inputnl,Grad-Shafranov Solver,integer,0,1,unstructured/gradshafranov.f90(1),源码引用 1 处；主要在 `gradshafranov.f90` 1处。,unstructured/gradshafranov.f90:485: if(iread_pscale.eq.1) then
vscale,vscale,&inputnl,Grad-Shafranov Solver,real,1.,1,unstructured/gradshafranov.f90(1),源码引用 1 处；主要在 `gradshafranov.f90` 1处。,unstructured/gradshafranov.f90:928: omega_spline_0%y = omega_spline_0%y*vscale
gs_vertical_feedback,gs_vertical_feedback,&inputnl,Grad-Shafranov Solver,real array,0.,2,unstructured/gradshafranov.f90(2),源码引用 2 处；主要在 `gradshafranov.f90` 2处。,"unstructured/gradshafranov.f90:170: (gs_vertical_feedback(coil_mask(i))*(zmag-zmag0) &
unstructured/gradshafranov.f90:1234: if((gs_vertical_feedback(i) .ne. 0) .or. &"
gs_radial_feedback,gs_radial_feedback,&inputnl,Grad-Shafranov Solver,real array,0.,2,unstructured/gradshafranov.f90(2),源码引用 2 处；主要在 `gradshafranov.f90` 2处。,"unstructured/gradshafranov.f90:171: +gs_radial_feedback(coil_mask(i))*(xmag-xmag0) &
unstructured/gradshafranov.f90:1235: (gs_radial_feedback(i) .ne. 0)) then"
gs_vertical_feedback_i,gs_vertical_feedback_i,&inputnl,Grad-Shafranov Solver,real array,0.,1,unstructured/gradshafranov.f90(1),源码引用 1 处；主要在 `gradshafranov.f90` 1处。,unstructured/gradshafranov.f90:172: +gs_vertical_feedback_i(coil_mask(i))*zmagi &
gs_radial_feedback_i,gs_radial_feedback_i,&inputnl,Grad-Shafranov Solver,real array,0.,1,unstructured/gradshafranov.f90(1),源码引用 1 处；主要在 `gradshafranov.f90` 1处。,unstructured/gradshafranov.f90:173: +gs_radial_feedback_i(coil_mask(i))*xmagi)
gs_vertical_feedback_x,gs_vertical_feedback_x,&inputnl,Grad-Shafranov Solver,real array,0.,2,unstructured/gradshafranov.f90(2),源码引用 2 处；主要在 `gradshafranov.f90` 2处。,"unstructured/gradshafranov.f90:180: (gs_vertical_feedback_x(coil_mask(i))*(znull-znull0) &
unstructured/gradshafranov.f90:1238: if((gs_vertical_feedback_x(i) .ne. 0) .or. &"
gs_radial_feedback_x,gs_radial_feedback_x,&inputnl,Grad-Shafranov Solver,real array,0.,2,unstructured/gradshafranov.f90(2),源码引用 2 处；主要在 `gradshafranov.f90` 2处。,"unstructured/gradshafranov.f90:181: +gs_radial_feedback_x(coil_mask(i))*(xnull-xnull0) &
unstructured/gradshafranov.f90:1239: (gs_radial_feedback_x(i) .ne. 0)) then"
gs_vertical_feedback_x_i,gs_vertical_feedback_x_i,&inputnl,Grad-Shafranov Solver,real array,0.,1,unstructured/gradshafranov.f90(1),源码引用 1 处；主要在 `gradshafranov.f90` 1处。,unstructured/gradshafranov.f90:182: +gs_vertical_feedback_x_i(coil_mask(i))*znulli &
gs_radial_feedback_x_i,gs_radial_feedback_x_i,&inputnl,Grad-Shafranov Solver,real array,0.,1,unstructured/gradshafranov.f90(1),源码引用 1 处；主要在 `gradshafranov.f90` 1处。,unstructured/gradshafranov.f90:183: +gs_radial_feedback_x_i(coil_mask(i))*xnulli)
irot,irot,&inputnl,Grad-Shafranov Solver,integer,0,20,unstructured/gradshafranov.f90(19); unstructured/input.f90(1),"源码引用 20 处；主要在 `gradshafranov.f90` 19处, `input.f90` 1处。","unstructured/gradshafranov.f90:855: if(irot.ne.0) then
unstructured/gradshafranov.f90:1420: if(irot.ne.0) call create_field(b4vecini_vec, ""b4vecini_vec"")
unstructured/gradshafranov.f90:1423: if(irot.ne.0) call create_field(b4vecini_vec)
unstructured/gradshafranov.f90:1449: if(irot.ne.0) then
unstructured/gradshafranov.f90:1458: if(irot.ne.0) temp(:,4) = intx2(mu79(:,:,OP_1),temp79d)
unstructured/gradshafranov.f90:1462: if(irot.ne.0) then
unstructured/gradshafranov.f90:1480: if(irot.ne.0) then
unstructured/gradshafranov.f90:1486: if(irot.ne.0) call destroy_field(b4vecini_vec)
unstructured/gradshafranov.f90:1802: if(irot.ne.0) then
unstructured/gradshafranov.f90:2215: if(irot.eq.1) then"
iscale_rot_by_p,iscale_rot_by_p,&inputnl,Grad-Shafranov Solver,integer,1,3,unstructured/gradshafranov.f90(3),源码引用 3 处；主要在 `gradshafranov.f90` 3处。,"unstructured/gradshafranov.f90:2691: if(iscale_rot_by_p.eq.0) alpha = alpha * dens/pres
unstructured/gradshafranov.f90:2692: if(iscale_rot_by_p.eq.2) then
unstructured/gradshafranov.f90:2698: if(iscale_rot_by_p.eq.1) omega = omega - omega(npsi)"
alpha0,alpha0,&inputnl,Grad-Shafranov Solver,real,0.,7,unstructured/gradshafranov.f90(2); unstructured/init_basicj.f90(1); unstructured/init_basicq.f90(1); unstructured/init_conds.f90(1); unstructured/init_kstar.f90(1); unstructured/init_rwm.f90(1),"源码引用 7 处；主要在 `gradshafranov.f90` 2处, `init_basicj.f90` 1处, `init_basicq.f90` 1处, `init_conds.f90` 1处。","unstructured/gradshafranov.f90:2687: alpha = alpha0 + alpha1*psii + alpha2*psii**2 + alpha3*psii**3
unstructured/gradshafranov.f90:2693: alpha = alpha0 + alpha1*exp(-((psii-alpha2)/alpha3)**2)
unstructured/init_basicj.f90:65: vz = vz + alpha0*(1.-(r/ln)**2)
unstructured/init_basicq.f90:23: r0_qp = alpha0
unstructured/init_conds.f90:764: a = alpha0
unstructured/init_kstar.f90:200: a = alpha0
unstructured/init_rwm.f90:95: call mult(vz_field(0), alpha0)"
alpha1,alpha1,&inputnl,Grad-Shafranov Solver,real,0.,6,unstructured/gradshafranov.f90(2); unstructured/init_basicj.f90(1); unstructured/init_basicq.f90(1); unstructured/init_conds.f90(1); unstructured/init_kstar.f90(1),"源码引用 6 处；主要在 `gradshafranov.f90` 2处, `init_basicj.f90` 1处, `init_basicq.f90` 1处, `init_conds.f90` 1处。","unstructured/gradshafranov.f90:2687: alpha = alpha0 + alpha1*psii + alpha2*psii**2 + alpha3*psii**3
unstructured/gradshafranov.f90:2693: alpha = alpha0 + alpha1*exp(-((psii-alpha2)/alpha3)**2)
unstructured/init_basicj.f90:62: + alpha1*exp(-(r**2 - basicj_voff**2)**2/(basicj_vdelt*ln)**4)
unstructured/init_basicq.f90:26: q2_qp = alpha1
unstructured/init_conds.f90:765: r1 = alpha1
unstructured/init_kstar.f90:201: r1 = alpha1"
alpha2,alpha2,&inputnl,Grad-Shafranov Solver,real,0.,5,unstructured/gradshafranov.f90(2); unstructured/init_basicq.f90(1); unstructured/init_conds.f90(1); unstructured/init_kstar.f90(1),"源码引用 5 处；主要在 `gradshafranov.f90` 2处, `init_basicq.f90` 1处, `init_conds.f90` 1处, `init_kstar.f90` 1处。","unstructured/gradshafranov.f90:2687: alpha = alpha0 + alpha1*psii + alpha2*psii**2 + alpha3*psii**3
unstructured/gradshafranov.f90:2693: alpha = alpha0 + alpha1*exp(-((psii-alpha2)/alpha3)**2)
unstructured/init_basicq.f90:27: q4_qp = alpha2
unstructured/init_conds.f90:766: r2 = alpha2
unstructured/init_kstar.f90:202: r2 = alpha2"
alpha3,alpha3,&inputnl,Grad-Shafranov Solver,real,0.,5,unstructured/gradshafranov.f90(2); unstructured/init_basicq.f90(1); unstructured/init_conds.f90(1); unstructured/init_kstar.f90(1),"源码引用 5 处；主要在 `gradshafranov.f90` 2处, `init_basicq.f90` 1处, `init_conds.f90` 1处, `init_kstar.f90` 1处。","unstructured/gradshafranov.f90:2687: alpha = alpha0 + alpha1*psii + alpha2*psii**2 + alpha3*psii**3
unstructured/gradshafranov.f90:2693: alpha = alpha0 + alpha1*exp(-((psii-alpha2)/alpha3)**2)
unstructured/init_basicq.f90:32: kappae_qp = alpha3
unstructured/init_conds.f90:767: u = alpha3
unstructured/init_kstar.f90:203: u = alpha3"
idenfunc,idenfunc,&inputnl,Grad-Shafranov Solver,integer,0,8,unstructured/init_common.f90(4); unstructured/m3dc1_nint.f90(3); unstructured/gradshafranov.f90(1),"源码引用 8 处；主要在 `init_common.f90` 4处, `m3dc1_nint.f90` 3处, `gradshafranov.f90` 1处。","unstructured/gradshafranov.f90:2652: if(idenfunc.ne.4 .and. den_edge.gt.0.) then
unstructured/init_common.f90:259: if((idenfunc.eq.0 .or. idenfunc.eq.4) .and. .not.(ipellet.gt.0 .and. linear.eq.1) &
unstructured/init_common.f90:305: select case(idenfunc)
unstructured/init_common.f90:340: if(myrank.eq.0) print *, 'idenfunc = 21 requires igeometry = 1'
unstructured/init_common.f90:681: if(myrank.eq.0) print *, 'idenfunc = 21 requires igeometry = 1'
unstructured/m3dc1_nint.f90:706: if(idenfunc.eq.3) fields = ior(fields,FIELD_PSI)
unstructured/m3dc1_nint.f90:981: if(idenfunc.eq.3) then
unstructured/m3dc1_nint.f90:1819: if(idenfunc.eq.3) then"
den_edge,den_edge,&inputnl,Grad-Shafranov Solver,real,0.,19,unstructured/input.f90(7); unstructured/init_common.f90(5); unstructured/gradshafranov.f90(2); unstructured/m3dc1_nint.f90(2); unstructured/transport.f90(2); unstructured/init_basicq.f90(1),"源码引用 19 处；主要在 `input.f90` 7处, `init_common.f90` 5处, `gradshafranov.f90` 2处, `m3dc1_nint.f90` 2处。","unstructured/gradshafranov.f90:2652: if(idenfunc.ne.4 .and. den_edge.gt.0.) then
unstructured/gradshafranov.f90:2653: n0_spline%y = den0*((p0_spline%y-p0_spline%y(p0_spline%n))/p0)**expn + den_edge
unstructured/init_basicq.f90:144: if(linear.eq.0) temp79e = den0*(temp79c/p0_qp)**expn + den_edge
unstructured/init_common.f90:314: if(den0.ne.den_edge) then
unstructured/init_common.f90:318: + .5*(den_edge-den0)*(1. + tanh(real(temp79a)))
unstructured/init_common.f90:324: n079(:,OP_1) = den0 + den_edge
unstructured/init_common.f90:331: n079(:,OP_1) = den0*(temp79a/p0)**expn + den_edge
unstructured/init_common.f90:337: n079(:,OP_1) = den0 + (den_edge-den0)*.5*&
unstructured/input.f90:1685: if(den_edge.gt.0 .and. pedge.gt.0 .and. tedge.gt.0) then
unstructured/input.f90:1686: print *, 'ERROR: pedge, den_edge, and tedge cannot all be set'"
den0,den0,&inputnl,Grad-Shafranov Solver,real,1.,25,unstructured/init_common.f90(7); unstructured/gradshafranov.f90(3); unstructured/init_basicq.f90(2); unstructured/init_circle.f90(2); unstructured/init_solovev.f90(2); unstructured/pellet.f90(2); unstructured/init_basicj.f90(1); unstructured/init_conds.f90(1),"源码引用 25 处；主要在 `init_common.f90` 7处, `gradshafranov.f90` 3处, `init_basicq.f90` 2处, `init_circle.f90` 2处。","unstructured/gradshafranov.f90:2650: n0_spline%y = den0
unstructured/gradshafranov.f90:2653: n0_spline%y = den0*((p0_spline%y-p0_spline%y(p0_spline%n))/p0)**expn + den_edge
unstructured/gradshafranov.f90:2655: n0_spline%y = den0*(p0_spline%y/p0)**expn
unstructured/init_basicj.f90:345: den_field(0) = den0
unstructured/init_basicq.f90:143: temp79e = den0
unstructured/init_basicq.f90:144: if(linear.eq.0) temp79e = den0*(temp79c/p0_qp)**expn + den_edge
unstructured/init_circle.f90:33: print *, 'Analytic resonant frequency: ', j0*ntor*(q0 - mpol/ntor)/(2.*sqrt(den0))
unstructured/init_circle.f90:125: n079(:,OP_1) = den0
unstructured/init_common.f90:307: n079(:,OP_1) = den0*.5* &
unstructured/init_common.f90:313: n079(:,OP_1) = den0"
dendelt,dendelt,&inputnl,Grad-Shafranov Solver,real,0.1,3,unstructured/init_common.f90(3),源码引用 3 处；主要在 `init_common.f90` 3处。,"unstructured/init_common.f90:310: /(dendelt*(psibound-psimin))))
unstructured/init_common.f90:316: /dendelt
unstructured/init_common.f90:338: (1. + tanh((temp79b-(1.+denoff))/dendelt))"
denoff,denoff,&inputnl,Grad-Shafranov Solver,real,1.,5,unstructured/init_common.f90(3); unstructured/m3dc1_nint.f90(2),"源码引用 5 处；主要在 `init_common.f90` 3处, `m3dc1_nint.f90` 2处。","unstructured/init_common.f90:309: tanh((real(ps079(:,OP_1))-(psibound+denoff*(psibound-psimin)))&
unstructured/init_common.f90:315: temp79a = ((real(ps079(:,OP_1))-psimin)/(psibound-psimin) - denoff)&
unstructured/init_common.f90:338: (1. + tanh((temp79b-(1.+denoff))/dendelt))
unstructured/m3dc1_nint.f90:989: where(real(temp79a).lt.denoff .and. real(temp79b).gt.0.)
unstructured/m3dc1_nint.f90:1826: where(real(temp79a).ge.denoff .and. real(temp79b).le.0.)"
divertors,divertors,&inputnl,Grad-Shafranov Solver,integer,0,4,unstructured/gradshafranov.f90(4),源码引用 4 处；主要在 `gradshafranov.f90` 4处。,"unstructured/gradshafranov.f90:301: print *, ""Calculating fields due to divertors""
unstructured/gradshafranov.f90:302: if(divertors.ge.1) then
unstructured/gradshafranov.f90:305: if(divertors.eq.2) zc(2) = -zdiv
unstructured/gradshafranov.f90:307: call field_from_coils(xc,zc,ic,divertors,psi_coil_field,0,ierr)"
xdiv,xdiv,&inputnl,Grad-Shafranov Solver,real,0.,1,unstructured/gradshafranov.f90(1),源码引用 1 处；主要在 `gradshafranov.f90` 1处。,unstructured/gradshafranov.f90:303: xc(1:2) = xdiv
zdiv,zdiv,&inputnl,Grad-Shafranov Solver,real,0.,2,unstructured/gradshafranov.f90(2),源码引用 2 处；主要在 `gradshafranov.f90` 2处。,"unstructured/gradshafranov.f90:304: zc(1) = zdiv
unstructured/gradshafranov.f90:305: if(divertors.eq.2) zc(2) = -zdiv"
divcur,divcur,&inputnl,Grad-Shafranov Solver,real,0.1,2,unstructured/gradshafranov.f90(1); unstructured/init_basicq.f90(1),"源码引用 2 处；主要在 `gradshafranov.f90` 1处, `init_basicq.f90` 1处。","unstructured/gradshafranov.f90:306: ic(1:2) = fac*divcur
unstructured/init_basicq.f90:41: q14_qp = divcur"
xnull,xnull,&inputnl,Grad-Shafranov Solver,real,0.,20,unstructured/diagnostics.f90(11); unstructured/gradshafranov.f90(4); unstructured/restart_hdf5.f90(2); unstructured/gread_restart_c11.fh(1); unstructured/input.f90(1); unstructured/output.f90(1),"源码引用 20 处；主要在 `diagnostics.f90` 11处, `gradshafranov.f90` 4处, `restart_hdf5.f90` 2处, `gread_restart_c11.fh` 1处。","unstructured/diagnostics.f90:1283: if(xnull.ne.0) psii_null = (psinull - psimin)/dpsii
unstructured/diagnostics.f90:1287: (xnull.eq.0. .or. psii.gt.psii_null) .and. &
unstructured/diagnostics.f90:1301: if(xnull.gt.0) then
unstructured/diagnostics.f90:1304: if((x-xmag)*(xnull-xmag) + (z-zmag)*(znull-zmag) .gt. 0.) then
unstructured/diagnostics.f90:1308: rl.gt.sqrt((xmag-xnull)**2 + (zmag-znull)**2)) then
unstructured/diagnostics.f90:2152: if(xnull .gt. 0.) call magaxis(xnull,znull,temp_field,psinull,1,ier)
unstructured/diagnostics.f90:2156: if(xnull.gt.0.) then
unstructured/diagnostics.f90:2157: call evaluate(xnull,0.,znull,dum1,temp_field,itri,ier)
unstructured/diagnostics.f90:2166: if(xnull.gt.0) then
unstructured/diagnostics.f90:2169: write(*,'(A,2E12.4)') ' X-point 1 found at ', xnull, znull"
znull,znull,&inputnl,Grad-Shafranov Solver,real,0.,15,unstructured/diagnostics.f90(6); unstructured/gradshafranov.f90(4); unstructured/restart_hdf5.f90(2); unstructured/gread_restart_c11.fh(1); unstructured/input.f90(1); unstructured/output.f90(1),"源码引用 15 处；主要在 `diagnostics.f90` 6处, `gradshafranov.f90` 4处, `restart_hdf5.f90` 2处, `gread_restart_c11.fh` 1处。","unstructured/diagnostics.f90:1304: if((x-xmag)*(xnull-xmag) + (z-zmag)*(znull-zmag) .gt. 0.) then
unstructured/diagnostics.f90:1308: rl.gt.sqrt((xmag-xnull)**2 + (zmag-znull)**2)) then
unstructured/diagnostics.f90:2152: if(xnull .gt. 0.) call magaxis(xnull,znull,temp_field,psinull,1,ier)
unstructured/diagnostics.f90:2157: call evaluate(xnull,0.,znull,dum1,temp_field,itri,ier)
unstructured/diagnostics.f90:2169: write(*,'(A,2E12.4)') ' X-point 1 found at ', xnull, znull
unstructured/diagnostics.f90:2178: write(*,'(A,2E12.4)') ' X-point 1 NOT found near ', xnull, znull
unstructured/gradshafranov.f90:143: print *, 'Doing feedback', xmag-xmag0, zmag-zmag0,xnull-xnull0,znull-znull0
unstructured/gradshafranov.f90:156: znulli = znulli + (znull-znull0)
unstructured/gradshafranov.f90:180: (gs_vertical_feedback_x(coil_mask(i))*(znull-znull0) &
unstructured/gradshafranov.f90:1255: znull0 = znull"
mod_null_rs,mod_null_rs,&inputnl,Grad-Shafranov Solver,integer,0,1,unstructured/restart_hdf5.f90(1),源码引用 1 处；主要在 `restart_hdf5.f90` 1处。,unstructured/restart_hdf5.f90:159: if(mod_null_rs .eq.0) then
xnull2,xnull2,&inputnl,Grad-Shafranov Solver,real,0.,15,unstructured/diagnostics.f90(11); unstructured/restart_hdf5.f90(2); unstructured/input.f90(1); unstructured/output.f90(1),"源码引用 15 处；主要在 `diagnostics.f90` 11处, `restart_hdf5.f90` 2处, `input.f90` 1处, `output.f90` 1处。","unstructured/diagnostics.f90:1284: if(xnull2.ne.0) psii_null2 = (psinull2 - psimin)/dpsii
unstructured/diagnostics.f90:1288: (xnull2.eq.0. .or. psii.gt.psii_null2)) then
unstructured/diagnostics.f90:1316: if(xnull2.gt.0) then
unstructured/diagnostics.f90:1319: if((x-xmag)*(xnull2-xmag) + (z-zmag)*(znull2-zmag) .gt. 0.) then
unstructured/diagnostics.f90:1323: rl.gt.sqrt((xmag-xnull2)**2 + (zmag-znull2)**2)) then
unstructured/diagnostics.f90:2153: if(xnull2 .gt. 0.) call magaxis(xnull2,znull2,temp_field,psinull2,1,ier2)
unstructured/diagnostics.f90:2160: if(xnull2.gt.0.) then
unstructured/diagnostics.f90:2161: call evaluate(xnull2,0.,znull2,dum1,temp_field,itri,ier2)
unstructured/diagnostics.f90:2182: if(xnull2 .gt. 0) then
unstructured/diagnostics.f90:2185: write(*,'(A,2E12.4)') ' X-point 2 found at ', xnull2, znull2"
znull2,znull2,&inputnl,Grad-Shafranov Solver,real,0.,9,unstructured/diagnostics.f90(6); unstructured/restart_hdf5.f90(2); unstructured/output.f90(1),"源码引用 9 处；主要在 `diagnostics.f90` 6处, `restart_hdf5.f90` 2处, `output.f90` 1处。","unstructured/diagnostics.f90:1319: if((x-xmag)*(xnull2-xmag) + (z-zmag)*(znull2-zmag) .gt. 0.) then
unstructured/diagnostics.f90:1323: rl.gt.sqrt((xmag-xnull2)**2 + (zmag-znull2)**2)) then
unstructured/diagnostics.f90:2153: if(xnull2 .gt. 0.) call magaxis(xnull2,znull2,temp_field,psinull2,1,ier2)
unstructured/diagnostics.f90:2161: call evaluate(xnull2,0.,znull2,dum1,temp_field,itri,ier2)
unstructured/diagnostics.f90:2185: write(*,'(A,2E12.4)') ' X-point 2 found at ', xnull2, znull2
unstructured/diagnostics.f90:2194: write(*,'(A,2E12.4)') ' X-point 2 NOT found near ', xnull2, znull2
unstructured/output.f90:423: call output_scalar(scalar_group_id, ""znull2"" ,znull2 ,ntime,error)
unstructured/restart_hdf5.f90:153: call read_scalar(scalar_group_id, ""znull2"" , znull2t , ntime, error)
unstructured/restart_hdf5.f90:165: znull2 = znull2t"
mod_null_rs2,mod_null_rs2,&inputnl,Grad-Shafranov Solver,integer,0,1,unstructured/restart_hdf5.f90(1),源码引用 1 处；主要在 `restart_hdf5.f90` 1处。,unstructured/restart_hdf5.f90:163: if(mod_null_rs2 .eq.0) then
gs_pf_psi_width,gs_pf_psi_width,&inputnl,Grad-Shafranov Solver,real,0.,3,unstructured/gradshafranov.f90(3),源码引用 3 处；主要在 `gradshafranov.f90` 3处。,"unstructured/gradshafranov.f90:3500: if(gs_pf_psi_width.eq.0.) then
unstructured/gradshafranov.f90:3504: t = tanh((psin - psin0)/gs_pf_psi_width)
unstructured/gradshafranov.f90:3508: psin_in_pf_region = 2.*psin0 - psin + 2.*gs_pf_psi_width*t"
xnull0,xnull0,&inputnl,Grad-Shafranov Solver,real,0.,6,unstructured/gradshafranov.f90(6),源码引用 6 处；主要在 `gradshafranov.f90` 6处。,"unstructured/gradshafranov.f90:143: print *, 'Doing feedback', xmag-xmag0, zmag-zmag0,xnull-xnull0,znull-znull0
unstructured/gradshafranov.f90:155: xnulli = xnulli + (xnull-xnull0)
unstructured/gradshafranov.f90:177: if((xnull0.gt.0. .and. itnum.gt.10).and.(do_feedback_x)) then
unstructured/gradshafranov.f90:181: +gs_radial_feedback_x(coil_mask(i))*(xnull-xnull0) &
unstructured/gradshafranov.f90:1253: if(xnull0.eq.0) then
unstructured/gradshafranov.f90:1254: xnull0 = xnull"
znull0,znull0,&inputnl,Grad-Shafranov Solver,real,0.,4,unstructured/gradshafranov.f90(4),源码引用 4 处；主要在 `gradshafranov.f90` 4处。,"unstructured/gradshafranov.f90:143: print *, 'Doing feedback', xmag-xmag0, zmag-zmag0,xnull-xnull0,znull-znull0
unstructured/gradshafranov.f90:156: znulli = znulli + (znull-znull0)
unstructured/gradshafranov.f90:180: (gs_vertical_feedback_x(coil_mask(i))*(znull-znull0) &
unstructured/gradshafranov.f90:1255: znull0 = znull"
adapt_qs,adapt_qs,&inputnl,Grad-Shafranov Solver,real array,0.,3,unstructured/adapt.f90(3),源码引用 3 处；主要在 `adapt.f90` 3处。,"unstructured/adapt.f90:185: if(any(adapt_qs.ne.0.)) then
unstructured/adapt.f90:199: if(adapt_qs(j).ne.0.) then
unstructured/adapt.f90:201: exp(-(q - adapt_qs(j))**2 / (2.*adapt_pack_factor**2))"
adapt_zlow,adapt_zlow,&inputnl,Grad-Shafranov Solver,real,0.,1,unstructured/adapt.f90(1),源码引用 1 处；主要在 `adapt.f90` 1处。,unstructured/adapt.f90:137: ((adapt_zlow.ne.0.).and.(z_79(i).lt.adapt_zlow))
adapt_zup,adapt_zup,&inputnl,Grad-Shafranov Solver,real,0.,1,unstructured/adapt.f90(1),源码引用 1 处；主要在 `adapt.f90` 1处。,unstructured/adapt.f90:136: do_z_coarsen = ((adapt_zup.ne.0.).and.(z_79(i).gt.adapt_zup)).or. &
numvar,numvar,&inputnl,Model Options,integer,3,534,unstructured/ludef_t.f90(184); unstructured/ludef_t_gpu.f90(115); unstructured/time_step_split.f90(43); unstructured/time_step_unsplit.f90(27); unstructured/hypervisc.f90(17); unstructured/diagnostics.f90(14); unstructured/model.f90(14); unstructured/metricterms_new.f90(12),"源码引用 534 处；主要在 `ludef_t.f90` 184处, `ludef_t_gpu.f90` 115处, `time_step_split.f90` 43处, `time_step_unsplit.f90` 27处。","unstructured/adapt.f90:480: if (numvar .eq. 1 ) call elem_residule (elm_error_res(1,:), elm_error_res(2,:))
unstructured/auxiliary_fields.f90:765: if(numvar.gt.1) then
unstructured/auxiliary_fields.f90:782: if(numvar.gt.1) then
unstructured/auxiliary_fields.f90:816: if(numvar.ge.2) then
unstructured/auxiliary_fields.f90:834: if(numvar.ge.3) then
unstructured/auxiliary_fields.f90:859: if(numvar.ge.2) then
unstructured/auxiliary_fields.f90:868: if(numvar.ge.3) then
unstructured/auxiliary_fields.f90:890: if(numvar.gt.1) then
unstructured/auxiliary_fields.f90:901: if(numvar.gt.1) then
unstructured/auxiliary_fields.f90:923: if(numvar.gt.1) then"
linear,linear,&inputnl,Model Options,integer,0,221,unstructured/ludef_t.f90(69); unstructured/ludef_t_gpu.f90(40); unstructured/input.f90(19); unstructured/metricterms_new.f90(12); unstructured/metricterms_new_gpu.f90(12); unstructured/newpar.f90(8); unstructured/auxiliary_fields.f90(7); unstructured/adapt.f90(6),"源码引用 221 处；主要在 `ludef_t.f90` 69处, `ludef_t_gpu.f90` 40处, `input.f90` 19处, `metricterms_new.f90` 12处。","unstructured/adapt.f90:340: if(irestart .ne. 0 .or. linear .eq. 0) return
unstructured/adapt.f90:538: if(irestart .ne. 0 .or. linear .eq. 0) return
unstructured/adapt.f90:616: if (linear .eq. 0 .and. iadapt_ntime .eq. 0) then
unstructured/adapt.f90:618: if (myrank .eq. 0) print *, ""diagnose_adapt: run adaptation every time step (non-linear)""
unstructured/adapt.f90:621: if(linear .eq. 1 .and. adapt_ke .gt. 0 .and. ekin .gt. adapt_ke) then
unstructured/adapt.f90:623: if (myrank .eq. 0) print *, ""diagnose_adapt: run adaptation as ekin is greater than adapt_ke"", adapt_ke, ""(linear)""
unstructured/auxiliary_fields.f90:261: if(linear.eq.1 .and. ilin.eq.1) then
unstructured/auxiliary_fields.f90:278: if(linear.eq.1 .and. ilin.eq.1) then
unstructured/auxiliary_fields.f90:292: if(ieqsub.eq.1 .and. ilin.eq.1 .and. linear.eq.0) then
unstructured/auxiliary_fields.f90:383: if(linear.eq.1 .and. ilin.eq.1) then"
eqsubtract,eqsubtract,&inputnl,Model Options,integer,0,195,unstructured/ludef_t.f90(68); unstructured/ludef_t_gpu.f90(35); unstructured/output.f90(14); unstructured/diagnostics.f90(13); unstructured/newpar.f90(13); unstructured/adapt.f90(6); unstructured/electrostatic_potential.f90(5); unstructured/gradshafranov.f90(5),"源码引用 195 处；主要在 `ludef_t.f90` 68处, `ludef_t_gpu.f90` 35处, `output.f90` 14处, `diagnostics.f90` 13处。","unstructured/adapt.f90:115: if(eqsubtract.eq.1) then
unstructured/adapt.f90:284: if(eqsubtract.eq.0) then
unstructured/adapt.f90:385: if(eqsubtract.eq.0) then
unstructured/adapt.f90:396: if(eqsubtract.eq.1) then
unstructured/adapt.f90:581: if(eqsubtract.eq.0) then
unstructured/adapt.f90:592: if(eqsubtract.eq.1) then
unstructured/bootstrap.f90:650: if(eqsubtract.eq.1) then
unstructured/bootstrap.f90:804: if(eqsubtract.eq.1) then
unstructured/bootstrap.f90:1391: if(eqsubtract.eq.1) then
unstructured/bootstrap.f90:1449: if(eqsubtract.eq.1) then"
extsubtract,extsubtract,&inputnl,Model Options,integer,0,32,unstructured/rmp.f90(14); unstructured/output.f90(11); unstructured/newpar.f90(3); unstructured/input.f90(2); unstructured/init_conds.f90(1); unstructured/restart_hdf5.f90(1),"源码引用 32 处；主要在 `rmp.f90` 14处, `output.f90` 11处, `newpar.f90` 3处, `input.f90` 2处。","unstructured/init_conds.f90:689: if(itaylor.eq.41 .and. extsubtract.eq.0) then
unstructured/input.f90:1717: if(extsubtract.ne.0) then
unstructured/input.f90:1718: if(myrank.eq.0) print *, 'Error: with no external fields, set extsubtract=0'
unstructured/newpar.f90:877: if(extsubtract.eq.1) then ! also, external bfp
unstructured/newpar.f90:1396: if(extsubtract.eq.1) then
unstructured/newpar.f90:1452: if(extsubtract.eq.1) then
unstructured/output.f90:265: call write_int_attr (root_id, ""extsubtract"", extsubtract,error)
unstructured/output.f90:1052: (extsubtract.eq.1 .and. (ilin.eq.1 .or. eqsubtract.eq.0))) then
unstructured/output.f90:1068: if(extsubtract.eq.1 .and. (ilin.eq.1 .or. eqsubtract.eq.0)) then
unstructured/output.f90:1097: if(extsubtract.eq.1 .and. (ilin.eq.1 .or. eqsubtract.eq.0)) then"
icsubtract,icsubtract,&inputnl,Model Options,integer,0,82,unstructured/ludef_t.f90(34); unstructured/ludef_t_gpu.f90(18); unstructured/gradshafranov.f90(13); unstructured/output.f90(7); unstructured/diagnostics.f90(3); unstructured/restart_hdf5.f90(2); unstructured/adapt.f90(1); unstructured/init_conds.f90(1),"源码引用 82 处；主要在 `ludef_t.f90` 34处, `ludef_t_gpu.f90` 18处, `gradshafranov.f90` 13处, `output.f90` 7处。","unstructured/adapt.f90:120: if(icsubtract.eq.1) then
unstructured/diagnostics.f90:2071: if(icsubtract.eq.1) call add(temp_field, psi_coil_field)
unstructured/diagnostics.f90:2837: if(icsubtract.eq.1) then
unstructured/diagnostics.f90:2867: if(icsubtract.eq.1) then
unstructured/gradshafranov.f90:367: if(icsubtract.eq.0) call add(psi_field(0),psi_coil_field)
unstructured/gradshafranov.f90:1435: if(icsubtract.eq.1) then
unstructured/gradshafranov.f90:1501: if(icsubtract.eq.1) then
unstructured/gradshafranov.f90:1530: if(icsubtract.eq.1) then
unstructured/gradshafranov.f90:1559: if(icsubtract.eq.1) then
unstructured/gradshafranov.f90:1588: if(icsubtract.eq.1) then"
idens,idens,&inputnl,Model Options,integer,0,111,unstructured/ludef_t.f90(31); unstructured/time_step_split.f90(18); unstructured/ludef_t_gpu.f90(15); unstructured/metricterms_new_gpu.f90(14); unstructured/time_step_unsplit.f90(13); unstructured/metricterms_new.f90(9); unstructured/diagnostics.f90(2); unstructured/input.f90(2),"源码引用 111 处；主要在 `ludef_t.f90` 31处, `time_step_split.f90` 18处, `ludef_t_gpu.f90` 15处, `metricterms_new_gpu.f90` 14处。","unstructured/diagnostics.f90:1013: if(idens.eq.1) then
unstructured/diagnostics.f90:1096: if(idens.eq.1) then
unstructured/electrostatic_potential.f90:740: if(idens.eq.1 .and. eqsubtract.eq.1) then
unstructured/init_3ddiffusion.f90:95: if(idens.eq.1) den1_l = p1_l
unstructured/init_gem.f90:108: if(idens.eq.1) then
unstructured/init_wave.f90:202: if(idens.eq.1) then
unstructured/input.f90:1660: density_source = idens.eq.1 .and. linear.eq.0 .and. &
unstructured/input.f90:1845: density_source = idens.eq.1 .and. linear.eq.0 .and. ipellet.ge.1 &
unstructured/ludef_t.f90:224: if(idens.eq.1) then
unstructured/ludef_t.f90:295: if(idens.eq.1) then"
ipres,ipres,&inputnl,Model Options,integer,0,128,unstructured/time_step_split.f90(45); unstructured/ludef_t.f90(21); unstructured/ludef_t_gpu.f90(20); unstructured/time_step_unsplit.f90(17); unstructured/input.f90(7); unstructured/kprad.f90(4); unstructured/auxiliary_fields.f90(2); unstructured/gradshafranov.f90(2),"源码引用 128 处；主要在 `time_step_split.f90` 45处, `ludef_t.f90` 21处, `ludef_t_gpu.f90` 20处, `time_step_unsplit.f90` 17处。","unstructured/auxiliary_fields.f90:435: if(ipressplit.eq.1 .and. ipres.eq.1) then
unstructured/auxiliary_fields.f90:631: if(ipres.eq.0) then
unstructured/diagnostics.f90:790: if(numvar.ge.3 .or. ipres.eq.1) then
unstructured/gradshafranov.f90:712: if(ipres.eq.0 .and. allocated(te_spline%y) .and. eqsubtract.eq.0) then
unstructured/gradshafranov.f90:716: & ipres=0 and eqsubtract=0'
unstructured/input.f90:367: ""Min. Temp. used in Equipartition term for ipres=1"", transp_grp)
unstructured/input.f90:1424: if(ipres.eq.0 .and. numvar.lt.3) then
unstructured/input.f90:1425: if(myrank.eq.0) print *, 'imp_temp=1 not allowed with ipres=0 and numvar<3'
unstructured/input.f90:1667: heat_source = linear.eq.0 .and. (numvar.ge.3 .or. ipres.eq.1) .and. &
unstructured/input.f90:1674: (numvar.ge.3 .or. ipres.eq.1) .and. &"
ipressplit,ipressplit,&inputnl,Model Options,integer,0,69,unstructured/time_step_split.f90(32); unstructured/ludef_t_gpu.f90(14); unstructured/ludef_t.f90(12); unstructured/input.f90(8); unstructured/auxiliary_fields.f90(1); unstructured/output.f90(1); unstructured/time_step.f90(1),"源码引用 69 处；主要在 `time_step_split.f90` 32处, `ludef_t_gpu.f90` 14处, `ludef_t.f90` 12处, `input.f90` 8处。","unstructured/auxiliary_fields.f90:435: if(ipressplit.eq.1 .and. ipres.eq.1) then
unstructured/input.f90:1414: if(ipressplit.eq.0 .and. itemp.eq.1) then
unstructured/input.f90:1415: if(myrank.eq.0) print *, ""itemp=1 not allowed with ipressplit=0""
unstructured/input.f90:1418: if(ipressplit.eq.1 .and. numvar.ne.3 ) then
unstructured/input.f90:1419: if(myrank.eq.0) print *, ""ipressplit=1 not allowed with numvar < 3""
unstructured/input.f90:1438: if(isplitstep.eq.0 .and. ipressplit.eq.1) then
unstructured/input.f90:1439: if(myrank.eq.0) print *, ""ipressplit=1 not allowed with isplitstep=0""
unstructured/input.f90:1737: ipressplit.ne.0) then
unstructured/input.f90:1740: 'linear=1, isplitstep=0, ipres=1,itemp=0,ipressplit=0'
unstructured/ludef_t.f90:5199: if((ipres.eq.1 .and. numvar.lt.3) .or. ipressplit.eq.1) then"
itemp,itemp,&inputnl,Model Options,integer,0,50,unstructured/input.f90(11); unstructured/time_step_split.f90(8); unstructured/transport.f90(7); unstructured/ludef_t.f90(6); unstructured/m3dc1_nint.f90(6); unstructured/ludef_t_gpu.f90(5); unstructured/kprad.f90(3); unstructured/newpar.f90(1),"源码引用 50 处；主要在 `input.f90` 11处, `time_step_split.f90` 8处, `transport.f90` 7处, `ludef_t.f90` 6处。","unstructured/input.f90:418: ""1: Correct itemp=1 for time-varying density"", model_grp)
unstructured/input.f90:1414: if(ipressplit.eq.0 .and. itemp.eq.1) then
unstructured/input.f90:1415: if(myrank.eq.0) print *, ""itemp=1 not allowed with ipressplit=0""
unstructured/input.f90:1433: if(z_ion .ne. 1.0 .and. itemp.eq.1) then
unstructured/input.f90:1434: if(myrank.eq.0) print *, ""itemp=1 not allowed with z_ion .gt. 1""
unstructured/input.f90:1448: if(itemp.eq.0 .and. ikapparfunc.eq.2) then
unstructured/input.f90:1449: if(myrank.eq.0) print *, ""ikapparfunc=2 not allowed with itemp=0""
unstructured/input.f90:1736: itemp.ne.0 .or. &
unstructured/input.f90:1740: 'linear=1, isplitstep=0, ipres=1,itemp=0,ipressplit=0'
unstructured/input.f90:1775: if(itemp.eq.0 .and. kappai_fac.ne.1.) then"
iadiabat,iadiabat,&inputnl,Model Options,integer,1,7,unstructured/ludef_t.f90(3); unstructured/ludef_t_gpu.f90(3); unstructured/temperature_plots.f90(1),"源码引用 7 处；主要在 `ludef_t.f90` 3处, `ludef_t_gpu.f90` 3处, `temperature_plots.f90` 1处。","unstructured/ludef_t.f90:4141: if(iadiabat.eq.1) then
unstructured/ludef_t.f90:4587: if(idens.eq.1 .and. iadiabat.eq.1) then
unstructured/ludef_t.f90:4723: if(itemp.eq.1 .and. iadiabat.eq.1) then
unstructured/ludef_t_gpu.f90:4708: if(iadiabat.eq.1) then
unstructured/ludef_t_gpu.f90:5244: if(idens.eq.1 .and. iadiabat.eq.1) then
unstructured/ludef_t_gpu.f90:5382: if(itemp.eq.1 .and. iadiabat.eq.1) then
unstructured/temperature_plots.f90:402: if(iadiabat.eq.1) then"
gyro,gyro,&inputnl,Model Options,integer,0,25,unstructured/ludef_t.f90(8); unstructured/diagnostics.f90(3); unstructured/read_gyro.f90(3); unstructured/ludef_t_gpu.f90(2); unstructured/read_namelist.cpp(2); unstructured/init_mri.f90(1); unstructured/init_wave.f90(1); unstructured/input.f90(1),"源码引用 25 处；主要在 `ludef_t.f90` 8处, `diagnostics.f90` 3处, `read_gyro.f90` 3处, `ludef_t_gpu.f90` 2处。","unstructured/diagnostics.f90:786: if(gyro.eq.1 .or. amupar.ne.0) then
unstructured/diagnostics.f90:829: if(gyro.eq.1) call gyro_common
unstructured/diagnostics.f90:1074: if(gyro.eq.1) call gyro_common
unstructured/init_mri.f90:53: nu = db*0.5*gyro*pi0/bzero
unstructured/init_wave.f90:48: bi = 2.*pi0*gyro
unstructured/input.f90:1271: ""1: Enable gyro-averaging for PIC simulation"", particle_grp)
unstructured/ludef_t.f90:514: if(gyro.eq.1 .or. amupar.ne.0 .or. ipforce.ge.1) then
unstructured/ludef_t.f90:522: if(gyro.eq.1 .and. db.ne.0.) then
unstructured/ludef_t.f90:1092: if(gyro.eq.1 .or. amupar.ne.0.) then
unstructured/ludef_t.f90:1100: if(gyro.eq.1 .and. db.ne.0.) then"
igauge,igauge,&inputnl,Model Options,integer,0,3,unstructured/ludef_t.f90(1); unstructured/ludef_t_gpu.f90(1); unstructured/model.f90(1),"源码引用 3 处；主要在 `ludef_t.f90` 1处, `ludef_t_gpu.f90` 1处, `model.f90` 1处。","unstructured/ludef_t.f90:2694: if(igauge.eq.1) then
unstructured/ludef_t_gpu.f90:3104: if(igauge.eq.1) then
unstructured/model.f90:510: if(igauge.eq.0) temp(1) = temp(1) + dt*vloop/toroidal_period"
inertia,inertia,&inputnl,Model Options,integer,1,72,unstructured/metricterms_new_gpu.f90(51); unstructured/metricterms_new.f90(21),"源码引用 72 处；主要在 `metricterms_new_gpu.f90` 51处, `metricterms_new.f90` 21处。","unstructured/metricterms_new.f90:268: if(inertia.eq.0) then
unstructured/metricterms_new.f90:301: if(inertia.eq.0) then
unstructured/metricterms_new.f90:337: if(inertia.eq.0) then
unstructured/metricterms_new.f90:365: if(inertia.eq.0) then
unstructured/metricterms_new.f90:403: if(inertia.eq.0) then
unstructured/metricterms_new.f90:437: if(inertia.eq.0) then
unstructured/metricterms_new.f90:475: if(inertia.eq.0) then
unstructured/metricterms_new.f90:504: if(inertia.eq.0) then
unstructured/metricterms_new.f90:532: if(inertia.eq.0) then
unstructured/metricterms_new.f90:563: if(inertia.eq.0) then"
itwofluid,itwofluid,&inputnl,Model Options,integer,1,89,unstructured/metricterms_new.f90(33); unstructured/metricterms_new_gpu.f90(33); unstructured/ludef_t.f90(13); unstructured/electrostatic_potential.f90(6); unstructured/harned_mikic.f90(2); unstructured/time_step_split.f90(2),"源码引用 89 处；主要在 `metricterms_new.f90` 33处, `metricterms_new_gpu.f90` 33处, `ludef_t.f90` 13处, `electrostatic_potential.f90` 6处。","unstructured/electrostatic_potential.f90:393: if(itwofluid.eq.0 .or. db.eq.0.) then
unstructured/electrostatic_potential.f90:424: if(itwofluid.eq.0 .or. db.eq.0.) then
unstructured/electrostatic_potential.f90:458: if(itwofluid.eq.0 .or. db.eq.0.) then
unstructured/electrostatic_potential.f90:492: if(itwofluid.eq.0 .or. db.eq.0.) then
unstructured/electrostatic_potential.f90:523: if(itwofluid.eq.0 .or. db.eq.0.) then
unstructured/electrostatic_potential.f90:558: if(itwofluid.eq.0 .or. db.eq.0.) then
unstructured/harned_mikic.f90:17: if(itwofluid.ne.1 .or. surface_int .or. &
unstructured/harned_mikic.f90:107: if(itwofluid.ne.1 .or. surface_int .or. &
unstructured/ludef_t.f90:458: if(db .gt. 0 .and. itwofluid.eq.2) then
unstructured/ludef_t.f90:479: if(db .gt. 0 .and. itwofluid.eq.2) then"
ibootstrap,ibootstrap,&inputnl,Model Options,integer,0,115,unstructured/newpar.f90(25); unstructured/adapt.f90(20); unstructured/bootstrap.f90(19); unstructured/transport.f90(19); unstructured/auxiliary_fields.f90(11); unstructured/output.f90(11); unstructured/m3dc1_nint.f90(5); unstructured/diagnostics.f90(4),"源码引用 115 处；主要在 `newpar.f90` 25处, `adapt.f90` 20处, `bootstrap.f90` 19处, `transport.f90` 19处。","unstructured/adapt.f90:368: if(ibootstrap.gt.0) visc_e_field = 0.
unstructured/adapt.f90:369: if(ibootstrap.gt.0) Jbs_L31_field = 0.
unstructured/adapt.f90:370: if(ibootstrap.gt.0) Jbs_L32_field = 0.
unstructured/adapt.f90:371: if(ibootstrap.gt.0) Jbs_L34_field = 0.
unstructured/adapt.f90:372: if(ibootstrap.gt.0) Jbs_alpha_field = 0.
unstructured/adapt.f90:373: if(ibootstrap.gt.0) Jbs_fluxavg_iBsq_field = 0.
unstructured/adapt.f90:374: if(ibootstrap.eq.2 .or. ibootstrap.eq.3 ) Jbs_dtedpsit_field = 0.
unstructured/adapt.f90:375: if(ibootstrap.eq.3) Jbs_ftrap_field = 0.
unstructured/adapt.f90:376: if(ibootstrap.eq.3) Jbs_qR_field = 0.
unstructured/adapt.f90:377: if(ibootstrap.eq.3) Jbs_invAspectRatio_field = 0."
irunaway,irunaway,&inputnl,Model Options,integer,0,86,unstructured/time_step_split.f90(19); unstructured/time_step_unsplit.f90(12); unstructured/ludef_t.f90(10); unstructured/ludef_t_gpu.f90(10); unstructured/metricterms_new_gpu.f90(8); unstructured/metricterms_new.f90(5); unstructured/electric_field.f90(4); unstructured/runaway.f90(4),"源码引用 86 处；主要在 `time_step_split.f90` 19处, `time_step_unsplit.f90` 12处, `ludef_t.f90` 10处, `ludef_t_gpu.f90` 10处。","unstructured/auxiliary_fields.f90:748: if (irunaway.ge.1) def_fields = def_fields + FIELD_RE
unstructured/auxiliary_fields.f90:1243: if (irunaway.ge.1) def_fields = def_fields + FIELD_RE
unstructured/diagnostics.f90:796: if(irunaway.gt.0) then
unstructured/diagnostics.f90:1000: if(irunaway.gt.0) then
unstructured/electric_field.f90:25: if (.not.((kinetic.eq.1).or.((irunaway.ge.1).and.(ra_characteristics.eq.1)))) then
unstructured/electric_field.f90:155: if (.not.((kinetic.eq.1).or.((irunaway.ge.1).and.(ra_characteristics.eq.1)))) then
unstructured/electric_field.f90:280: if (.not.((kinetic.eq.1).or.((irunaway.ge.1).and.(ra_characteristics.eq.1)))) then
unstructured/electric_field.f90:489: if(irunaway .gt. 0) then
unstructured/init_common.f90:748: if(irunaway == 2) nre079(:,OP_1) = 0.
unstructured/init_conds.f90:679: if(irunaway .gt. 0) then"
cre,cre,&inputnl,Model Options,integer,0,8,unstructured/metricterms_new.f90(2); unstructured/metricterms_new_gpu.f90(2); unstructured/runaway.f90(2); unstructured/runaway_advection.f90(2),"源码引用 8 处；主要在 `metricterms_new.f90` 2处, `metricterms_new_gpu.f90` 2处, `runaway.f90` 2处, `runaway_advection.f90` 2处。","unstructured/metricterms_new.f90:9194: temp = temp * 1.000 * cre * bzsign
unstructured/metricterms_new.f90:9221: temp = temp * 1.000 * cre * bzsign
unstructured/metricterms_new_gpu.f90:18602: temp = temp * 1.000 * cre
unstructured/metricterms_new_gpu.f90:18630: temp = temp * 1.000 * cre
unstructured/runaway.f90:115: nra = nre/ec/cre/va
unstructured/runaway.f90:139: dndt = (sd*esign + sa)*cre*ec*va
unstructured/runaway_advection.f90:485: if (cre==0) cre=3.0e8/(v0_norm/100.)
unstructured/runaway_advection.f90:587: dpar%v(1) = v0_norm/100*cre*bzsign"
ra_cyc,ra_cyc,&inputnl,Model Options,integer,1,15,unstructured/ludef_t.f90(11); unstructured/runaway_advection.f90(2); unstructured/ludef_t_gpu.f90(1); unstructured/time_step_split.f90(1),"源码引用 15 处；主要在 `ludef_t.f90` 11处, `runaway_advection.f90` 2处, `ludef_t_gpu.f90` 1处, `time_step_split.f90` 1处。","unstructured/ludef_t.f90:6163: tempx = nre1nrediff(mu79,nu79(j,:,:))/ra_cyc * radiff
unstructured/ludef_t.f90:6169: tempx = nre1nrepsi(mu79,nu79(j,:,:),bi79,pst79)/ra_cyc
unstructured/ludef_t.f90:6173: tempx = nre1nreu(mu79,nu79(j,:,:),pht79)/ra_cyc
unstructured/ludef_t.f90:6178: tempx = nre1nrepsi(mu79,nre079,bi79,nu79(j,:,:))/ra_cyc
unstructured/ludef_t.f90:6186: tempx = nre1nreu(mu79,nre079,nu79(j,:,:))/ra_cyc
unstructured/ludef_t.f90:6190: tempx = nre1nreb(mu79,nu79(j,:,:),bi79,bzt79)/ra_cyc
unstructured/ludef_t.f90:6195: tempx = nre1nrev(mu79,nu79(j,:,:),vzt79)/ra_cyc
unstructured/ludef_t.f90:6200: tempx = nre1nreb(mu79,nre079,bi79,nu79(j,:,:))/ra_cyc
unstructured/ludef_t.f90:6203: tempx = nre1nrev(mu79,nre079,nu79(j,:,:))/ra_cyc
unstructured/ludef_t.f90:6209: tempx = nre1nrechi(mu79,nu79(j,:,:),cht79)/ra_cyc"
radiff,radiff,&inputnl,Model Options,real,0.,2,unstructured/ludef_t.f90(1); unstructured/ludef_t_gpu.f90(1),"源码引用 2 处；主要在 `ludef_t.f90` 1处, `ludef_t_gpu.f90` 1处。","unstructured/ludef_t.f90:6163: tempx = nre1nrediff(mu79,nu79(j,:,:))/ra_cyc * radiff
unstructured/ludef_t_gpu.f90:6974: rdiff = radiff"
rjra,rjra,&inputnl,Model Options,real,1.,1,unstructured/init_common.f90(1),源码引用 1 处；主要在 `init_common.f90` 1处。,"unstructured/init_common.f90:742: nre079(:,OP_1) = rjra*ps079(:,OP_GS)/bz079(:,OP_1)/bi79(:,OP_1)"
ra_characteristics,ra_characteristics,&inputnl,Model Options,integer,0,6,unstructured/electric_field.f90(3); unstructured/ludef_t.f90(1); unstructured/newpar.f90(1); unstructured/time_step_split.f90(1),"源码引用 6 处；主要在 `electric_field.f90` 3处, `ludef_t.f90` 1处, `newpar.f90` 1处, `time_step_split.f90` 1处。","unstructured/electric_field.f90:25: if (.not.((kinetic.eq.1).or.((irunaway.ge.1).and.(ra_characteristics.eq.1)))) then
unstructured/electric_field.f90:155: if (.not.((kinetic.eq.1).or.((irunaway.ge.1).and.(ra_characteristics.eq.1)))) then
unstructured/electric_field.f90:280: if (.not.((kinetic.eq.1).or.((irunaway.ge.1).and.(ra_characteristics.eq.1)))) then
unstructured/ludef_t.f90:6167: if (ra_characteristics.eq.1) cycle
unstructured/newpar.f90:365: if ((irunaway.ge.1).and.(ra_characteristics.eq.1)) call runaway_advection_initialize
unstructured/time_step_split.f90:694: if((irunaway .ge. 1).and.(ra_characteristics.eq.1)) call runaway_advection_step(dt*t0_norm)"
bzsign,bzsign,&inputnl,Model Options,real,0.,13,unstructured/runaway_advection.f90(4); unstructured/particle.f90(3); unstructured/init_common.f90(2); unstructured/metricterms_new.f90(2); unstructured/output.f90(1); unstructured/restart_hdf5.f90(1),"源码引用 13 处；主要在 `runaway_advection.f90` 4处, `particle.f90` 3处, `init_common.f90` 2处, `metricterms_new.f90` 2处。","unstructured/init_common.f90:758: call mpi_allreduce(bzsign_temp, bzsign, 1, MPI_DOUBLE_PRECISION, MPI_SUM, MPI_COMM_WORLD, ierr)
unstructured/init_common.f90:759: bzsign=sign(1.0, bzsign)
unstructured/metricterms_new.f90:9194: temp = temp * 1.000 * cre * bzsign
unstructured/metricterms_new.f90:9221: temp = temp * 1.000 * cre * bzsign
unstructured/output.f90:319: call write_real_attr(root_id, ""bzsign"" , bzsign, error)
unstructured/particle.f90:678: call mpi_allreduce(bzsign_temp, bzsign, 1, MPI_DOUBLE_PRECISION, MPI_SUM, MPI_COMM_WORLD, ierr)
unstructured/particle.f90:679: bzsign=sign(1.0, bzsign)
unstructured/particle.f90:680: if (bzsign>0) then
unstructured/restart_hdf5.f90:139: if ((irunaway.gt.0).or.(kinetic.eq.1)) call read_real_attr(root_id, ""bzsign"", bzsign, error)
unstructured/runaway_advection.f90:491: if (bzsign.eq.0) then"
imp_bf,imp_bf,&inputnl,Model Options,integer,0,64,unstructured/ludef_t.f90(21); unstructured/ludef_t_gpu.f90(21); unstructured/time_step_split.f90(8); unstructured/time_step_unsplit.f90(6); unstructured/input.f90(5); unstructured/model.f90(2); unstructured/newpar.f90(1),"源码引用 64 处；主要在 `ludef_t.f90` 21处, `ludef_t_gpu.f90` 21处, `time_step_split.f90` 8处, `time_step_unsplit.f90` 6处。","unstructured/input.f90:1488: if(i3d.eq.0 .and. imp_bf.ne.0) then
unstructured/input.f90:1489: imp_bf = 0
unstructured/input.f90:1590: if(numvar.eq.1 .and. imp_bf.eq.1) then
unstructured/input.f90:1591: imp_bf = 0
unstructured/input.f90:1592: if(myrank.eq.0) print *, 'WARNING: numvar==1; setting imp_bf = 0'
unstructured/ludef_t.f90:37: if(imp_bf.eq.1 .and. isplitstep.eq.0) then
unstructured/ludef_t.f90:716: if(imp_bf.eq.1 .and. isplitstep.eq.0) then
unstructured/ludef_t.f90:1285: if(imp_bf.eq.1 .and. isplitstep.eq.0) then
unstructured/ludef_t.f90:1914: if(imp_bf.eq.1) then
unstructured/ludef_t.f90:2793: if(imp_bf.eq.1) then"
imp_temp,imp_temp,&inputnl,Model Options,integer,0,4,unstructured/input.f90(3); unstructured/newpar.f90(1),"源码引用 4 处；主要在 `input.f90` 3处, `newpar.f90` 1处。","unstructured/input.f90:1423: if(imp_temp.eq.1) then
unstructured/input.f90:1425: if(myrank.eq.0) print *, 'imp_temp=1 not allowed with ipres=0 and numvar<3'
unstructured/input.f90:1429: if(myrank.eq.0) print *, 'imp_temp=1 not allowed with isplitstep=1'
unstructured/newpar.f90:831: if(itemp.eq.0 .and. (numvar.eq.3 .or. ipres.gt.0) .and. imp_temp.eq.0) then"
nosig,nosig,&inputnl,Model Options,integer,0,15,unstructured/metricterms_new_gpu.f90(10); unstructured/metricterms_new.f90(5),"源码引用 15 处；主要在 `metricterms_new_gpu.f90` 10处, `metricterms_new.f90` 5处。","unstructured/metricterms_new.f90:1710: if(idens.eq.0 .or. nosig.eq.1) then
unstructured/metricterms_new.f90:1739: if(idens.eq.0 .or. nosig.eq.1) then
unstructured/metricterms_new.f90:3253: if(idens.eq.0 .or. nosig.eq.1) then
unstructured/metricterms_new.f90:5380: if(idens.eq.0 .or. nosig.eq.1) then
unstructured/metricterms_new.f90:5409: if(idens.eq.0 .or. nosig.eq.1) then
unstructured/metricterms_new_gpu.f90:4151: if(idens.eq.0 .or. nosig.eq.1) then
unstructured/metricterms_new_gpu.f90:4186: if(idens.eq.0 .or. nosig.eq.1) then
unstructured/metricterms_new_gpu.f90:4224: if(idens.eq.0 .or. nosig.eq.1) then
unstructured/metricterms_new_gpu.f90:4260: if(idens.eq.0 .or. nosig.eq.1) then
unstructured/metricterms_new_gpu.f90:7215: if(idens.eq.0 .or. nosig.eq.1 .or. surface_int) then"
itor,itor,&inputnl,Model Options,integer,0,457,unstructured/metricterms_new_gpu.f90(192); unstructured/metricterms_new.f90(133); unstructured/gyroviscosity.f90(40); unstructured/harned_mikic.f90(14); unstructured/two_fluid.f90(13); unstructured/bootstrap.f90(9); unstructured/diagnostics.f90(9); unstructured/m3dc1_nint.f90(7),"源码引用 457 处；主要在 `metricterms_new_gpu.f90` 192处, `metricterms_new.f90` 133处, `gyroviscosity.f90` 40处, `harned_mikic.f90` 14处。","unstructured/auxiliary_fields.f90:969: if(itor.eq.0) temp79a = temp79a/rzero
unstructured/bootstrap.f90:348: if(itor.eq.1) then
unstructured/bootstrap.f90:1032: if(itor.eq.1) temp_delmagTe = temp_delmagTe + tet79(:,OP_DP)*tet79(:,OP_DP)*ri2_79
unstructured/bootstrap.f90:1051: if(itor.eq.1) tempCC = tempCC + tit79(:,OP_DP)*tet79(:,OP_DP)*ri2_79
unstructured/bootstrap.f90:1061: if(itor.eq.1) tempAA = tempAA + pt79(:,OP_DP)*tet79(:,OP_DP)*ri2_79
unstructured/bootstrap.f90:1086: if(itor.eq.1) tempAA = tempAA + net79(:,OP_DP)*tet79(:,OP_DP)*ri2_79
unstructured/bootstrap.f90:1213: if(itor.eq.1) then
unstructured/bootstrap.f90:1706: if(itor.eq.1) temp_delmagTe(i) = temp_delmagTe(i) + tet79(i,OP_DP)*tet79(i,OP_DP)*ri2_79(i)
unstructured/bootstrap.f90:1733: if(itor.eq.1) tempCC(i) = tempCC(i) + tit79(i,OP_DP)*tet79(i,OP_DP)*ri2_79(i)
unstructured/bootstrap.f90:1748: if(itor.eq.1) then"
iohmic_heating,iohmic_heating,&inputnl,Model Options,integer,1,4,unstructured/ludef_t.f90(2); unstructured/ludef_t_gpu.f90(2),"源码引用 4 处；主要在 `ludef_t.f90` 2处, `ludef_t_gpu.f90` 2处。","unstructured/ludef_t.f90:3583: if(iohmic_heating.eq.1) then
unstructured/ludef_t.f90:4164: .or. electron_temperature) .and. iohmic_heating.eq.1) then
unstructured/ludef_t_gpu.f90:4075: if(iohmic_heating.eq.1) then
unstructured/ludef_t_gpu.f90:4734: if((ipres.eq.0 .or. electron_temperature) .and. iohmic_heating.eq.1) then"
irad_heating,irad_heating,&inputnl,Model Options,integer,1,8,unstructured/ludef_t.f90(4); unstructured/ludef_t_gpu.f90(4),"源码引用 8 处；主要在 `ludef_t.f90` 4处, `ludef_t_gpu.f90` 4处。","unstructured/ludef_t.f90:4671: if(irad_heating.eq.1) then
unstructured/ludef_t.f90:4678: if(irad_heating.eq.1) then
unstructured/ludef_t.f90:4690: if(irad_heating.eq.1) then
unstructured/ludef_t.f90:4703: if(irad_heating.eq.1) then
unstructured/ludef_t_gpu.f90:5330: if(irad_heating.eq.1) then
unstructured/ludef_t_gpu.f90:5337: if(irad_heating.eq.1) then
unstructured/ludef_t_gpu.f90:5349: if(irad_heating.eq.1) then
unstructured/ludef_t_gpu.f90:5362: if(irad_heating.eq.1) then"
gravr,gravr,&inputnl,Model Options,real,0.,42,unstructured/metricterms_new.f90(19); unstructured/metricterms_new_gpu.f90(19); unstructured/init_mri.f90(2); unstructured/output.f90(1); unstructured/time_step_split.f90(1),"源码引用 42 处；主要在 `metricterms_new.f90` 19处, `metricterms_new_gpu.f90` 19处, `init_mri.f90` 2处, `output.f90` 1处。","unstructured/init_mri.f90:54: fac1 = sqrt(gravr)
unstructured/init_mri.f90:100: fac1 = eps*sqrt(gravr*x)
unstructured/metricterms_new.f90:1589: if(gravr.eq.0. .and. gravz.eq.0.) then
unstructured/metricterms_new.f90:1595: - gravr*intx3(e(:,:,OP_1),ri_79,f(:,OP_DZ))
unstructured/metricterms_new.f90:1615: if(gravr.eq.0. .and. gravz.eq.0.) then
unstructured/metricterms_new.f90:1623: - gravr*intx3(e(:,:,OP_DZ),ri2_79,temp79a)
unstructured/metricterms_new.f90:1646: if(gravr.eq.0. .and. gravz.eq.0.) then
unstructured/metricterms_new.f90:1655: - gravr*intx3(e(:,:,OP_DZ),ri2_79,temp79a)
unstructured/metricterms_new.f90:1679: if(gravr.eq.0. .and. gravz.eq.0.) then
unstructured/metricterms_new.f90:1687: - gravr*intx3(e(:,:,OP_DZ),ri2_79,temp79a)"
gravz,gravz,&inputnl,Model Options,real,0.,47,unstructured/metricterms_new.f90(22); unstructured/metricterms_new_gpu.f90(22); unstructured/init_gmode.f90(1); unstructured/output.f90(1); unstructured/time_step_split.f90(1),"源码引用 47 处；主要在 `metricterms_new.f90` 22处, `metricterms_new_gpu.f90` 22处, `init_gmode.f90` 1处, `output.f90` 1处。","unstructured/init_gmode.f90:53: fac1 = gravz*ln+gam*p0
unstructured/metricterms_new.f90:1589: if(gravr.eq.0. .and. gravz.eq.0.) then
unstructured/metricterms_new.f90:1594: temp = gravz*intx3(e(:,:,OP_1), r_79,f(:,OP_DR)) &
unstructured/metricterms_new.f90:1615: if(gravr.eq.0. .and. gravz.eq.0.) then
unstructured/metricterms_new.f90:1622: temp = gravz*intx2(e(:,:,OP_DR),temp79a) &
unstructured/metricterms_new.f90:1626: temp = temp + 2.*gravz*intx3(e(:,:,OP_1),ri_79,temp79a)
unstructured/metricterms_new.f90:1646: if(gravr.eq.0. .and. gravz.eq.0.) then
unstructured/metricterms_new.f90:1654: temp = gravz*intx2(e(:,:,OP_DR),temp79a) &
unstructured/metricterms_new.f90:1658: temp = temp + 2.*gravz*intx3(e(:,:,OP_1),ri_79,temp79a)
unstructured/metricterms_new.f90:1679: if(gravr.eq.0. .and. gravz.eq.0.) then"
istatic,istatic,&inputnl,Model Options,integer,0,10,unstructured/ludef_t.f90(4); unstructured/ludef_t_gpu.f90(4); unstructured/time_step.f90(1); unstructured/time_step_split.f90(1),"源码引用 10 处；主要在 `ludef_t.f90` 4处, `ludef_t_gpu.f90` 4处, `time_step.f90` 1处, `time_step_split.f90` 1处。","unstructured/ludef_t.f90:69: if(istatic.eq.1) then
unstructured/ludef_t.f90:739: if(istatic.eq.1 .or. izone.ne.ZONE_PLASMA) then
unstructured/ludef_t.f90:1308: if(istatic.eq.1) then
unstructured/ludef_t.f90:1317: if(istatic.eq.3) then ! zero out chi only
unstructured/ludef_t_gpu.f90:83: if(istatic.eq.1) then
unstructured/ludef_t_gpu.f90:852: if(istatic.eq.1 .or. izone.ne.1) then
unstructured/ludef_t_gpu.f90:1519: if(istatic.eq.1) then
unstructured/ludef_t_gpu.f90:1531: if(istatic.eq.3) then ! zero out chi only
unstructured/time_step.f90:133: if(istatic.eq.1 .and. isplitstep.eq.1) ivel_def = 0
unstructured/time_step_split.f90:824: if(istatic.ne.1) then"
iestatic,iestatic,&inputnl,Model Options,integer,0,8,unstructured/ludef_t.f90(3); unstructured/ludef_t_gpu.f90(3); unstructured/time_step.f90(1); unstructured/time_step_split.f90(1),"源码引用 8 处；主要在 `ludef_t.f90` 3处, `ludef_t_gpu.f90` 3处, `time_step.f90` 1处, `time_step_split.f90` 1处。","unstructured/ludef_t.f90:1943: if(iestatic.eq.1) then
unstructured/ludef_t.f90:2815: if(iestatic.eq.1) then
unstructured/ludef_t.f90:5225: if(isplitstep.ge.1 .and. iestatic.eq.0) then
unstructured/ludef_t_gpu.f90:2255: if(iestatic.eq.1) then
unstructured/ludef_t_gpu.f90:3230: if(iestatic.eq.1) then
unstructured/ludef_t_gpu.f90:5912: if(isplitstep.ge.1 .and. iestatic.eq.0) then
unstructured/time_step.f90:134: call ludefall(ivel_def, idens, ipres, ipressplit, 1-iestatic)
unstructured/time_step_split.f90:1271: if(iestatic.eq.0) then"
chiiner,chiiner,&inputnl,Model Options,real,1.,8,unstructured/ludef_t_gpu.f90(5); unstructured/ludef_t.f90(3),"源码引用 8 处；主要在 `ludef_t_gpu.f90` 5处, `ludef_t.f90` 3处。","unstructured/ludef_t.f90:87: tempx = v1chin(trialx,lin,rho79)*chiiner
unstructured/ludef_t.f90:110: tempx = v1chin(trialx,lin,rho79)*chiiner*freq_fac
unstructured/ludef_t.f90:1355: tempx = v3chin(trialx,lin,rho79)*chiiner*freq_fac
unstructured/ludef_t_gpu.f90:111: ADDTERM(chi_g,temp,chiiner,0)
unstructured/ludef_t_gpu.f90:143: ADDTERM(chi_g,temp,chiiner*freq_fac,chiiner*freq_fac*bdf)
unstructured/ludef_t_gpu.f90:145: ADDTERM(chi_g,temp,chiiner*freq_fac,0)
unstructured/ludef_t_gpu.f90:1589: ADDTERM(chi_g,temp,chiiner*freq_fac,chiiner*freq_fac*bdf)
unstructured/ludef_t_gpu.f90:1591: ADDTERM(chi_g,temp,chiiner*freq_fac,0)"
ieq_bdotgradt,ieq_bdotgradt,&inputnl,Model Options,integer,1,24,unstructured/ludef_t.f90(12); unstructured/ludef_t_gpu.f90(12),"源码引用 24 处；主要在 `ludef_t.f90` 12处, `ludef_t_gpu.f90` 12处。","unstructured/ludef_t.f90:3905: tempx = p1psipsipnkappar(trialx,lin,ps079,pp079,n079,ieq_bdotgradt) &
unstructured/ludef_t.f90:3907: + p1psibpnkappar (trialx,lin,bz079,pp079,n079,ieq_bdotgradt,1)
unstructured/ludef_t.f90:3912: tempx = p1psibpnkappar(trialx,ps079,lin,pp079,n079,1,ieq_bdotgradt)&
unstructured/ludef_t.f90:3913: + p1bbpnkappar (trialx,lin,bz079,pp079,n079,ieq_bdotgradt) &
unstructured/ludef_t.f90:3935: tempx = p1psifpnkappar(trialx,ps079,lin,pp079,n079,1,ieq_bdotgradt)&
unstructured/ludef_t.f90:3936: + p1bfpnkappar (trialx,bz079,lin,pp079,n079,1,ieq_bdotgradt)
unstructured/ludef_t.f90:4646: (p1psipsipnkappar(trialx,psx79,ps079,pp079,nn079,ieq_bdotgradt) &
unstructured/ludef_t.f90:4648: +p1psibpnkappar (trialx,psx79,bz079,pp079,nn079,ieq_bdotgradt,1) &
unstructured/ludef_t.f90:4649: +p1psibpnkappar (trialx,ps079,psx79,pp079,nn079,1,ieq_bdotgradt) &
unstructured/ludef_t.f90:4650: +p1bbpnkappar (trialx,bzx79,bz079,pp079,nn079,ieq_bdotgradt) &"
iwall_is_limiter,iwall_is_limiter,&inputnl,Model Options,integer,1,8,unstructured/gradshafranov.f90(3); unstructured/diagnostics.f90(2); unstructured/particle.f90(1); unstructured/particle_com.f90(1); unstructured/runaway_advection.f90(1),"源码引用 8 处；主要在 `gradshafranov.f90` 3处, `diagnostics.f90` 2处, `particle.f90` 1处, `particle_com.f90` 1处。","unstructured/diagnostics.f90:1556: if(izone.ne.1 .and. iwall_is_limiter.eq.1) ier = 2
unstructured/diagnostics.f90:2103: if(tw .and. (iwall_is_limiter.eq.1)) then
unstructured/gradshafranov.f90:1261: if(igs.ne.0) call lcfs(psi_vec, iwall_is_limiter.eq.1, &
unstructured/gradshafranov.f90:1322: call lcfs(psi_vec,iwall_is_limiter.eq.1, &
unstructured/gradshafranov.f90:1402: if(igs.ne.0) call lcfs(psi_vec, iwall_is_limiter.eq.1)
unstructured/particle.f90:291: print *, 'iwall_is_limiter = ', iwall_is_limiter
unstructured/particle_com.f90:289: print *, 'iwall_is_limiter = ', iwall_is_limiter
unstructured/runaway_advection.f90:210: print *, 'iwall_is_limiter = ', iwall_is_limiter"
no_vdg_T,no_vdg_T,&inputnl,Model Options,integer,0,2,unstructured/ludef_t.f90(1); unstructured/ludef_t_gpu.f90(1),"源码引用 2 处；主要在 `ludef_t.f90` 1处, `ludef_t_gpu.f90` 1处。","unstructured/ludef_t.f90:4237: if(no_vdg_T .eq. 0) then ! debug
unstructured/ludef_t_gpu.f90:4838: if(no_vdg_T .eq. 0) then ! debug"
ibootstrap_model,ibootstrap_model,&inputnl,Model Options,integer,0,29,unstructured/bootstrap.f90(24); unstructured/ludef_t.f90(4); unstructured/output.f90(1),"源码引用 29 处；主要在 `bootstrap.f90` 24处, `ludef_t.f90` 4处, `output.f90` 1处。","unstructured/bootstrap.f90:117: if(ibootstrap_model.eq.1 .or. ibootstrap_model.eq.3)then !Sauter & Angioni (1999)
unstructured/bootstrap.f90:124: else if (ibootstrap_model.eq.2 .or. ibootstrap_model.eq.4)then !Redl et al (2021)
unstructured/bootstrap.f90:207: if(ibootstrap_model.eq.1)then !Sauter & Angioni (1999)
unstructured/bootstrap.f90:214: else if (ibootstrap_model.eq.2)then !Redl et al (2021)
unstructured/bootstrap.f90:292: if(ibootstrap_model.eq.1)then !Sauter & Angioni (1999)
unstructured/bootstrap.f90:299: else if (ibootstrap_model.eq.2)then !Redl et al (2021)
unstructured/bootstrap.f90:326: if(ibootstrap_model.eq.1)then !Sauter & Angioni (1999)
unstructured/bootstrap.f90:333: else if (ibootstrap_model.eq.2)then !Redl et al (2021)
unstructured/bootstrap.f90:406: if(ibootstrap_model.eq.1)then !Sauter & Angioni (1999)
unstructured/bootstrap.f90:413: else if (ibootstrap_model.eq.2)then !Redl et al (2021)"
bootstrap_alpha,bootstrap_alpha,&inputnl,Model Options,real,0.,13,unstructured/bootstrap.f90(12); unstructured/output.f90(1),"源码引用 13 处；主要在 `bootstrap.f90` 12处, `output.f90` 1处。","unstructured/bootstrap.f90:136: temp79a=tempDD*jbsfluxavg_iBsq_B79(:,OP_1)*iBpsq(:)*ri_79*bzt79(:,OP_1)*bootstrap_alpha
unstructured/bootstrap.f90:241: bs_b1psifpsib = bootstrap_alpha*temp
unstructured/bootstrap.f90:354: bs_b1psifbb = bootstrap_alpha*temp
unstructured/bootstrap.f90:440: bs_b1psiffb = bootstrap_alpha*temp
unstructured/bootstrap.f90:510: bs_b2psifpsib = bootstrap_alpha*temp
unstructured/bootstrap.f90:582: bs_b2psiffb = bootstrap_alpha*temp
unstructured/bootstrap.f90:978: temp1=tempDD*jbsfluxavg_iBsq_B79(:,OP_1)*bootstrap_alpha
unstructured/bootstrap.f90:979: temp2=tempDD*bootstrap_alpha
unstructured/bootstrap.f90:1111: temp1=-tempDD*jbsfluxavg_iBsq_B79(:,OP_1)*bootstrap_alpha
unstructured/bootstrap.f90:1112: temp2=-tempDD*bootstrap_alpha"
ibootstrap_regular,ibootstrap_regular,&inputnl,Model Options,real,1e-8,8,unstructured/bootstrap.f90(8),源码引用 8 处；主要在 `bootstrap.f90` 8处。,"unstructured/bootstrap.f90:1043: chisq(i) = ibootstrap_regular / (1.0 + 1e-2 * tempbeta)
unstructured/bootstrap.f90:1493: eps_val=ibootstrap_regular**2
unstructured/bootstrap.f90:1684: atten_width_core=ibootstrap_regular*10.0
unstructured/bootstrap.f90:1694: if(temax .le. ibootstrap_regular) then
unstructured/bootstrap.f90:1695: temax3 = MAX(temax_readin, ibootstrap_regular) ! Guards against 0.0 division
unstructured/bootstrap.f90:1697: temax3 = MAX(temax, ibootstrap_regular)
unstructured/bootstrap.f90:1709: pso(i) = 1.0_dp - MAX(real(tet79(i, OP_1)), ibootstrap_regular**2) / temax3
unstructured/bootstrap.f90:1726: temp_delmagTe(i)=(temp_delmagTe(i))+ ibootstrap_regular"
kinetic,kinetic,&inputnl,Model Options,integer,0,60,unstructured/ludef_t.f90(15); unstructured/ludef_t_gpu.f90(9); unstructured/gradshafranov.f90(6); unstructured/init_common.f90(5); unstructured/input.f90(5); unstructured/output.f90(4); unstructured/time_step.f90(4); unstructured/electric_field.f90(3),"源码引用 60 处；主要在 `ludef_t.f90` 15处, `ludef_t_gpu.f90` 9处, `gradshafranov.f90` 6处, `init_common.f90` 5处。","unstructured/diagnostics.f90:1171: print *, "" Recombination radiation (kinetic) = "", reckrad
unstructured/electric_field.f90:25: if (.not.((kinetic.eq.1).or.((irunaway.ge.1).and.(ra_characteristics.eq.1)))) then
unstructured/electric_field.f90:155: if (.not.((kinetic.eq.1).or.((irunaway.ge.1).and.(ra_characteristics.eq.1)))) then
unstructured/electric_field.f90:280: if (.not.((kinetic.eq.1).or.((irunaway.ge.1).and.(ra_characteristics.eq.1)))) then
unstructured/gradshafranov.f90:619: if ((kinetic.eq.1).and.(kinetic_fast_ion.eq.1)) then
unstructured/gradshafranov.f90:652: if ((kinetic.eq.1).and.(kinetic_fast_ion.eq.1)) then
unstructured/gradshafranov.f90:670: if ((kinetic.eq.1).and.(kinetic_thermal_ion.eq.1)) then
unstructured/gradshafranov.f90:688: if ((kinetic.eq.1).and.(kinetic_thermal_ion.eq.1)) then
unstructured/gradshafranov.f90:1709: if ((kinetic.eq.1).and.(particle_couple.ge.0).and.(kinetic_fast_ion.eq.1)) then
unstructured/gradshafranov.f90:1715: if ((kinetic.eq.1).and.(particle_couple.ge.0).and.(kinetic_thermal_ion.eq.1)) then"
ivisfunc,ivisfunc,&inputnl,Transport Coefficients,integer,0,10,unstructured/transport.f90(6); unstructured/m3dc1_nint.f90(4),"源码引用 10 处；主要在 `transport.f90` 6处, `m3dc1_nint.f90` 4处。","unstructured/m3dc1_nint.f90:737: if(ivisfunc.eq.3) fields = ior(fields,FIELD_PSI)
unstructured/m3dc1_nint.f90:738: if(ivisfunc.eq.4) fields = ior(fields,FIELD_WALL)
unstructured/m3dc1_nint.f90:1685: if(ivisfunc.eq.3) then
unstructured/m3dc1_nint.f90:1698: else if(ivisfunc.eq.4) then
unstructured/transport.f90:1126: select case (ivisfunc)
unstructured/transport.f90:1163: if(ivisfunc.eq.10) then
unstructured/transport.f90:1181: if(ivisfunc.eq.10) temp79a = temp79a*nt79(:,OP_1)
unstructured/transport.f90:1199: if(myrank.eq.0) print *, 'ivisfunc = 21 requires igeometry = 1'
unstructured/transport.f90:1205: if(myrank.eq.0) print *, 'Error: invalid value for ivisfunc: ', ivisfunc
unstructured/transport.f90:1697: if(ivisfunc.eq.3 .or. ivisfunc.eq.4) def_fields = def_fields + FIELD_MU"
amuoff,amuoff,&inputnl,Transport Coefficients,real,0.,5,unstructured/transport.f90(3); unstructured/m3dc1_nint.f90(2),"源码引用 5 处；主要在 `transport.f90` 3处, `m3dc1_nint.f90` 2处。","unstructured/m3dc1_nint.f90:1691: where(real(temp79a).lt.amuoff .and. real(temp79b).gt.0.)
unstructured/m3dc1_nint.f90:1699: where(real(wall79(:,OP_1)).gt.amuoff)
unstructured/transport.f90:1133: tanh((real(pst79(:,OP_1))-(psibound+amuoff*(psibound-psimin))) &
unstructured/transport.f90:1146: (1. + tanh((real(temp79b) - amuoff)/amudelt))
unstructured/transport.f90:1197: (1. + tanh((temp79b-(1.+amuoff))/amudelt))"
amudelt,amudelt,&inputnl,Transport Coefficients,real,0.,3,unstructured/transport.f90(3),源码引用 3 处；主要在 `transport.f90` 3处。,"unstructured/transport.f90:1134: /(amudelt*(psibound-psimin))))
unstructured/transport.f90:1146: (1. + tanh((real(temp79b) - amuoff)/amudelt))
unstructured/transport.f90:1197: (1. + tanh((temp79b-(1.+amuoff))/amudelt))"
amuoff2,amuoff2,&inputnl,Transport Coefficients,real,0.,2,unstructured/transport.f90(2),源码引用 2 处；主要在 `transport.f90` 2处。,"unstructured/transport.f90:1147: if(amuoff2.ne.0. .and. amudelt2.ne.0.) then
unstructured/transport.f90:1149: (1. + tanh((real(temp79b) - amuoff2)/amudelt2))"
amudelt2,amudelt2,&inputnl,Transport Coefficients,real,0.,2,unstructured/transport.f90(2),源码引用 2 处；主要在 `transport.f90` 2处。,"unstructured/transport.f90:1147: if(amuoff2.ne.0. .and. amudelt2.ne.0.) then
unstructured/transport.f90:1149: (1. + tanh((real(temp79b) - amuoff2)/amudelt2))"
amu,amu,&inputnl,Transport Coefficients,real,0.,13,unstructured/input.f90(3); unstructured/transport.f90(3); unstructured/m3dc1_nint.f90(2); unstructured/read_namelist.cpp(2); unstructured/error_estimate.f90(1); unstructured/mackenbach_profiles.f90(1); unstructured/output.f90(1),"源码引用 13 处；主要在 `input.f90` 3处, `transport.f90` 3处, `m3dc1_nint.f90` 2处, `read_namelist.cpp` 2处。","unstructured/error_estimate.f90:633: solutionH2Norm(1) = solutionH2Norm(1)+amu*norm_buff
unstructured/input.f90:1404: if(amuc.eq.0.) amuc = amu
unstructured/input.f90:1515: if(amuc.lt.(2./3.)*amu) then
unstructured/input.f90:1517: print *, 'ERROR: Constraint amuc >= (2/3)*amu violated.'
unstructured/m3dc1_nint.f90:1692: vis79(:,OP_1) = amu
unstructured/m3dc1_nint.f90:1700: vis79(:,OP_1) = amu
unstructured/mackenbach_profiles.f90:547: print *, ""amu = "", mu_v / 0.364831
unstructured/output.f90:285: call write_real_attr(root_id, ""amu"" , amu, error)
unstructured/read_namelist.cpp:608: double kappat, amu, nowhere, etar;
unstructured/read_namelist.cpp:623: add_variable_double_(""amu"", &amu, &def,"
amuc,amuc,&inputnl,Transport Coefficients,real,0.,7,unstructured/input.f90(3); unstructured/m3dc1_nint.f90(2); unstructured/output.f90(1); unstructured/transport.f90(1),"源码引用 7 处；主要在 `input.f90` 3处, `m3dc1_nint.f90` 2处, `output.f90` 1处, `transport.f90` 1处。","unstructured/input.f90:1404: if(amuc.eq.0.) amuc = amu
unstructured/input.f90:1515: if(amuc.lt.(2./3.)*amu) then
unstructured/input.f90:1517: print *, 'ERROR: Constraint amuc >= (2/3)*amu violated.'
unstructured/m3dc1_nint.f90:1693: vic79(:,OP_1) = amuc
unstructured/m3dc1_nint.f90:1701: vic79(:,OP_1) = amuc
unstructured/output.f90:286: call write_real_attr(root_id, ""amuc"" , amuc, error)
unstructured/transport.f90:2163: call add(visc_c_field, amuc)"
amue,amue,&inputnl,Transport Coefficients,real,0.,2,unstructured/transport.f90(2),源码引用 2 处；主要在 `transport.f90` 2处。,"unstructured/transport.f90:1500: if(amue.ne.0) then
unstructured/transport.f90:1501: temp79f = -amue * r2_79 * &"
amupar,amupar,&inputnl,Transport Coefficients,real,0.,17,unstructured/ludef_t.f90(7); unstructured/diagnostics.f90(2); unstructured/metricterms_new.f90(2); unstructured/metricterms_new_gpu.f90(2); unstructured/auxiliary_fields.f90(1); unstructured/ludef_t_gpu.f90(1); unstructured/m3dc1_nint.f90(1); unstructured/output.f90(1),"源码引用 17 处；主要在 `ludef_t.f90` 7处, `diagnostics.f90` 2处, `metricterms_new.f90` 2处, `metricterms_new_gpu.f90` 2处。","unstructured/auxiliary_fields.f90:793: if(amupar.ne.0.) then
unstructured/diagnostics.f90:786: if(gyro.eq.1 .or. amupar.ne.0) then
unstructured/diagnostics.f90:1048: if(amupar.ne.0.) then
unstructured/ludef_t.f90:514: if(gyro.eq.1 .or. amupar.ne.0 .or. ipforce.ge.1) then
unstructured/ludef_t.f90:542: if(amupar.ne.0.) then
unstructured/ludef_t.f90:1092: if(gyro.eq.1 .or. amupar.ne.0.) then
unstructured/ludef_t.f90:1119: if(amupar.ne.0.) then
unstructured/ludef_t.f90:1723: if(gyro.eq.1 .or. amupar.gt.0. .or. ipforce.ge.1) then
unstructured/ludef_t.f90:1748: if(amupar.ne.0.) then
unstructured/ludef_t.f90:4974: if(gyro.eq.1 .or. amupar.ne.0 .or. kappar.ne.0 .or. ikapparfunc.eq.2 .or. kinetic.ne.0) then"
amu_edge,amu_edge,&inputnl,Transport Coefficients,real,0.,9,unstructured/transport.f90(5); unstructured/m3dc1_nint.f90(4),"源码引用 9 处；主要在 `transport.f90` 5处, `m3dc1_nint.f90` 4处。","unstructured/m3dc1_nint.f90:1695: vis79(:,OP_1) = amu_edge
unstructured/m3dc1_nint.f90:1696: vic79(:,OP_1) = amu_edge
unstructured/m3dc1_nint.f90:1703: vis79(:,OP_1) = amu_edge
unstructured/m3dc1_nint.f90:1704: vic79(:,OP_1) = amu_edge
unstructured/transport.f90:1131: temp79a = amu_edge*.5* &
unstructured/transport.f90:1145: temp79a = amu_edge*.5* &
unstructured/transport.f90:1148: temp79a = temp79a + amu_edge*.5* &
unstructured/transport.f90:1187: val = amu_edge*basicj_dscale(rsq) - amu
unstructured/transport.f90:1196: temp79a = amu_edge* &"
amu_wall,amu_wall,&inputnl,Transport Coefficients,real,0.,2,unstructured/transport.f90(2),源码引用 2 处；主要在 `transport.f90` 2处。,"unstructured/transport.f90:1210: if(amu_wall.ne.0) then
unstructured/transport.f90:1211: temp79a = temp79a + amu_wall* &"
amu_wall_off,amu_wall_off,&inputnl,Transport Coefficients,real,0.,1,unstructured/transport.f90(1),源码引用 1 处；主要在 `transport.f90` 1处。,"unstructured/transport.f90:1212: 2.*(1. - tanh((wall79(:,OP_1) - amu_wall_off)/amu_wall_delt))"
amu_wall_delt,amu_wall_delt,&inputnl,Transport Coefficients,real,0.1,1,unstructured/transport.f90(1),源码引用 1 处；主要在 `transport.f90` 1处。,"unstructured/transport.f90:1212: 2.*(1. - tanh((wall79(:,OP_1) - amu_wall_off)/amu_wall_delt))"
iresfunc,iresfunc,&inputnl,Transport Coefficients,integer,0,11,unstructured/m3dc1_nint.f90(5); unstructured/transport.f90(5); unstructured/input.f90(1),"源码引用 11 处；主要在 `m3dc1_nint.f90` 5处, `transport.f90` 5处, `input.f90` 1处。","unstructured/input.f90:1510: if(pefac.eq.0. .and. eta0.ne.0 .and. iresfunc.eq.0) then
unstructured/m3dc1_nint.f90:709: if(iresfunc.eq.2 .or. iresfunc.eq.3) fields = ior(fields,FIELD_PSI)
unstructured/m3dc1_nint.f90:710: if(iresfunc.eq.4) then
unstructured/m3dc1_nint.f90:1238: if(iresfunc.eq.2) then
unstructured/m3dc1_nint.f90:1259: else if(iresfunc.eq.3) then
unstructured/m3dc1_nint.f90:1271: else if(iresfunc.eq.4) then
unstructured/transport.f90:1000: select case (iresfunc)
unstructured/transport.f90:1059: if(iresfunc.eq.10) then
unstructured/transport.f90:1087: if(myrank.eq.0) print *, 'iresfunc = 21 requires igeometry = 1'
unstructured/transport.f90:1093: if(myrank.eq.0) print *, 'Error: invalid value for iresfunc: ', iresfunc"
etaoff,etaoff,&inputnl,Transport Coefficients,real,0.,5,unstructured/m3dc1_nint.f90(3); unstructured/transport.f90(2),"源码引用 5 处；主要在 `m3dc1_nint.f90` 3处, `transport.f90` 2处。","unstructured/m3dc1_nint.f90:1240: tm79 = ((ps079-psimin)/(psibound-psimin) - etaoff) / etadelt
unstructured/m3dc1_nint.f90:1242: tm79 = ((pst79-psimin)/(psibound-psimin) - etaoff) / etadelt
unstructured/m3dc1_nint.f90:1264: where(real(temp79a).lt.etaoff .and. real(temp79b).gt.0.)
unstructured/transport.f90:1026: tanh((real(pst79(:,OP_1))-(psilim+etaoff*(psilim-psimin)))&
unstructured/transport.f90:1085: (1. + tanh((temp79b-(1.+etaoff))/etadelt))"
etadelt,etadelt,&inputnl,Transport Coefficients,real,0.,4,unstructured/m3dc1_nint.f90(2); unstructured/transport.f90(2),"源码引用 4 处；主要在 `m3dc1_nint.f90` 2处, `transport.f90` 2处。","unstructured/m3dc1_nint.f90:1240: tm79 = ((ps079-psimin)/(psibound-psimin) - etaoff) / etadelt
unstructured/m3dc1_nint.f90:1242: tm79 = ((pst79-psimin)/(psibound-psimin) - etaoff) / etadelt
unstructured/transport.f90:1027: /(etadelt*(psilim-psimin))))
unstructured/transport.f90:1085: (1. + tanh((temp79b-(1.+etaoff))/etadelt))"
etar,etar,&inputnl,Transport Coefficients,real,0.,16,unstructured/transport.f90(10); unstructured/m3dc1_nint.f90(2); unstructured/read_namelist.cpp(2); unstructured/error_estimate.f90(1); unstructured/output.f90(1),"源码引用 16 处；主要在 `transport.f90` 10处, `m3dc1_nint.f90` 2处, `read_namelist.cpp` 2处, `error_estimate.f90` 1处。","unstructured/error_estimate.f90:629: solutionH2Norm(2) = solutionH2Norm(2)+etar*norm_buff
unstructured/m3dc1_nint.f90:1258: eta79 = (0.5*eta79*eta0 + etar)*eta_fac
unstructured/m3dc1_nint.f90:1265: eta79(:,OP_1) = etar
unstructured/output.f90:288: call write_real_attr(root_id, ""etar"" , etar, error)
unstructured/read_namelist.cpp:608: double kappat, amu, nowhere, etar;
unstructured/read_namelist.cpp:619: add_variable_double_(""etar"", &etar, &def,
unstructured/transport.f90:1003: tmin = (eta_fac*eta0/(eta_max - etar*eta_fac))**(2./3.)
unstructured/transport.f90:1011: temp79a = eta_max - etar*eta_fac
unstructured/transport.f90:1015: where(real(temp79a).lt.(eta_min-etar*eta_fac))
unstructured/transport.f90:1016: temp79a = eta_min - etar*eta_fac"
eta0,eta0,&inputnl,Transport Coefficients,real,0.,17,unstructured/transport.f90(8); unstructured/mackenbach_profiles.f90(4); unstructured/input.f90(2); unstructured/m3dc1_nint.f90(2); unstructured/output.f90(1),"源码引用 17 处；主要在 `transport.f90` 8处, `mackenbach_profiles.f90` 4处, `input.f90` 2处, `m3dc1_nint.f90` 2处。","unstructured/input.f90:1510: if(pefac.eq.0. .and. eta0.ne.0 .and. iresfunc.eq.0) then
unstructured/input.f90:1511: if(myrank.eq.0) print *, 'ERROR: Te = 0, but eta0 != 0.'
unstructured/m3dc1_nint.f90:1258: eta79 = (0.5*eta79*eta0 + etar)*eta_fac
unstructured/m3dc1_nint.f90:1267: eta79(:,OP_1) = eta0
unstructured/mackenbach_profiles.f90:401: eta0 = 1.03e-4 * z_ion * ln_lambda * (1.6022e-19)**1.5 * eta_fac
unstructured/mackenbach_profiles.f90:429: T0 = (eta0**0.4*gamma**0.4*Ip**0.8)/(a**0.8*kappa0**0.4*(2*pi)**0.8*(abs(beta*gamma*p_tot - k(1.0)*t1))**0.8)
unstructured/mackenbach_profiles.f90:430: VL = (2*2**0.2*eta0**0.4*gamma**0.4*kappa0**0.6*pi**1.2*R0*(abs(beta*gamma*p_tot - k(1.0)*t1))**0.2)/(a**0.8*Ip**0.2)
unstructured/mackenbach_profiles.f90:440: profile_j(2,:) = VL*T0**(1.5)/(2.0*pi*R0*eta0)*t_prof**(1.5)
unstructured/output.f90:289: call write_real_attr(root_id, ""eta0"" , eta0, error)
unstructured/transport.f90:1002: if(eta0.ne.0.) then"
eta_fac,eta_fac,&inputnl,Transport Coefficients,real,1.,21,unstructured/transport.f90(14); unstructured/mackenbach_profiles.f90(4); unstructured/m3dc1_nint.f90(2); unstructured/input.f90(1),"源码引用 21 处；主要在 `transport.f90` 14处, `mackenbach_profiles.f90` 4处, `m3dc1_nint.f90` 2处, `input.f90` 1处。","unstructured/input.f90:1792: nufac = eta_fac * (4.*sqrt(2.*pi)*(4.*pi)**2 / 3.) &
unstructured/m3dc1_nint.f90:1258: eta79 = (0.5*eta79*eta0 + etar)*eta_fac
unstructured/m3dc1_nint.f90:1269: eta79 = eta79*eta_fac
unstructured/mackenbach_profiles.f90:372: B1, p_tot, p0, eta_fac, ln_lambda, z_ion
unstructured/mackenbach_profiles.f90:399: eta_fac = 1000.
unstructured/mackenbach_profiles.f90:401: eta0 = 1.03e-4 * z_ion * ln_lambda * (1.6022e-19)**1.5 * eta_fac
unstructured/mackenbach_profiles.f90:545: print *, ""eta_fac = "", eta_fac
unstructured/transport.f90:1003: tmin = (eta_fac*eta0/(eta_max - etar*eta_fac))**(2./3.)
unstructured/transport.f90:1011: temp79a = eta_max - etar*eta_fac
unstructured/transport.f90:1013: temp79a = eta_fac*eta0*temp79b**(-1.5)"
eta_mod,eta_mod,&inputnl,Transport Coefficients,integer,0,8,unstructured/ludef_t.f90(4); unstructured/ludef_t_gpu.f90(4),"源码引用 8 处；主要在 `ludef_t.f90` 4处, `ludef_t_gpu.f90` 4处。","unstructured/ludef_t.f90:1963: tempx = b1psieta1(trialx,lin,eta79,vzt79,eta_mod.eq.1) &
unstructured/ludef_t.f90:1964: + b1psieta2(trialx,lin,eta79,vzt79,eta_mod.eq.1)
unstructured/ludef_t.f90:1966: tempx = b1psieta1(trialx,lin,eta79 ,vzt79,eta_mod.eq.1) &
unstructured/ludef_t.f90:1967: + b1psieta2(trialx,lin,etaRZ79,vzt79,eta_mod.eq.1)
unstructured/ludef_t_gpu.f90:2280: temp = b1psieta1(eta79,vzt79,eta_mod.eq.1) &
unstructured/ludef_t_gpu.f90:2281: + b1psieta2(eta79,vzt79,eta_mod.eq.1)
unstructured/ludef_t_gpu.f90:2285: temp = b1psieta1(eta79,vzt79,eta_mod.eq.1) &
unstructured/ludef_t_gpu.f90:2286: + b1psieta2(etaRZ79,vzt79,eta_mod.eq.1)"
eta_te_offset,eta_te_offset,&inputnl,Transport Coefficients,real,0.,8,unstructured/m3dc1_nint.f90(2); unstructured/transport.f90(2); unstructured/diagnostics.f90(1); unstructured/input.f90(1); unstructured/kprad_m3dc1.f90(1); unstructured/output.f90(1),"源码引用 8 处；主要在 `m3dc1_nint.f90` 2处, `transport.f90` 2处, `diagnostics.f90` 1处, `input.f90` 1处。","unstructured/diagnostics.f90:1024: if(ikprad_te_offset .gt. 0) temp79b = temp79b - eta_te_offset
unstructured/input.f90:329: ""If 1, eta_te_offset also applied to kprad"", transp_grp)
unstructured/kprad_m3dc1.f90:572: if(ikprad_te_offset .gt. 0) te = te - eta_te_offset
unstructured/m3dc1_nint.f90:1278: temp79b = tet79(:,OP_1) - eta_te_offset
unstructured/m3dc1_nint.f90:1280: temp79b = pet79(:,OP_1)/net79(:,OP_1) - eta_te_offset
unstructured/output.f90:309: call write_real_attr(root_id, ""eta_te_offset"", eta_te_offset, error)
unstructured/transport.f90:1006: temp79b = tet79(:,OP_1) - eta_te_offset
unstructured/transport.f90:1008: temp79b = pet79(:,OP_1)/net79(:,OP_1) - eta_te_offset"
ikprad_te_offset,ikprad_te_offset,&inputnl,Transport Coefficients,integer,0,2,unstructured/diagnostics.f90(1); unstructured/kprad_m3dc1.f90(1),"源码引用 2 处；主要在 `diagnostics.f90` 1处, `kprad_m3dc1.f90` 1处。","unstructured/diagnostics.f90:1024: if(ikprad_te_offset .gt. 0) temp79b = temp79b - eta_te_offset
unstructured/kprad_m3dc1.f90:572: if(ikprad_te_offset .gt. 0) te = te - eta_te_offset"
eta_max,eta_max,&inputnl,Transport Coefficients,real,0.,8,unstructured/input.f90(3); unstructured/m3dc1_nint.f90(3); unstructured/transport.f90(2),"源码引用 8 处；主要在 `input.f90` 3处, `m3dc1_nint.f90` 3处, `transport.f90` 2处。","unstructured/input.f90:1796: if(eta_max.le.0.) eta_max = eta_vac
unstructured/input.f90:1808: print *, 'Te associated with eta_max = ', (efac*z_ion**2/eta_max)**(2./3.) &
unstructured/input.f90:1810: print *, 'Te associated with eta_max = ', (efac*z_ion**2/eta_max)**(2./3.), &
unstructured/m3dc1_nint.f90:1274: eta79(:,OP_1) = eta_max / efac
unstructured/m3dc1_nint.f90:1288: where(real(temp79b).gt.(eta_max/efac)**(-2./3.))
unstructured/m3dc1_nint.f90:1342: where(real(eta79(:,OP_1)).gt.eta_max) eta79(:,OP_1) = eta_max
unstructured/transport.f90:1003: tmin = (eta_fac*eta0/(eta_max - etar*eta_fac))**(2./3.)
unstructured/transport.f90:1011: temp79a = eta_max - etar*eta_fac"
eta_min,eta_min,&inputnl,Transport Coefficients,real,0.,7,unstructured/input.f90(4); unstructured/transport.f90(2); unstructured/m3dc1_nint.f90(1),"源码引用 7 处；主要在 `input.f90` 4处, `transport.f90` 2处, `m3dc1_nint.f90` 1处。","unstructured/input.f90:1797: if(eta_min.le.0.) eta_min = 0.
unstructured/input.f90:1812: if (eta_min.gt.0) then
unstructured/input.f90:1813: print *, 'Te associated with eta_min = ', (efac*z_ion**2/eta_min)**(2./3.) &
unstructured/input.f90:1815: print *, 'Te associated with eta_min = ', (efac*z_ion**2/eta_min)**(2./3.), &
unstructured/m3dc1_nint.f90:1341: where(real(eta79(:,OP_1)).lt.eta_min) eta79(:,OP_1) = eta_min
unstructured/transport.f90:1015: where(real(temp79a).lt.(eta_min-etar*eta_fac))
unstructured/transport.f90:1016: temp79a = eta_min - etar*eta_fac"
ikappafunc,ikappafunc,&inputnl,Transport Coefficients,integer,0,10,unstructured/transport.f90(8); unstructured/m3dc1_nint.f90(2),"源码引用 10 处；主要在 `transport.f90` 8处, `m3dc1_nint.f90` 2处。","unstructured/m3dc1_nint.f90:716: if(ikappafunc.eq.5) then
unstructured/m3dc1_nint.f90:1421: if(ikappafunc.eq.5) then
unstructured/transport.f90:1239: select case (ikappafunc)
unstructured/transport.f90:1315: if(ikappafunc.eq.10) then
unstructured/transport.f90:1332: if(ikappafunc.eq.10 .and. itemp.eq.0) temp79a = temp79a*nt79(:,OP_1)
unstructured/transport.f90:1352: if(myrank.eq.0) print *, 'ikappafunc = 21 requires igeometry = 1'
unstructured/transport.f90:1358: if(myrank.eq.0) print *, 'Error: invalid value for ikappafunc: ', ikappafunc
unstructured/transport.f90:1365: if(kappaf.ge.0. .and. gradp_crit.ne.0 .and. ikappafunc.ne.5) then
unstructured/transport.f90:1378: if(kappah.ne.0. .and. ikappafunc.ne.5) then
unstructured/transport.f90:1695: if(ikappafunc.eq.5 .or. ikapparfunc.eq.1 .or. ikapparfunc.eq.2) &"
ikapparfunc,ikapparfunc,&inputnl,Transport Coefficients,integer,0,13,unstructured/m3dc1_nint.f90(3); unstructured/transport.f90(3); unstructured/input.f90(2); unstructured/ludef_t.f90(2); unstructured/ludef_t_gpu.f90(2); unstructured/temperature_plots.f90(1),"源码引用 13 处；主要在 `m3dc1_nint.f90` 3处, `transport.f90` 3处, `input.f90` 2处, `ludef_t.f90` 2处。","unstructured/input.f90:1448: if(itemp.eq.0 .and. ikapparfunc.eq.2) then
unstructured/input.f90:1449: if(myrank.eq.0) print *, ""ikapparfunc=2 not allowed with itemp=0""
unstructured/ludef_t.f90:4402: if(kappar.ne.0. .or. ikapparfunc.eq.2) then
unstructured/ludef_t.f90:4974: if(gyro.eq.1 .or. amupar.ne.0 .or. kappar.ne.0 .or. ikapparfunc.eq.2 .or. kinetic.ne.0) then
unstructured/ludef_t_gpu.f90:5028: if(kappar.ne.0. .or. ikapparfunc.eq.2) then
unstructured/ludef_t_gpu.f90:5634: if(gyro.eq.1 .or. amupar.ne.0 .or. kappar.ne.0 .or. ikapparfunc.eq.2 .or. kinetic.ne.0) then
unstructured/m3dc1_nint.f90:720: if(ikapparfunc.eq.1) fields = ior(fields,FIELD_TE)
unstructured/m3dc1_nint.f90:721: if(ikapparfunc.eq.2) then
unstructured/m3dc1_nint.f90:1516: else if(ikapparfunc.eq.2) then
unstructured/temperature_plots.f90:461: if(kappar.ne.0. .or. ikapparfunc.eq.2) then"
ikapscale,ikapscale,&inputnl,Transport Coefficients,integer,0,1,unstructured/m3dc1_nint.f90(1),源码引用 1 处；主要在 `m3dc1_nint.f90` 1处。,unstructured/m3dc1_nint.f90:1514: if(ikapscale.eq.1) then
ikappar_ni,ikappar_ni,&inputnl,Transport Coefficients,integer,1,2,unstructured/ludef_t.f90(1); unstructured/parallel_heat_flux.f90(1),"源码引用 2 处；主要在 `ludef_t.f90` 1处, `parallel_heat_flux.f90` 1处。","unstructured/ludef_t.f90:3948: if(ikappar_ni.eq.1) then
unstructured/parallel_heat_flux.f90:183: if(ikappar_ni.eq.1) temp79a = temp79a*ni79(:,OP_1)"
kappaoff,kappaoff,&inputnl,Transport Coefficients,real,0.,3,unstructured/transport.f90(3),源码引用 3 处；主要在 `transport.f90` 3处。,"unstructured/transport.f90:1253: tanh((real(pst79(:,OP_1))-(psilim+kappaoff*(psilim-psimin)))&
unstructured/transport.f90:1266: (1. + tanh((real(temp79b) - kappaoff)/kappadelt))
unstructured/transport.f90:1350: (1. + tanh((temp79b-(1.+kappaoff))/kappadelt))"
kappadelt,kappadelt,&inputnl,Transport Coefficients,real,0.,6,unstructured/transport.f90(6),源码引用 6 处；主要在 `transport.f90` 6处。,"unstructured/transport.f90:1254: /(kappadelt*(psilim-psimin))))
unstructured/transport.f90:1266: (1. + tanh((real(temp79b) - kappaoff)/kappadelt))
unstructured/transport.f90:1282: temp79a = kappa0*(1. + kappadelt*(tet79(:,OP_DR)*tet79(:,OP_DR) &
unstructured/transport.f90:1285: if(itor.eq.1) temp79a = temp79a + kappa0*kappadelt*tet79(:,OP_DP)*tet79(:,OP_DP)*ri2_79
unstructured/transport.f90:1297: temp79a = kappa0*(1. + kappadelt* &
unstructured/transport.f90:1350: (1. + tanh((temp79b-(1.+kappaoff))/kappadelt))"
kappat,kappat,&inputnl,Transport Coefficients,real,0.,10,unstructured/m3dc1_nint.f90(3); unstructured/transport.f90(3); unstructured/read_namelist.cpp(2); unstructured/mackenbach_profiles.f90(1); unstructured/output.f90(1),"源码引用 10 处；主要在 `m3dc1_nint.f90` 3处, `transport.f90` 3处, `read_namelist.cpp` 2处, `mackenbach_profiles.f90` 1处。","unstructured/m3dc1_nint.f90:1432: where(real(temp79b).gt.(kappa0/(kappa_max-kappat)))
unstructured/m3dc1_nint.f90:1458: kap79(:,OP_1) = kap79(:,OP_1) + kappat
unstructured/m3dc1_nint.f90:1460: where(real(temp79b).le.(kappa0/(kappa_max-kappat)))
unstructured/mackenbach_profiles.f90:546: print *, ""kappat = "", kappa0/ 2.18122e+26
unstructured/output.f90:292: call write_real_attr(root_id, ""kappat"" , kappat, error)
unstructured/read_namelist.cpp:608: double kappat, amu, nowhere, etar;
unstructured/read_namelist.cpp:621: add_variable_double_(""kappat"", &kappat, &def,
unstructured/transport.f90:1306: temp79a = kap79(:,OP_1) - kappat
unstructured/transport.f90:1340: val = kappa0*basicj_dscale(rsq) - kappat
unstructured/transport.f90:1362: temp79a = temp79a + kappat"
kappa0,kappa0,&inputnl,Transport Coefficients,real,0.,22,unstructured/transport.f90(11); unstructured/mackenbach_profiles.f90(5); unstructured/m3dc1_nint.f90(4); unstructured/init_basicq.f90(1); unstructured/output.f90(1),"源码引用 22 处；主要在 `transport.f90` 11处, `mackenbach_profiles.f90` 5处, `m3dc1_nint.f90` 4处, `init_basicq.f90` 1处。","unstructured/init_basicq.f90:31: kappa_qp = kappa0
unstructured/m3dc1_nint.f90:1423: if(izone.eq.1. .and. kappa0.gt.0) then
unstructured/m3dc1_nint.f90:1432: where(real(temp79b).gt.(kappa0/(kappa_max-kappat)))
unstructured/m3dc1_nint.f90:1457: kap79 = kap79*kappa0
unstructured/m3dc1_nint.f90:1460: where(real(temp79b).le.(kappa0/(kappa_max-kappat)))
unstructured/mackenbach_profiles.f90:404: kappa0 = 1E22 ! Heat diffusivity
unstructured/mackenbach_profiles.f90:429: T0 = (eta0**0.4*gamma**0.4*Ip**0.8)/(a**0.8*kappa0**0.4*(2*pi)**0.8*(abs(beta*gamma*p_tot - k(1.0)*t1))**0.8)
unstructured/mackenbach_profiles.f90:430: VL = (2*2**0.2*eta0**0.4*gamma**0.4*kappa0**0.6*pi**1.2*R0*(abs(beta*gamma*p_tot - k(1.0)*t1))**0.2)/(a**0.8*Ip**0.2)
unstructured/mackenbach_profiles.f90:504: write(5,*) a*rho_arr(write_idx), kappa0*k(rho_arr(write_idx))
unstructured/mackenbach_profiles.f90:546: print *, ""kappat = "", kappa0/ 2.18122e+26"
kappar,kappar,&inputnl,Transport Coefficients,real,0.,23,unstructured/ludef_t.f90(4); unstructured/ludef_t_gpu.f90(4); unstructured/input.f90(3); unstructured/transport.f90(3); unstructured/metricterms_new.f90(2); unstructured/metricterms_new_gpu.f90(2); unstructured/output.f90(2); unstructured/m3dc1_nint.f90(1),"源码引用 23 处；主要在 `ludef_t.f90` 4处, `ludef_t_gpu.f90` 4处, `input.f90` 3处, `transport.f90` 3处。","unstructured/input.f90:1801: if(kappa_max.le.0.) kappa_max = kappar
unstructured/input.f90:1802: if(kappar_max.le.0.) kappar_max = kappar
unstructured/input.f90:1803: if(kappar_min.le.0.) kappar_min = kappar
unstructured/ludef_t.f90:3900: if(kappar.ne.0.) then
unstructured/ludef_t.f90:4402: if(kappar.ne.0. .or. ikapparfunc.eq.2) then
unstructured/ludef_t.f90:4644: if(kappar.ne.0.) then
unstructured/ludef_t.f90:4974: if(gyro.eq.1 .or. amupar.ne.0 .or. kappar.ne.0 .or. ikapparfunc.eq.2 .or. kinetic.ne.0) then
unstructured/ludef_t_gpu.f90:4442: if(kappar.ne.0.) then
unstructured/ludef_t_gpu.f90:5028: if(kappar.ne.0. .or. ikapparfunc.eq.2) then
unstructured/ludef_t_gpu.f90:5303: if(kappar.ne.0.) then"
kappari_fac,kappari_fac,&inputnl,Transport Coefficients,real,1.,2,unstructured/ludef_t.f90(1); unstructured/ludef_t_gpu.f90(1),"源码引用 2 处；主要在 `ludef_t.f90` 1处, `ludef_t_gpu.f90` 1处。","unstructured/ludef_t.f90:4405: if(numvar.ge.3 .and. ipres.eq.1 .and. (.not. electron_temperature)) fac = kappari_fac
unstructured/ludef_t_gpu.f90:5031: if(numvar.ge.3 .and. ipres.eq.1 .and. (.not. electron_temperature)) fac = kappari_fac"
tcrit,tcrit,&inputnl,Transport Coefficients,real,0.,1,unstructured/transport.f90(1),源码引用 1 处；主要在 `transport.f90` 1处。,"unstructured/transport.f90:1407: temp79a = kappar/( (tcrit/tet79(:,OP_1))**2.5 + 1.)"
k_fac,k_fac,&inputnl,Transport Coefficients,real,1.,3,unstructured/m3dc1_nint.f90(3),源码引用 3 处；主要在 `m3dc1_nint.f90` 3处。,"unstructured/m3dc1_nint.f90:1172: (pstx79(:,OP_DR)**2 + pstx79(:,OP_DZ)**2 + k_fac*bztx79(:,OP_1)**2)
unstructured/m3dc1_nint.f90:1187: +k_fac*bztx79(:,OP_1 )*bztx79(:,OP_DR ))
unstructured/m3dc1_nint.f90:1190: +k_fac*bztx79(:,OP_1 )*bztx79(:,OP_DZ ))"
kappax,kappax,&inputnl,Transport Coefficients,real,0.,3,unstructured/ludef_t.f90(2); unstructured/m3dc1_nint.f90(1),"源码引用 3 处；主要在 `ludef_t.f90` 2处, `m3dc1_nint.f90` 1处。","unstructured/ludef_t.f90:3886: if(kappax.ne.0.) then
unstructured/ludef_t.f90:4389: if(kappax.ne.0.) then
unstructured/m3dc1_nint.f90:1558: kax79(:,OP_1) = kappax"
kappah,kappah,&inputnl,Transport Coefficients,real,0.,10,unstructured/m3dc1_nint.f90(8); unstructured/transport.f90(2),"源码引用 10 处；主要在 `m3dc1_nint.f90` 8处, `transport.f90` 2处。","unstructured/m3dc1_nint.f90:1474: if(kappah.ne.0.) then
unstructured/m3dc1_nint.f90:1478: kap79(:,OP_1) = kap79(:,OP_1) + kappah*temp79a**2
unstructured/m3dc1_nint.f90:1480: + kappah*temp79a*temp79b**2*tm79(:,OP_DR)
unstructured/m3dc1_nint.f90:1482: + kappah*temp79a*temp79b**2*tm79(:,OP_DZ)
unstructured/m3dc1_nint.f90:1484: + kappah*(temp79a*temp79b**2*tm79(:,OP_DRR) &
unstructured/m3dc1_nint.f90:1488: + kappah*(temp79a*temp79b**2*tm79(:,OP_DRZ) &
unstructured/m3dc1_nint.f90:1492: + kappah*(temp79a*temp79b**2*tm79(:,OP_DZZ) &
unstructured/m3dc1_nint.f90:1497: + kappah*temp79a*temp79b**2*tm79(:,OP_DP)
unstructured/transport.f90:1378: if(kappah.ne.0. .and. ikappafunc.ne.5) then
unstructured/transport.f90:1380: temp79a = kappah*tanh((real(temp79b) - 1.)/.2)**2"
kappag,kappag,&inputnl,Transport Coefficients,real,0.,6,unstructured/metricterms_new.f90(2); unstructured/metricterms_new_gpu.f90(2); unstructured/input.f90(1); unstructured/ludef_t.f90(1),"源码引用 6 处；主要在 `metricterms_new.f90` 2处, `metricterms_new_gpu.f90` 2处, `input.f90` 1处, `ludef_t.f90` 1处。","unstructured/input.f90:359: ""Critical pressure gradient in kappag/kappaf models"", transp_grp)
unstructured/ludef_t.f90:3756: if(kappag.ne.0) then
unstructured/metricterms_new.f90:8851: b3pppkappag = (gam-1.)*kappag*temp
unstructured/metricterms_new.f90:8881: b3pkappag = -gradp_crit**2*(gam-1.)*kappag*temp
unstructured/metricterms_new_gpu.f90:18159: b3pppkappag = (gam-1.)*kappag*temp
unstructured/metricterms_new_gpu.f90:18194: b3pkappag = -gradp_crit**2*(gam-1.)*kappag*temp"
kappaf,kappaf,&inputnl,Transport Coefficients,real,1.,5,unstructured/m3dc1_nint.f90(2); unstructured/transport.f90(2); unstructured/input.f90(1),"源码引用 5 处；主要在 `m3dc1_nint.f90` 2处, `transport.f90` 2处, `input.f90` 1处。","unstructured/input.f90:359: ""Critical pressure gradient in kappag/kappaf models"", transp_grp)
unstructured/m3dc1_nint.f90:1464: if(kappaf.ge.0. .and. gradp_crit.ne.0) then
unstructured/m3dc1_nint.f90:1470: where(real(temp79a).lt.gradp_crit**2) kap79(:,i) = kap79(:,i) * kappaf
unstructured/transport.f90:1365: if(kappaf.ge.0. .and. gradp_crit.ne.0 .and. ikappafunc.ne.5) then
unstructured/transport.f90:1371: temp79a = temp79a * kappaf"
gradp_crit,gradp_crit,&inputnl,Transport Coefficients,real,0.,8,unstructured/m3dc1_nint.f90(2); unstructured/transport.f90(2); unstructured/input.f90(1); unstructured/ludef_t.f90(1); unstructured/metricterms_new.f90(1); unstructured/metricterms_new_gpu.f90(1),"源码引用 8 处；主要在 `m3dc1_nint.f90` 2处, `transport.f90` 2处, `input.f90` 1处, `ludef_t.f90` 1处。","unstructured/input.f90:357: ""Factor to multiply kappa when grad(p) < gradp_crit"", transp_grp)
unstructured/ludef_t.f90:3771: where(real(ppt79(:,OP_1)**2) .lt. gradp_crit**2)
unstructured/m3dc1_nint.f90:1464: if(kappaf.ge.0. .and. gradp_crit.ne.0) then
unstructured/m3dc1_nint.f90:1470: where(real(temp79a).lt.gradp_crit**2) kap79(:,i) = kap79(:,i) * kappaf
unstructured/metricterms_new.f90:8881: b3pkappag = -gradp_crit**2*(gam-1.)*kappag*temp
unstructured/metricterms_new_gpu.f90:18194: b3pkappag = -gradp_crit**2*(gam-1.)*kappag*temp
unstructured/transport.f90:1365: if(kappaf.ge.0. .and. gradp_crit.ne.0 .and. ikappafunc.ne.5) then
unstructured/transport.f90:1370: where(real(temp79b).lt.gradp_crit**2)"
kappa_max,kappa_max,&inputnl,Transport Coefficients,real,0.,6,unstructured/m3dc1_nint.f90(5); unstructured/input.f90(1),"源码引用 6 处；主要在 `m3dc1_nint.f90` 5处, `input.f90` 1处。","unstructured/input.f90:1801: if(kappa_max.le.0.) kappa_max = kappar
unstructured/m3dc1_nint.f90:1432: where(real(temp79b).gt.(kappa0/(kappa_max-kappat)))
unstructured/m3dc1_nint.f90:1460: where(real(temp79b).le.(kappa0/(kappa_max-kappat)))
unstructured/m3dc1_nint.f90:1461: kap79(:,OP_1) = kappa_max
unstructured/m3dc1_nint.f90:1505: where(real(temp79a).gt.kappa_max) kap79(:,i) = 0.
unstructured/m3dc1_nint.f90:1507: where(real(temp79a).gt.kappa_max) kap79(:,OP_1) = kappa_max"
kappar_max,kappar_max,&inputnl,Transport Coefficients,real,0.,5,unstructured/m3dc1_nint.f90(4); unstructured/input.f90(1),"源码引用 5 处；主要在 `m3dc1_nint.f90` 4处, `input.f90` 1处。","unstructured/input.f90:1802: if(kappar_max.le.0.) kappar_max = kappar
unstructured/m3dc1_nint.f90:1522: kar79(:,OP_1) = kappar_max / krfac
unstructured/m3dc1_nint.f90:1528: kr_tmax = (kappar_max/krfac)**0.4
unstructured/m3dc1_nint.f90:1530: where(real(temp79b).lt.(kappar_max/krfac)**0.4 .and. &
unstructured/m3dc1_nint.f90:1551: where(real(kar79(:,OP_1)).gt.kappar_max) kar79(:,OP_1) = kappar_max"
kappar_min,kappar_min,&inputnl,Transport Coefficients,real,0.,4,unstructured/m3dc1_nint.f90(3); unstructured/input.f90(1),"源码引用 4 处；主要在 `m3dc1_nint.f90` 3处, `input.f90` 1处。","unstructured/input.f90:1803: if(kappar_min.le.0.) kappar_min = kappar
unstructured/m3dc1_nint.f90:1527: kr_tmin = (kappar_min/krfac)**0.4
unstructured/m3dc1_nint.f90:1531: real(temp79b).gt.(kappar_min/krfac)**0.4)
unstructured/m3dc1_nint.f90:1550: where(real(kar79(:,OP_1)).lt.kappar_min) kar79(:,OP_1) = kappar_min"
temin_qd,temin_qd,&inputnl,Transport Coefficients,real,0.,1,unstructured/newpar.f90(1),源码引用 1 处；主要在 `newpar.f90` 1处。,"unstructured/newpar.f90:1593: temp79a = max(temin_qd,real(tet79(:,OP_1)))"
kappai_fac,kappai_fac,&inputnl,Transport Coefficients,real,1.,9,unstructured/input.f90(2); unstructured/ludef_t.f90(2); unstructured/ludef_t_gpu.f90(2); unstructured/metricterms_new.f90(1); unstructured/metricterms_new_gpu.f90(1); unstructured/temperature_plots.f90(1),"源码引用 9 处；主要在 `input.f90` 2处, `ludef_t.f90` 2处, `ludef_t_gpu.f90` 2处, `metricterms_new.f90` 1处。","unstructured/input.f90:1775: if(itemp.eq.0 .and. kappai_fac.ne.1.) then
unstructured/input.f90:1776: if(myrank.eq.0) print *, 'Error: kappai_fac must equal 1 when itemp=0.'
unstructured/ludef_t.f90:4292: tempx = (1. + kappai_fac*(1.-pefac)/pefac)*tempx
unstructured/ludef_t.f90:4295: tempx = tempx * kappai_fac
unstructured/ludef_t_gpu.f90:4920: temp = (1. + kappai_fac*(1.-pefac)/pefac)*temp
unstructured/ludef_t_gpu.f90:4923: temp = kappai_fac*temp
unstructured/metricterms_new.f90:11546: - kappai_fac*( int3(kap79(:,OP_1),norm79(:,1),tit79(:,OP_DR)) &
unstructured/metricterms_new_gpu.f90:22089: - kappai_fac*( int3(kap79(:,OP_1),norm79(:,1),tit79(:,OP_DR)) &
unstructured/temperature_plots.f90:157: dofs = (1.+kappai_fac*(1.-pefac)/pefac)*dofs"
idenmfunc,idenmfunc,&inputnl,Transport Coefficients,integer,0,6,unstructured/transport.f90(4); unstructured/m3dc1_nint.f90(2),"源码引用 6 处；主要在 `transport.f90` 4处, `m3dc1_nint.f90` 2处。","unstructured/m3dc1_nint.f90:731: if(idenmfunc.eq.1) then
unstructured/m3dc1_nint.f90:1353: if(idenmfunc.eq.1) then
unstructured/transport.f90:1441: select case (idenmfunc)
unstructured/transport.f90:1459: if(idenmfunc.eq.10) then
unstructured/transport.f90:1478: if(myrank.eq.0) print *, 'Error: invalid value for idenmfunc: ', idenmfunc
unstructured/transport.f90:1694: if(idenmfunc.eq.1) def_fields = def_fields + FIELD_DENM"
denm,denm,&inputnl,Transport Coefficients,real,0.,11,unstructured/m3dc1_nint.f90(5); unstructured/output.f90(2); unstructured/transport.f90(2); unstructured/diagnostics.f90(1); unstructured/newpar.f90(1),"源码引用 11 处；主要在 `m3dc1_nint.f90` 5处, `output.f90` 2处, `transport.f90` 2处, `diagnostics.f90` 1处。","unstructured/diagnostics.f90:1097: nfluxd = nfluxd - twopi*denm* &
unstructured/m3dc1_nint.f90:1351: if(itri.eq.1 .and. myrank.eq.0 .and. iprint.ge.2) print *, "" denm...""
unstructured/m3dc1_nint.f90:1363: where(real(temp79b).gt.(denmt/(denmmax-denm)))
unstructured/m3dc1_nint.f90:1389: denm79(:,OP_1) = denm79(:,OP_1) + denm
unstructured/m3dc1_nint.f90:1391: where((denmmax-denm)*real(temp79b).le.denmt)
unstructured/m3dc1_nint.f90:1394: where((denmmin-denm)*real(temp79b).ge.denmt)
unstructured/newpar.f90:1357: call create_field(denm_field, ""denm"")
unstructured/output.f90:293: call write_real_attr(root_id, ""denm"" , denm, error)
unstructured/output.f90:1270: call write_field(group_id, ""denm"", denm_field, nelms, error, .true.)
unstructured/transport.f90:1443: temp79a = denm"
denmt,denmt,&inputnl,Transport Coefficients,real,0.,5,unstructured/m3dc1_nint.f90(5),源码引用 5 处；主要在 `m3dc1_nint.f90` 5处。,"unstructured/m3dc1_nint.f90:1355: if(izone.eq.1. .and. denmt.gt.0) then
unstructured/m3dc1_nint.f90:1363: where(real(temp79b).gt.(denmt/(denmmax-denm)))
unstructured/m3dc1_nint.f90:1388: denm79 = denm79*denmt
unstructured/m3dc1_nint.f90:1391: where((denmmax-denm)*real(temp79b).le.denmt)
unstructured/m3dc1_nint.f90:1394: where((denmmin-denm)*real(temp79b).ge.denmt)"
denmmin,denmmin,&inputnl,Transport Coefficients,real,0.,5,unstructured/m3dc1_nint.f90(4); unstructured/transport.f90(1),"源码引用 5 处；主要在 `m3dc1_nint.f90` 4处, `transport.f90` 1处。","unstructured/m3dc1_nint.f90:1394: where((denmmin-denm)*real(temp79b).ge.denmt)
unstructured/m3dc1_nint.f90:1395: denm79(:,OP_1) = denmmin
unstructured/m3dc1_nint.f90:1403: where(real(temp79a).lt.denmmin) denm79(:,i) = 0.
unstructured/m3dc1_nint.f90:1406: where(real(temp79a).lt.denmmin) denm79(:,OP_1) = denmmin
unstructured/transport.f90:1450: temp79a = max(real(temp79a),denmmin)"
denmmax,denmmax,&inputnl,Transport Coefficients,real,1.e6,6,unstructured/m3dc1_nint.f90(5); unstructured/transport.f90(1),"源码引用 6 处；主要在 `m3dc1_nint.f90` 5处, `transport.f90` 1处。","unstructured/m3dc1_nint.f90:1363: where(real(temp79b).gt.(denmt/(denmmax-denm)))
unstructured/m3dc1_nint.f90:1391: where((denmmax-denm)*real(temp79b).le.denmt)
unstructured/m3dc1_nint.f90:1392: denm79(:,OP_1) = denmmax
unstructured/m3dc1_nint.f90:1402: where(real(temp79a).gt.denmmax) denm79(:,i) = 0.
unstructured/m3dc1_nint.f90:1405: where(real(temp79a).gt.denmmax) denm79(:,OP_1) = denmmax
unstructured/transport.f90:1449: temp79a = min(real(temp79a),denmmax)"
deex,deex,&inputnl,Hyper Diffusivity,real,1.,1,unstructured/m3dc1_nint.f90(1),源码引用 1 处；主要在 `m3dc1_nint.f90` 1处。,unstructured/m3dc1_nint.f90:656: fac = deex**ihypdx
hyper,hyper,&inputnl,Hyper Diffusivity,real,0.,10,unstructured/input.f90(3); unstructured/diagnostics.f90(1); unstructured/ludef_t.f90(1); unstructured/ludef_t_gpu.f90(1); unstructured/m3dc1_nint.f90(1); unstructured/newpar.f90(1); unstructured/newvar.f90(1); unstructured/output.f90(1),"源码引用 10 处；主要在 `input.f90` 3处, `diagnostics.f90` 1处, `ludef_t.f90` 1处, `ludef_t_gpu.f90` 1处。","unstructured/diagnostics.f90:792: if(hyper.eq.0.) def_fields = def_fields + FIELD_J
unstructured/input.f90:195: call add_group(""Hyper Diffusivity"", hyper_grp)
unstructured/input.f90:795: ""1: implicit hyper-resistivity in psi equation"", hyper_grp)
unstructured/input.f90:1484: if(jadv.eq.1 .and. hyper.ne.0) &
unstructured/ludef_t.f90:4979: if(hyper.eq.0.) def_fields = def_fields + FIELD_J
unstructured/ludef_t_gpu.f90:5639: if(hyper.eq.0.) def_fields = def_fields + FIELD_J
unstructured/m3dc1_nint.f90:658: hypf = hyper *fac
unstructured/newpar.f90:678: if(jadv.eq.0 .or. hyper.eq.0. .or. (jadv.eq.1 .and. imp_hyper.ge.1)) return
unstructured/newvar.f90:113: if(jadv.eq.1 .and. hyper.ne.0. .and. imp_hyper.eq.0) then
unstructured/output.f90:295: call write_real_attr(root_id, ""hyper"" , hyper, error)"
hyperc,hyperc,&inputnl,Hyper Diffusivity,real,0.,4,unstructured/hypervisc.f90(1); unstructured/input.f90(1); unstructured/m3dc1_nint.f90(1); unstructured/output.f90(1),"源码引用 4 处；主要在 `hypervisc.f90` 1处, `input.f90` 1处, `m3dc1_nint.f90` 1处, `output.f90` 1处。","unstructured/hypervisc.f90:41: if(hyperc.eq.0. .and. hyperv.eq.0.) return
unstructured/input.f90:1482: if(hyperc.ne.0.) &
unstructured/m3dc1_nint.f90:661: hypc = hyperc*fac
unstructured/output.f90:298: call write_real_attr(root_id, ""hyperc"" , hyperc, error)"
hyperi,hyperi,&inputnl,Hyper Diffusivity,real,0.,2,unstructured/m3dc1_nint.f90(1); unstructured/output.f90(1),"源码引用 2 处；主要在 `m3dc1_nint.f90` 1处, `output.f90` 1处。","unstructured/m3dc1_nint.f90:659: hypi = hyperi*fac
unstructured/output.f90:296: call write_real_attr(root_id, ""hyperi"" , hyperi, error)"
hyperp,hyperp,&inputnl,Hyper Diffusivity,real,0.,2,unstructured/m3dc1_nint.f90(1); unstructured/output.f90(1),"源码引用 2 处；主要在 `m3dc1_nint.f90` 1处, `output.f90` 1处。","unstructured/m3dc1_nint.f90:662: hypp = hyperp*fac
unstructured/output.f90:299: call write_real_attr(root_id, ""hyperp"" , hyperp, error)"
hyperv,hyperv,&inputnl,Hyper Diffusivity,real,0.,3,unstructured/hypervisc.f90(1); unstructured/m3dc1_nint.f90(1); unstructured/output.f90(1),"源码引用 3 处；主要在 `hypervisc.f90` 1处, `m3dc1_nint.f90` 1处, `output.f90` 1处。","unstructured/hypervisc.f90:41: if(hyperc.eq.0. .and. hyperv.eq.0.) return
unstructured/m3dc1_nint.f90:660: hypv = hyperv*fac
unstructured/output.f90:297: call write_real_attr(root_id, ""hyperv"" , hyperv, error)"
ihypdx,ihypdx,&inputnl,Hyper Diffusivity,integer,0,2,unstructured/m3dc1_nint.f90(2),源码引用 2 处；主要在 `m3dc1_nint.f90` 2处。,"unstructured/m3dc1_nint.f90:653: if(ihypdx.eq.0) then
unstructured/m3dc1_nint.f90:656: fac = deex**ihypdx"
ihypeta,ihypeta,&inputnl,Hyper Diffusivity,integer,1,66,unstructured/metricterms_new_gpu.f90(31); unstructured/metricterms_new.f90(28); unstructured/input.f90(4); unstructured/electrostatic_potential.f90(2); unstructured/diagnostics.f90(1),"源码引用 66 处；主要在 `metricterms_new_gpu.f90` 31处, `metricterms_new.f90` 28处, `input.f90` 4处, `electrostatic_potential.f90` 2处。","unstructured/diagnostics.f90:3064: if(ihypeta.gt.2) bharhypeta = bharmonic(ihypeta)
unstructured/electrostatic_potential.f90:108: if(ihypeta.eq.0) then
unstructured/electrostatic_potential.f90:191: if(ihypeta.eq.1) then
unstructured/input.f90:1831: if(ihypeta.gt.2) then
unstructured/input.f90:1833: if(ihypeta .gt. ibh_harmonics) then
unstructured/input.f90:1834: if(myrank.eq.0) print *, 'Error: ihypeta > ibh_harmonics', &
unstructured/input.f90:1835: ihypeta, ibh_harmonics
unstructured/metricterms_new.f90:6116: if(ihypeta.eq.1) then
unstructured/metricterms_new.f90:6215: if(ihypeta.eq.1) then
unstructured/metricterms_new.f90:6267: if(ihypeta.eq.0) then"
ihypkappa,ihypkappa,&inputnl,Hyper Diffusivity,integer,1,9,unstructured/metricterms_new_gpu.f90(5); unstructured/metricterms_new.f90(4),"源码引用 9 处；主要在 `metricterms_new_gpu.f90` 5处, `metricterms_new.f90` 4处。","unstructured/metricterms_new.f90:8724: if(ihypkappa.eq.1) then
unstructured/metricterms_new.f90:8783: if(ihypkappa.eq.1) then
unstructured/metricterms_new.f90:8937: if(ihypkappa.eq.1) then
unstructured/metricterms_new.f90:9066: if(ihypkappa.eq.1) then
unstructured/metricterms_new_gpu.f90:17994: if(ihypkappa.eq.1) then
unstructured/metricterms_new_gpu.f90:18050: if(ihypkappa.eq.1) then
unstructured/metricterms_new_gpu.f90:18263: if(ihypkappa.eq.1) then
unstructured/metricterms_new_gpu.f90:18417: if(ihypkappa.eq.1) then
unstructured/metricterms_new_gpu.f90:18468: if(ihypkappa.eq.1) then"
imp_hyper,imp_hyper,&inputnl,Hyper Diffusivity,integer,0,44,unstructured/ludef_t.f90(10); unstructured/metricterms_new_gpu.f90(8); unstructured/time_step_split.f90(6); unstructured/ludef_t_gpu.f90(5); unstructured/metricterms_new.f90(4); unstructured/time_step_unsplit.f90(4); unstructured/model.f90(2); unstructured/newpar.f90(1),"源码引用 44 处；主要在 `ludef_t.f90` 10处, `metricterms_new_gpu.f90` 8处, `time_step_split.f90` 6处, `ludef_t_gpu.f90` 5处。","unstructured/ludef_t.f90:2016: if(jadv.eq.1 .and. imp_hyper.eq.1) then
unstructured/ludef_t.f90:2022: if(jadv.eq.1 .and. imp_hyper.eq.2) then
unstructured/ludef_t.f90:2029: if(jadv.eq.1 .and. imp_hyper.eq.2) then
unstructured/ludef_t.f90:2853: if(imp_hyper.eq.2) then
unstructured/ludef_t.f90:2859: if(imp_hyper.eq.2) then
unstructured/ludef_t.f90:4858: select case(imp_hyper)
unstructured/ludef_t.f90:5431: if((jadv.eq.0).or.(jadv.eq.1 .and. imp_hyper.ge.1)) &
unstructured/ludef_t.f90:5444: if((jadv.eq.0).or.(jadv.eq.1 .and. imp_hyper.ge.1)) then
unstructured/ludef_t.f90:5451: if((jadv.eq.0).or.(jadv.eq.1 .and. imp_hyper.ge.1)) then
unstructured/ludef_t.f90:5565: if((jadv.eq.0) .or. (jadv.eq.1 .and. imp_hyper.ge.1)) then"
isurface,isurface,&inputnl,Boundary Conditions,integer,1,1,unstructured/biharmonic.f90(1),源码引用 1 处；主要在 `biharmonic.f90` 1处。,unstructured/biharmonic.f90:121: if(isurface.eq.0) cycle
icurv,icurv,&inputnl,Boundary Conditions,integer,2,1,unstructured/scorec_mesh.f90(1),源码引用 1 处；主要在 `scorec_mesh.f90` 1处。,unstructured/scorec_mesh.f90:988: if(icurv.eq.0) then
nonrect,nonrect,&inputnl,Boundary Conditions,integer,1,8,unstructured/init_eigen.f90(1); unstructured/init_frs.f90(1); unstructured/init_ftz.f90(1); unstructured/input.f90(1); unstructured/output.f90(1); unstructured/particle.f90(1); unstructured/particle_com.f90(1); unstructured/runaway_advection.f90(1),"源码引用 8 处；主要在 `init_eigen.f90` 1处, `init_frs.f90` 1处, `init_ftz.f90` 1处, `input.f90` 1处。","unstructured/init_eigen.f90:95: if(nonrect.eq.0) then
unstructured/init_frs.f90:223: if(nonrect.eq.0) then
unstructured/init_ftz.f90:127: if(nonrect.eq.0) then
unstructured/input.f90:1655: is_rectilinear = (nonrect.eq.0)
unstructured/output.f90:275: call write_int_attr (root_id, ""nonrect"" , nonrect, error)
unstructured/particle.f90:290: print *, 'nonrect = ', nonrect
unstructured/particle_com.f90:288: print *, 'nonrect = ', nonrect
unstructured/runaway_advection.f90:209: print *, 'nonrect = ', nonrect"
ifixedb,ifixedb,&inputnl,Boundary Conditions,integer,0,11,unstructured/gradshafranov.f90(3); unstructured/init_eqdsk.f90(2); unstructured/diagnostics.f90(1); unstructured/init_dskbal.f90(1); unstructured/output.f90(1); unstructured/particle.f90(1); unstructured/particle_com.f90(1); unstructured/runaway_advection.f90(1),"源码引用 11 处；主要在 `gradshafranov.f90` 3处, `init_eqdsk.f90` 2处, `diagnostics.f90` 1处, `init_dskbal.f90` 1处。","unstructured/diagnostics.f90:2090: if(ifixedb.eq.1 .and. ntime.le.0) then
unstructured/gradshafranov.f90:87: if(ifixedb.eq.0) then
unstructured/gradshafranov.f90:3413: if(idevice .eq. 0 .and. ifixedb .eq. 0 .and. feedfac.ne.0.) then
unstructured/gradshafranov.f90:3423: if(ifixedb.ge.1) then
unstructured/init_dskbal.f90:58: ifixedb = 1
unstructured/init_eqdsk.f90:76: if(ifixedb.eq.0) then
unstructured/init_eqdsk.f90:77: if(iread_eqdsk.eq.3 .and. ifixedb.eq.0) then
unstructured/output.f90:276: call write_int_attr (root_id, ""ifixedb"" , ifixedb, error)
unstructured/particle.f90:292: print *, 'ifixedb = ', ifixedb
unstructured/particle_com.f90:290: print *, 'ifixedb = ', ifixedb"
com_bc,com_bc,&inputnl,Boundary Conditions,integer,0,3,unstructured/model.f90(3),源码引用 3 处；主要在 `model.f90` 3处。,"unstructured/model.f90:252: if(com_bc.eq.1) ibound = ior(ibound, BOUNDARY_LAPLACIAN)
unstructured/model.f90:384: if(com_bc.eq.1 .and. numvar.ge.3) then
unstructured/model.f90:455: if(com_bc.eq.1 .and. numvar.ge.3) then"
vor_bc,vor_bc,&inputnl,Boundary Conditions,integer,0,3,unstructured/model.f90(3),源码引用 3 处；主要在 `model.f90` 3处。,"unstructured/model.f90:215: if(vor_bc.eq.1) ibound = ior(ibound, BOUNDARY_LAPLACIAN)
unstructured/model.f90:378: if(vor_bc.eq.1) then
unstructured/model.f90:449: if(vor_bc.eq.1) then"
iconst_p,iconst_p,&inputnl,Boundary Conditions,integer,1,12,unstructured/model.f90(8); unstructured/metricterms_new_gpu.f90(3); unstructured/metricterms_new.f90(1),"源码引用 12 处；主要在 `model.f90` 8处, `metricterms_new_gpu.f90` 3处, `metricterms_new.f90` 1处。","unstructured/metricterms_new.f90:1948: if(inoslip_pol.eq.1 .or. iconst_p.eq.1) then
unstructured/metricterms_new_gpu.f90:4504: if(inoslip_pol.eq.1 .or. iconst_p.ge.1) then
unstructured/metricterms_new_gpu.f90:4536: if(inoslip_pol.eq.1 .or. iconst_p.ge.1) then
unstructured/metricterms_new_gpu.f90:4689: if(inoslip_pol.eq.1 .or. iconst_p.eq.1) then
unstructured/model.f90:76: if(iconst_t.eq.1 .or. iconst_p.ge.1) ibound = ior(ibound, BOUNDARY_DIRICHLET)
unstructured/model.f90:92: if(iconst_p.ge.1) ibound = ior(ibound, BOUNDARY_DIRICHLET)
unstructured/model.f90:736: else if(iconst_p.ge.1) then
unstructured/model.f90:800: if(iconst_t.eq.1 .or. iconst_p.ge.1) then
unstructured/model.f90:887: if(iconst_p.eq.1) then
unstructured/model.f90:893: else if(iconst_p.eq.2) then"
iconst_n,iconst_n,&inputnl,Boundary Conditions,integer,1,3,unstructured/model.f90(2); unstructured/kprad_m3dc1.f90(1),"源码引用 3 处；主要在 `model.f90` 2处, `kprad_m3dc1.f90` 1处。","unstructured/kprad_m3dc1.f90:257: if(iconst_n.eq.1) then
unstructured/model.f90:44: if(iconst_n.eq.1) ibound = ior(ibound, BOUNDARY_DIRICHLET)
unstructured/model.f90:616: if(iconst_n.eq.1) then"
iconst_t,iconst_t,&inputnl,Boundary Conditions,integer,1,4,unstructured/model.f90(4),源码引用 4 处；主要在 `model.f90` 4处。,"unstructured/model.f90:76: if(iconst_t.eq.1 .or. iconst_p.ge.1) ibound = ior(ibound, BOUNDARY_DIRICHLET)
unstructured/model.f90:721: if(iconst_t.eq.1) then
unstructured/model.f90:732: else if(iconst_t.eq.2) then
unstructured/model.f90:800: if(iconst_t.eq.1 .or. iconst_p.ge.1) then"
iconst_bn,iconst_bn,&inputnl,Boundary Conditions,integer,1,3,unstructured/model.f90(2); unstructured/ludef_t.f90(1),"源码引用 3 处；主要在 `model.f90` 2处, `ludef_t.f90` 1处。","unstructured/ludef_t.f90:1954: if(iconst_bn.eq.0 .and. (.not.surface_int)) then
unstructured/model.f90:114: if(iconst_bn.eq.1) ibound = ior(ibound, BOUNDARY_DIRICHLET)
unstructured/model.f90:506: if(iconst_bn.eq.1) then"
iconst_bz,iconst_bz,&inputnl,Boundary Conditions,integer,0,2,unstructured/model.f90(2),源码引用 2 处；主要在 `model.f90` 2处。,"unstructured/model.f90:130: if(iconst_bz.eq.1) ibound = ior(ibound, BOUNDARY_DIRICHLET)
unstructured/model.f90:545: else if(iconst_bz.eq.1 .and. numvar.ge.2) then"
inograd_p,inograd_p,&inputnl,Boundary Conditions,integer,0,3,unstructured/model.f90(3),源码引用 3 处；主要在 `model.f90` 3处。,"unstructured/model.f90:91: if(inograd_p.eq.1) ibound = ior(ibound, BOUNDARY_NEUMANN)
unstructured/model.f90:883: if(inograd_p.eq.1) then
unstructured/model.f90:940: if(inograd_p.eq.1) then"
inograd_t,inograd_t,&inputnl,Boundary Conditions,integer,0,3,unstructured/model.f90(3),源码引用 3 处；主要在 `model.f90` 3处。,"unstructured/model.f90:75: if(inograd_t.eq.1) ibound = ior(ibound, BOUNDARY_NEUMANN)
unstructured/model.f90:717: if(inograd_t.eq.1) then
unstructured/model.f90:796: if(inograd_t.eq.1) then"
inograd_n,inograd_n,&inputnl,Boundary Conditions,integer,0,6,unstructured/metricterms_new_gpu.f90(3); unstructured/model.f90(2); unstructured/kprad_m3dc1.f90(1),"源码引用 6 处；主要在 `metricterms_new_gpu.f90` 3处, `model.f90` 2处, `kprad_m3dc1.f90` 1处。","unstructured/kprad_m3dc1.f90:253: if(inograd_n.eq.1) then
unstructured/metricterms_new_gpu.f90:18238: if(inograd_n.eq.1) then
unstructured/metricterms_new_gpu.f90:18396: if(inograd_n.eq.1) then
unstructured/metricterms_new_gpu.f90:18447: if(inograd_n.eq.1) then
unstructured/model.f90:43: if(inograd_n.eq.1) ibound = ior(ibound, BOUNDARY_NEUMANN)
unstructured/model.f90:612: if(inograd_n.eq.1) then"
inonormalflow,inonormalflow,&inputnl,Boundary Conditions,integer,1,34,unstructured/metricterms_new_gpu.f90(22); unstructured/model.f90(7); unstructured/ludef_t.f90(3); unstructured/ludef_t_gpu.f90(2),"源码引用 34 处；主要在 `metricterms_new_gpu.f90` 22处, `model.f90` 7处, `ludef_t.f90` 3处, `ludef_t_gpu.f90` 2处。","unstructured/ludef_t.f90:79: if(inonormalflow.eq.1 .and. .not.surface_int) then
unstructured/ludef_t.f90:96: if(((inonormalflow.eq.0).or.(inonormalflow.eq.2)) .and. .not.surface_int) then
unstructured/ludef_t.f90:1335: if((inonormalflow.eq.0).or.(inonormalflow.eq.2)) then
unstructured/ludef_t_gpu.f90:96: if(inonormalflow.eq.1 .and. .not.surface_int) then
unstructured/ludef_t_gpu.f90:1552: if(inonormalflow.eq.0) then
unstructured/metricterms_new_gpu.f90:7765: if(inonormalflow.eq.1) then
unstructured/metricterms_new_gpu.f90:8217: if(inonormalflow.eq.1) then
unstructured/metricterms_new_gpu.f90:16259: if(inonormalflow.eq.1) then
unstructured/metricterms_new_gpu.f90:16285: if(inonormalflow.eq.1) then
unstructured/metricterms_new_gpu.f90:16311: if(inonormalflow.eq.1) then"
inoslip_pol,inoslip_pol,&inputnl,Boundary Conditions,integer,1,36,unstructured/metricterms_new_gpu.f90(23); unstructured/model.f90(7); unstructured/ludef_t.f90(3); unstructured/ludef_t_gpu.f90(2); unstructured/metricterms_new.f90(1),"源码引用 36 处；主要在 `metricterms_new_gpu.f90` 23处, `model.f90` 7处, `ludef_t.f90` 3处, `ludef_t_gpu.f90` 2处。","unstructured/ludef_t.f90:86: if((inoslip_pol.eq.0).or.(inoslip_pol.eq.2)) then
unstructured/ludef_t.f90:1328: if(((inoslip_pol.eq.0).or.(inoslip_pol.eq.2)) .and. .not.surface_int) then
unstructured/ludef_t.f90:1340: if((inoslip_pol.eq.1) .and. .not.surface_int) then
unstructured/ludef_t_gpu.f90:107: if(inoslip_pol.eq.0) then
unstructured/ludef_t_gpu.f90:1559: if(inoslip_pol.eq.1 .and. .not.surface_int) then
unstructured/metricterms_new.f90:1948: if(inoslip_pol.eq.1 .or. iconst_p.eq.1) then
unstructured/metricterms_new_gpu.f90:488: if(inoslip_pol.eq.1) then
unstructured/metricterms_new_gpu.f90:603: if(inoslip_pol.eq.1) then
unstructured/metricterms_new_gpu.f90:768: if(inoslip_pol.eq.1) then
unstructured/metricterms_new_gpu.f90:798: if(inoslip_pol.eq.1) then"
inoslip_tor,inoslip_tor,&inputnl,Boundary Conditions,integer,1,14,unstructured/metricterms_new_gpu.f90(12); unstructured/model.f90(2),"源码引用 14 处；主要在 `metricterms_new_gpu.f90` 12处, `model.f90` 2处。","unstructured/metricterms_new_gpu.f90:12399: if(inoslip_tor.eq.1) then
unstructured/metricterms_new_gpu.f90:12435: if(inoslip_tor.eq.1) then
unstructured/metricterms_new_gpu.f90:12474: if(inoslip_tor.eq.1) then
unstructured/metricterms_new_gpu.f90:15259: if(inoslip_tor.eq.1) then
unstructured/metricterms_new_gpu.f90:15298: if(inoslip_tor.eq.1) then
unstructured/metricterms_new_gpu.f90:15336: if(inoslip_tor.eq.1) then
unstructured/metricterms_new_gpu.f90:16476: if(inoslip_tor.eq.1) then
unstructured/metricterms_new_gpu.f90:16501: if(inoslip_tor.eq.1) then
unstructured/metricterms_new_gpu.f90:16526: if(inoslip_tor.eq.1) then
unstructured/metricterms_new_gpu.f90:16553: if(inoslip_tor.eq.1) then"
inostress_tor,inostress_tor,&inputnl,Boundary Conditions,integer,0,2,unstructured/model.f90(2),源码引用 2 处；主要在 `model.f90` 2处。,"unstructured/model.f90:232: if(inostress_tor.eq.1) ibound = ior(ibound, BOUNDARY_NEUMANN)
unstructured/model.f90:371: if(inostress_tor.eq.1) then"
inocurrent_pol,inocurrent_pol,&inputnl,Boundary Conditions,integer,0,19,unstructured/metricterms_new_gpu.f90(17); unstructured/model.f90(2),"源码引用 19 处；主要在 `metricterms_new_gpu.f90` 17处, `model.f90` 2处。","unstructured/metricterms_new_gpu.f90:8646: if(inocurrent_pol.eq.1 .and. imulti_region.eq.0) then
unstructured/metricterms_new_gpu.f90:8675: if(inocurrent_pol.eq.1 .and. imulti_region.eq.0) then
unstructured/metricterms_new_gpu.f90:8704: if(inocurrent_pol.eq.1 .and. imulti_region.eq.0) then
unstructured/metricterms_new_gpu.f90:8831: if(inocurrent_pol.eq.1 .and. imulti_region.eq.0) then
unstructured/metricterms_new_gpu.f90:8858: if(inocurrent_pol.eq.1 .and. imulti_region.eq.0) then
unstructured/metricterms_new_gpu.f90:8885: if(inocurrent_pol.eq.1 .and. imulti_region.eq.0) then
unstructured/metricterms_new_gpu.f90:8917: if(inocurrent_pol.eq.1 .and. imulti_region.eq.0) then
unstructured/metricterms_new_gpu.f90:8948: if(inocurrent_pol.eq.1 .and. imulti_region.eq.0) then
unstructured/metricterms_new_gpu.f90:8979: if(inocurrent_pol.eq.1 .and. imulti_region.eq.0) then
unstructured/metricterms_new_gpu.f90:15703: if(inocurrent_pol.eq.1 .and. imulti_region.eq.0) then"
inocurrent_tor,inocurrent_tor,&inputnl,Boundary Conditions,integer,0,11,unstructured/metricterms_new_gpu.f90(7); unstructured/model.f90(2); unstructured/newpar.f90(1); unstructured/newvar.f90(1),"源码引用 11 处；主要在 `metricterms_new_gpu.f90` 7处, `model.f90` 2处, `newpar.f90` 1处, `newvar.f90` 1处。","unstructured/metricterms_new_gpu.f90:8738: if(inocurrent_tor.eq.1 .and. imulti_region.eq.0) then
unstructured/metricterms_new_gpu.f90:8768: if(inocurrent_tor.eq.1 .and. imulti_region.eq.0) then
unstructured/metricterms_new_gpu.f90:8798: if(inocurrent_tor.eq.1 .and. imulti_region.eq.0) then
unstructured/metricterms_new_gpu.f90:16649: if(inocurrent_tor.eq.1 .and. imulti_region.eq.0) then
unstructured/metricterms_new_gpu.f90:16789: if(inocurrent_tor.eq.1 .and. imulti_region.eq.0) then
unstructured/metricterms_new_gpu.f90:16865: if(inocurrent_tor.eq.1 .and. imulti_region.eq.0) then
unstructured/metricterms_new_gpu.f90:17010: if(inocurrent_tor.eq.1 .and. imulti_region.eq.0) then
unstructured/model.f90:108: if(inocurrent_tor.eq.1) ibound = ior(ibound, BOUNDARY_LAPLACIAN)
unstructured/model.f90:515: if(inocurrent_tor.eq.1) then
unstructured/newpar.f90:840: if(inocurrent_tor.eq.1) then"
inocurrent_norm,inocurrent_norm,&inputnl,Boundary Conditions,integer,0,17,unstructured/metricterms_new_gpu.f90(15); unstructured/model.f90(2),"源码引用 17 处；主要在 `metricterms_new_gpu.f90` 15处, `model.f90` 2处。","unstructured/metricterms_new_gpu.f90:13444: if(inocurrent_norm.eq.1 .and. imulti_region.eq.0) then
unstructured/metricterms_new_gpu.f90:13451: if(inocurrent_norm.eq.1 .and. imulti_region.eq.0) then
unstructured/metricterms_new_gpu.f90:13556: if(inocurrent_norm.eq.1 .and. imulti_region.eq.0) then
unstructured/metricterms_new_gpu.f90:13607: if(inocurrent_norm.eq.1 .and. imulti_region.eq.0) then
unstructured/metricterms_new_gpu.f90:13614: if(inocurrent_norm.eq.1 .and. imulti_region.eq.0) then
unstructured/metricterms_new_gpu.f90:13670: if(inocurrent_norm.eq.1 .and. imulti_region.eq.0) then
unstructured/metricterms_new_gpu.f90:13735: if(inocurrent_norm.eq.1 .and. imulti_region.eq.0) then
unstructured/metricterms_new_gpu.f90:15019: if(inocurrent_norm.eq.1 .and. imulti_region.eq.0) then
unstructured/metricterms_new_gpu.f90:15058: if(inocurrent_norm.eq.1 .and. imulti_region.eq.0) then
unstructured/metricterms_new_gpu.f90:16686: if(inocurrent_norm.eq.1 .and. imulti_region.eq.0) then"
ifbound,ifbound,&inputnl,Boundary Conditions,integer,-1,12,unstructured/model.f90(4); unstructured/input.f90(3); unstructured/newvar.f90(3); unstructured/ludef_t.f90(1); unstructured/ludef_t_gpu.f90(1),"源码引用 12 处；主要在 `model.f90` 4处, `input.f90` 3处, `newvar.f90` 3处, `ludef_t.f90` 1处。","unstructured/input.f90:1745: if(ifbound.eq.-1) then
unstructured/input.f90:1747: ifbound = 2
unstructured/input.f90:1749: ifbound = 1
unstructured/ludef_t.f90:4795: if(ifbound.eq.2) then
unstructured/ludef_t_gpu.f90:5452: if(ifbound.eq.2) then
unstructured/model.f90:156: if(ifbound.eq.1) then
unstructured/model.f90:158: else if(ifbound.eq.2) then
unstructured/model.f90:564: if(ifbound.eq.1) then
unstructured/model.f90:566: else if(ifbound.eq.2) then
unstructured/newvar.f90:100: if(ifbound.eq.1) then"
iconstflux,iconstflux,&inputnl,Boundary Conditions,integer,0,2,unstructured/newpar.f90(1); unstructured/time_step.f90(1),"源码引用 2 处；主要在 `newpar.f90` 1处, `time_step.f90` 1处。","unstructured/newpar.f90:921: if(numvar.ge.2 .and. iconstflux.eq.1) then
unstructured/time_step.f90:237: if(iconstflux.eq.1 .and. numvar.ge.2) then"
iper,iper,&inputnl,Boundary Conditions,integer,0,24,unstructured/model.f90(9); unstructured/boundary.f90(4); unstructured/rmp.f90(3); unstructured/biharmonic.f90(1); unstructured/gradshafranov.f90(1); unstructured/gread_restart_c11.fh(1); unstructured/init_vmec.f90(1); unstructured/kprad_m3dc1.f90(1),"源码引用 24 处；主要在 `model.f90` 9处, `boundary.f90` 4处, `rmp.f90` 3处, `biharmonic.f90` 1处。","unstructured/biharmonic.f90:311: if(iper.eq.1 .and. jper.eq.1) return
unstructured/boundary.f90:679: if(iper.eq.1 .and. jper.eq.1) return
unstructured/boundary.f90:725: if(iper.eq.1 .and. jper.eq.1) return
unstructured/boundary.f90:764: if(iper.eq.1 .and. jper.eq.1) return
unstructured/boundary.f90:809: if(iper.eq.1 .and. jper.eq.1) return
unstructured/gradshafranov.f90:3400: if(iper.eq.1 .and. jper.eq.1) return
unstructured/gread_restart_c11.fh:13: call adios_read (adios_handle, ""iper"", iiper, adios_buf_size, adios_err)
unstructured/init_vmec.f90:278: if(iper.eq.1 .and. jper.eq.1) return
unstructured/kprad_m3dc1.f90:241: if(iper.eq.1 .and. jper.eq.1) return
unstructured/model.f90:286: if(iper.eq.1 .and. jper.eq.1) return"
jper,jper,&inputnl,Boundary Conditions,integer,0,24,unstructured/model.f90(9); unstructured/boundary.f90(4); unstructured/rmp.f90(3); unstructured/biharmonic.f90(1); unstructured/gradshafranov.f90(1); unstructured/gread_restart_c11.fh(1); unstructured/init_vmec.f90(1); unstructured/kprad_m3dc1.f90(1),"源码引用 24 处；主要在 `model.f90` 9处, `boundary.f90` 4处, `rmp.f90` 3处, `biharmonic.f90` 1处。","unstructured/biharmonic.f90:311: if(iper.eq.1 .and. jper.eq.1) return
unstructured/boundary.f90:679: if(iper.eq.1 .and. jper.eq.1) return
unstructured/boundary.f90:725: if(iper.eq.1 .and. jper.eq.1) return
unstructured/boundary.f90:764: if(iper.eq.1 .and. jper.eq.1) return
unstructured/boundary.f90:809: if(iper.eq.1 .and. jper.eq.1) return
unstructured/gradshafranov.f90:3400: if(iper.eq.1 .and. jper.eq.1) return
unstructured/gread_restart_c11.fh:15: call adios_read (adios_handle, ""jper"", ijper, adios_buf_size, adios_err)
unstructured/init_vmec.f90:278: if(iper.eq.1 .and. jper.eq.1) return
unstructured/kprad_m3dc1.f90:241: if(iper.eq.1 .and. jper.eq.1) return
unstructured/model.f90:286: if(iper.eq.1 .and. jper.eq.1) return"
tebound,tebound,&inputnl,Boundary Conditions,real,-1.,2,unstructured/model.f90(2),源码引用 2 处；主要在 `model.f90` 2处。,"unstructured/model.f90:722: if((tebound.gt.0.) .and. is_inner) then
unstructured/model.f90:724: temp(1) = tebound"
tibound,tibound,&inputnl,Boundary Conditions,real,-1.,2,unstructured/model.f90(2),源码引用 2 处；主要在 `model.f90` 2处。,"unstructured/model.f90:801: if((tibound.gt.0.) .and. is_inner) then
unstructured/model.f90:803: temp(1) = tibound"
eta_wall,eta_wall,&inputnl,Resistive Wall,real,1e-3,5,unstructured/input.f90(3); unstructured/output.f90(1); unstructured/resistive_wall.f90(1),"源码引用 5 处；主要在 `input.f90` 3处, `output.f90` 1处, `resistive_wall.f90` 1处。","unstructured/input.f90:1585: if(eta_wall .gt. eta_vac) then
unstructured/input.f90:1586: if(myrank.eq.0) print *, 'Warning: eta_wall > eta_vac.'
unstructured/input.f90:1629: if(eta_wallRZ .lt. 0) eta_wallRZ = eta_wall
unstructured/output.f90:303: call write_real_attr(root_id, ""eta_wall"" , eta_wall, error)
unstructured/resistive_wall.f90:73: wall_resistivity = eta_wall"
eta_wallRZ,eta_wallRZ,&inputnl,Resistive Wall,real,-1.,2,unstructured/input.f90(1); unstructured/resistive_wall.f90(1),"源码引用 2 处；主要在 `input.f90` 1处, `resistive_wall.f90` 1处。","unstructured/input.f90:1629: if(eta_wallRZ .lt. 0) eta_wallRZ = eta_wall
unstructured/resistive_wall.f90:137: wall_resistivityRZ = eta_wallRZ"
eta_vac,eta_vac,&inputnl,Resistive Wall,real,1.,5,unstructured/input.f90(3); unstructured/m3dc1_nint.f90(1); unstructured/transport.f90(1),"源码引用 5 处；主要在 `input.f90` 3处, `m3dc1_nint.f90` 1处, `transport.f90` 1处。","unstructured/input.f90:1585: if(eta_wall .gt. eta_vac) then
unstructured/input.f90:1586: if(myrank.eq.0) print *, 'Warning: eta_wall > eta_vac.'
unstructured/input.f90:1796: if(eta_max.le.0.) eta_max = eta_vac
unstructured/m3dc1_nint.f90:1229: eta79(:,OP_1) = eta_vac
unstructured/transport.f90:1101: temp79a = eta_vac - etar*eta_fac"
iwall_breaks,iwall_breaks,&inputnl,Resistive Wall,integer,0,2,unstructured/resistive_wall.f90(2),源码引用 2 处；主要在 `resistive_wall.f90` 2处。,"unstructured/resistive_wall.f90:83: do i=iwall_breaks, 1, -1
unstructured/resistive_wall.f90:147: do i=iwall_breaks, 1, -1"
eta_break,eta_break,&inputnl,Resistive Wall,real array,1.,2,unstructured/resistive_wall.f90(2),源码引用 2 处；主要在 `resistive_wall.f90` 2处。,"unstructured/resistive_wall.f90:92: wall_resistivity = eta_break(i)
unstructured/resistive_wall.f90:156: wall_resistivityRZ = eta_break(i)"
wall_break_xmin,wall_break_xmin,&inputnl,Resistive Wall,real array,0.,2,unstructured/resistive_wall.f90(2),源码引用 2 处；主要在 `resistive_wall.f90` 2处。,"unstructured/resistive_wall.f90:88: if(x.ge.wall_break_xmin(i) .and. &
unstructured/resistive_wall.f90:152: if(x.ge.wall_break_xmin(i) .and. &"
wall_break_xmax,wall_break_xmax,&inputnl,Resistive Wall,real array,0.,2,unstructured/resistive_wall.f90(2),源码引用 2 处；主要在 `resistive_wall.f90` 2处。,"unstructured/resistive_wall.f90:89: x.le.wall_break_xmax(i) .and. &
unstructured/resistive_wall.f90:153: x.le.wall_break_xmax(i) .and. &"
wall_break_zmin,wall_break_zmin,&inputnl,Resistive Wall,real array,0.,2,unstructured/resistive_wall.f90(2),源码引用 2 处；主要在 `resistive_wall.f90` 2处。,"unstructured/resistive_wall.f90:90: z.ge.wall_break_zmin(i) .and. &
unstructured/resistive_wall.f90:154: z.ge.wall_break_zmin(i) .and. &"
wall_break_zmax,wall_break_zmax,&inputnl,Resistive Wall,real array,0.,2,unstructured/resistive_wall.f90(2),源码引用 2 处；主要在 `resistive_wall.f90` 2处。,"unstructured/resistive_wall.f90:91: z.le.wall_break_zmax(i)) then
unstructured/resistive_wall.f90:155: z.le.wall_break_zmax(i)) then"
wall_break_phimin,wall_break_phimin,&inputnl,Resistive Wall,real array,0.,2,unstructured/resistive_wall.f90(2),源码引用 2 处；主要在 `resistive_wall.f90` 2处。,"unstructured/resistive_wall.f90:85: if(phi.ge.wall_break_phimin(i) .and. &
unstructured/resistive_wall.f90:149: if(phi.ge.wall_break_phimin(i) .and. &"
wall_break_phimax,wall_break_phimax,&inputnl,Resistive Wall,real array,0.,2,unstructured/resistive_wall.f90(2),源码引用 2 处；主要在 `resistive_wall.f90` 2处。,"unstructured/resistive_wall.f90:86: phi.le.wall_break_phimax(i)) then
unstructured/resistive_wall.f90:150: phi.le.wall_break_phimax(i)) then"
iwall_regions,iwall_regions,&inputnl,Resistive Wall,integer,0,9,unstructured/resistive_wall.f90(5); unstructured/input.f90(2); unstructured/output.f90(2),"源码引用 9 处；主要在 `resistive_wall.f90` 5处, `input.f90` 2处, `output.f90` 2处。","unstructured/input.f90:1630: if(iwall_regions.gt.0) then
unstructured/input.f90:1631: do i=1,iwall_regions
unstructured/output.f90:941: call write_int_attr(group_id, ""iwall_regions"", iwall_regions, error)
unstructured/output.f90:943: do i=1, iwall_regions
unstructured/resistive_wall.f90:41: do i=1, iwall_regions
unstructured/resistive_wall.f90:53: do i=1, iwall_regions
unstructured/resistive_wall.f90:56: iwall_regions = 0
unstructured/resistive_wall.f90:76: do i=iwall_regions, 1, -1
unstructured/resistive_wall.f90:140: do i=iwall_regions, 1, -1"
wall_region_eta,wall_region_eta,&inputnl,Resistive Wall,real array,1e-3,3,unstructured/input.f90(1); unstructured/output.f90(1); unstructured/resistive_wall.f90(1),"源码引用 3 处；主要在 `input.f90` 1处, `output.f90` 1处, `resistive_wall.f90` 1处。","unstructured/input.f90:1633: wall_region_etaRZ(i) = wall_region_eta(i)
unstructured/output.f90:949: call write_real_attr(region_group_id, ""eta"", wall_region_eta(i), error)
unstructured/resistive_wall.f90:78: wall_resistivity = wall_region_eta(i)"
wall_region_etaRZ,wall_region_etaRZ,&inputnl,Resistive Wall,real array,-1.,4,unstructured/input.f90(2); unstructured/output.f90(1); unstructured/resistive_wall.f90(1),"源码引用 4 处；主要在 `input.f90` 2处, `output.f90` 1处, `resistive_wall.f90` 1处。","unstructured/input.f90:1632: if(wall_region_etaRZ(i) .lt. 0) then
unstructured/input.f90:1633: wall_region_etaRZ(i) = wall_region_eta(i)
unstructured/output.f90:950: call write_real_attr(region_group_id, ""etaRZ"", wall_region_etaRZ(i),error)
unstructured/resistive_wall.f90:142: wall_resistivityRZ = wall_region_etaRZ(i)"
eta_zone,eta_zone,&inputnl,Resistive Wall,real array,0.,4,unstructured/resistive_wall.f90(4),源码引用 4 处；主要在 `resistive_wall.f90` 4处。,"unstructured/resistive_wall.f90:70: if(eta_zone(izone).gt.0.) then
unstructured/resistive_wall.f90:71: wall_resistivity = eta_zone(izone)
unstructured/resistive_wall.f90:134: else if(eta_zone(izone).gt.0.) then
unstructured/resistive_wall.f90:135: wall_resistivityRZ = eta_zone(izone)"
etaRZ_zone,etaRZ_zone,&inputnl,Resistive Wall,real array,0.,2,unstructured/resistive_wall.f90(2),源码引用 2 处；主要在 `resistive_wall.f90` 2处。,"unstructured/resistive_wall.f90:132: if(etaRZ_zone(izone).gt.0.) then
unstructured/resistive_wall.f90:133: wall_resistivityRZ = etaRZ_zone(izone)"
wall_region_filename,wall_region_filename,&inputnl,Resistive Wall,character(len=256) array,"""""",1,unstructured/resistive_wall.f90(1),源码引用 1 处；主要在 `resistive_wall.f90` 1处。,"unstructured/resistive_wall.f90:42: call create_region_from_file(wall_region(i), wall_region_filename(i), &"
eta_rekc,eta_rekc,&inputnl,Resistive Wall,real,0.,6,unstructured/resistive_wall.f90(6),源码引用 6 处；主要在 `resistive_wall.f90` 6处。,"unstructured/resistive_wall.f90:100: if(eta_rekc.gt.0) then
unstructured/resistive_wall.f90:109: wall_resistivity = 10.**(log10(wall_resistivity)*(1.-f) + log10(eta_rekc)*f)
unstructured/resistive_wall.f90:115: wall_resistivity = 10.**(log10(wall_resistivity)*(1.-max(f1,f2)) + log10(eta_rekc)*max(f1,f2))
unstructured/resistive_wall.f90:164: if(eta_rekc.gt.0) then
unstructured/resistive_wall.f90:173: wall_resistivityRZ = 10.**(log10(wall_resistivityRZ)*(1.-f) + log10(eta_rekc)*f)
unstructured/resistive_wall.f90:179: wall_resistivityRZ = 10.**(log10(wall_resistivityRZ)*(1.-max(f1,f2)) + log10(eta_rekc)*max(f1,f2))"
ntor_rekc,ntor_rekc,&inputnl,Resistive Wall,integer,0,2,unstructured/resistive_wall.f90(2),源码引用 2 处；主要在 `resistive_wall.f90` 2处。,"unstructured/resistive_wall.f90:104: f = ntor_rekc*(phi-phi_rekc)*twopi/toroidal_period
unstructured/resistive_wall.f90:168: f = ntor_rekc*(phi-phi_rekc)*twopi/toroidal_period"
mpol_rekc,mpol_rekc,&inputnl,Resistive Wall,integer,0,6,unstructured/resistive_wall.f90(6),源码引用 6 处；主要在 `resistive_wall.f90` 6处。,"unstructured/resistive_wall.f90:107: f = cos(f - mpol_rekc*(theta-theta_rekc))
unstructured/resistive_wall.f90:111: f1 = cos(f - mpol_rekc*(theta-theta_rekc))
unstructured/resistive_wall.f90:113: f2 = cos(f + mpol_rekc*(theta-theta_rekc))
unstructured/resistive_wall.f90:171: f = cos(f - mpol_rekc*(theta-theta_rekc))
unstructured/resistive_wall.f90:175: f1 = cos(f - mpol_rekc*(theta-theta_rekc))
unstructured/resistive_wall.f90:177: f2 = cos(f + mpol_rekc*(theta-theta_rekc))"
isym_rekc,isym_rekc,&inputnl,Resistive Wall,integer,0,2,unstructured/resistive_wall.f90(2),源码引用 2 处；主要在 `resistive_wall.f90` 2处。,"unstructured/resistive_wall.f90:106: if(isym_rekc .eq. 0) then
unstructured/resistive_wall.f90:170: if(isym_rekc .eq. 0) then"
phi_rekc,phi_rekc,&inputnl,Resistive Wall,real,0.,2,unstructured/resistive_wall.f90(2),源码引用 2 处；主要在 `resistive_wall.f90` 2处。,"unstructured/resistive_wall.f90:104: f = ntor_rekc*(phi-phi_rekc)*twopi/toroidal_period
unstructured/resistive_wall.f90:168: f = ntor_rekc*(phi-phi_rekc)*twopi/toroidal_period"
theta_rekc,theta_rekc,&inputnl,Resistive Wall,real,0.,6,unstructured/resistive_wall.f90(6),源码引用 6 处；主要在 `resistive_wall.f90` 6处。,"unstructured/resistive_wall.f90:107: f = cos(f - mpol_rekc*(theta-theta_rekc))
unstructured/resistive_wall.f90:111: f1 = cos(f - mpol_rekc*(theta-theta_rekc))
unstructured/resistive_wall.f90:113: f2 = cos(f + mpol_rekc*(theta-theta_rekc))
unstructured/resistive_wall.f90:171: f = cos(f - mpol_rekc*(theta-theta_rekc))
unstructured/resistive_wall.f90:175: f1 = cos(f - mpol_rekc*(theta-theta_rekc))
unstructured/resistive_wall.f90:177: f2 = cos(f + mpol_rekc*(theta-theta_rekc))"
sigma_rekc,sigma_rekc,&inputnl,Resistive Wall,real,0.,6,unstructured/resistive_wall.f90(6),源码引用 6 处；主要在 `resistive_wall.f90` 6处。,"unstructured/resistive_wall.f90:108: f = exp((f-1.)/sigma_rekc**2)
unstructured/resistive_wall.f90:112: f1 = exp((f1-1.)/sigma_rekc**2)
unstructured/resistive_wall.f90:114: f2 = exp((f2-1.)/sigma_rekc**2)
unstructured/resistive_wall.f90:172: f = exp((f-1.)/sigma_rekc**2)
unstructured/resistive_wall.f90:176: f1 = exp((f1-1.)/sigma_rekc**2)
unstructured/resistive_wall.f90:178: f2 = exp((f2-1.)/sigma_rekc**2)"
rzero_rekc,rzero_rekc,&inputnl,Resistive Wall,real,0.,2,unstructured/resistive_wall.f90(2),源码引用 2 处；主要在 `resistive_wall.f90` 2处。,"unstructured/resistive_wall.f90:101: theta = atan2(z-zzero_rekc, x-rzero_rekc)
unstructured/resistive_wall.f90:165: theta = atan2(z-zzero_rekc, x-rzero_rekc)"
zzero_rekc,zzero_rekc,&inputnl,Resistive Wall,real,0.,2,unstructured/resistive_wall.f90(2),源码引用 2 处；主要在 `resistive_wall.f90` 2处。,"unstructured/resistive_wall.f90:101: theta = atan2(z-zzero_rekc, x-rzero_rekc)
unstructured/resistive_wall.f90:165: theta = atan2(z-zzero_rekc, x-rzero_rekc)"
ntimemax,ntimemax,&inputnl,Time Step,integer,20,4,unstructured/kprad_test.f90(2); unstructured/newpar.f90(2),"源码引用 4 处；主要在 `kprad_test.f90` 2处, `newpar.f90` 2处。","unstructured/kprad_test.f90:18: ntimemax = 100
unstructured/kprad_test.f90:38: do ntime=1, ntimemax
unstructured/newpar.f90:363: if(ntimemax.le.ntime) call safestop(0)
unstructured/newpar.f90:371: do ntime=ntime+1,ntimemax"
integrator,integrator,&inputnl,Time Step,integer,0,6,unstructured/input.f90(1); unstructured/ludef_t.f90(1); unstructured/ludef_t_gpu.f90(1); unstructured/newpar.f90(1); unstructured/output.f90(1); unstructured/time_step.f90(1),"源码引用 6 处；主要在 `input.f90` 1处, `ludef_t.f90` 1处, `ludef_t_gpu.f90` 1处, `newpar.f90` 1处。","unstructured/input.f90:1552: if(integrator.eq.1) then
unstructured/ludef_t.f90:4994: if(integrator.eq.1 .and. ntime.gt.1) then
unstructured/ludef_t_gpu.f90:5650: if(integrator.eq.1 .and. ntime.gt.1) then
unstructured/newpar.f90:556: select case(integrator)
unstructured/output.f90:269: call write_int_attr (root_id, ""integrator"" , integrator, error)
unstructured/time_step.f90:106: .or. (integrator.eq.1 .and. ntime.eq.1) .or. meshAdapted .eq. 1) then"
isplitstep,isplitstep,&inputnl,Time Step,integer,1,57,unstructured/ludef_t.f90(17); unstructured/ludef_t_gpu.f90(15); unstructured/input.f90(11); unstructured/time_step.f90(8); unstructured/error_estimate.f90(2); unstructured/particle_com.f90(2); unstructured/particle.f90(1); unstructured/time_step_split.f90(1),"源码引用 57 处；主要在 `ludef_t.f90` 17处, `ludef_t_gpu.f90` 15处, `input.f90` 11处, `time_step.f90` 8处。","unstructured/error_estimate.f90:647: if (isplitstep .eq. 1 .and. .false.) then ! skip
unstructured/error_estimate.f90:765: if (isplitstep .eq. 0 .or. .true.) then
unstructured/input.f90:1428: if(isplitstep.eq.1) then
unstructured/input.f90:1429: if(myrank.eq.0) print *, 'imp_temp=1 not allowed with isplitstep=1'
unstructured/input.f90:1438: if(isplitstep.eq.0 .and. ipressplit.eq.1) then
unstructured/input.f90:1439: if(myrank.eq.0) print *, ""ipressplit=1 not allowed with isplitstep=0""
unstructured/input.f90:1443: if(isplitstep.eq.0 .and. idiff.eq.1) then
unstructured/input.f90:1444: if(myrank.eq.0) print *, ""idiff=1 not allowed with isplitstep=0""
unstructured/input.f90:1479: if(isplitstep.eq.0) then
unstructured/input.f90:1483: print *, 'WARNING: poloidal velocity smoothing not available with isplitstep=0'"
iteratephi,iteratephi,&inputnl,Time Step,integer,0,4,unstructured/input.f90(2); unstructured/time_step_split.f90(1); unstructured/time_step_unsplit.f90(1),"源码引用 4 处；主要在 `input.f90` 2处, `time_step_split.f90` 1处, `time_step_unsplit.f90` 1处。","unstructured/input.f90:1408: if(iteratephi.eq.1) then
unstructured/input.f90:1409: if(myrank.eq.0) print *, ""iteratephi=1 is not allowed with linear=1.""
unstructured/time_step_split.f90:1384: if(iteratephi.eq.1) then
unstructured/time_step_unsplit.f90:327: if(linear.eq.0 .and. iteratephi.eq.0) call clear_mat(s1_mat)"
imp_mod,imp_mod,&inputnl,Time Step,integer,1,20,unstructured/ludef_t.f90(9); unstructured/ludef_t_gpu.f90(9); unstructured/electrostatic_potential.f90(1); unstructured/input.f90(1),"源码引用 20 处；主要在 `ludef_t.f90` 9处, `ludef_t_gpu.f90` 9处, `electrostatic_potential.f90` 1处, `input.f90` 1处。","unstructured/electrostatic_potential.f90:599: if(imp_mod.eq.0) then
unstructured/input.f90:1480: imp_mod = 0
unstructured/ludef_t.f90:43: select case(imp_mod)
unstructured/ludef_t.f90:705: select case(imp_mod)
unstructured/ludef_t.f90:1274: select case(imp_mod)
unstructured/ludef_t.f90:1908: if(imp_mod.eq.0) then
unstructured/ludef_t.f90:2787: if(imp_mod.eq.0) then
unstructured/ludef_t.f90:3475: if(imp_mod.eq.0) then
unstructured/ludef_t.f90:4096: if(imp_mod.eq.0) then
unstructured/ludef_t.f90:5904: if(imp_mod.eq.0) then"
caramana_fac,caramana_fac,&inputnl,Time Step,real,1.,3,unstructured/ludef_t.f90(3),源码引用 3 处；主要在 `ludef_t.f90` 3处。,"unstructured/ludef_t.f90:47: ththm = -bdf*thimp**2*caramana_fac
unstructured/ludef_t.f90:709: ththm = -bdf*thimp**2*caramana_fac
unstructured/ludef_t.f90:1278: ththm = -bdf*thimp**2*caramana_fac"
idiff,idiff,&inputnl,Time Step,integer,0,48,unstructured/model.f90(14); unstructured/ludef_t.f90(13); unstructured/ludef_t_gpu.f90(13); unstructured/time_step_split.f90(5); unstructured/input.f90(2); unstructured/kprad_m3dc1.f90(1),"源码引用 48 处；主要在 `model.f90` 14处, `ludef_t.f90` 13处, `ludef_t_gpu.f90` 13处, `time_step_split.f90` 5处。","unstructured/input.f90:1443: if(isplitstep.eq.0 .and. idiff.eq.1) then
unstructured/input.f90:1444: if(myrank.eq.0) print *, ""idiff=1 not allowed with isplitstep=0""
unstructured/kprad_m3dc1.f90:258: if(idiff .gt. 0) then
unstructured/ludef_t.f90:5560: if(idiff .gt. 0) dd(:,:,psi_g) = dd(:,:,psi_g) - ss(:,:,psi_g)
unstructured/ludef_t.f90:5566: if(idiff .gt. 0) dd(:,:,e_g) = dd(:,:,e_g) - ss(:,:,e_g)
unstructured/ludef_t.f90:5571: if(idiff .gt. 0) dd(:,:,bz_g) = dd(:,:,bz_g) - ss(:,:,bz_g)
unstructured/ludef_t.f90:5581: if(idiff .gt. 0) dd(:,:,p_g) = dd(:,:,p_g) - ss(:,:,p_g)
unstructured/ludef_t.f90:5585: if(idiff .gt. 0) dd(:,:,pe_g) = dd(:,:,pe_g) - ss(:,:,pe_g)
unstructured/ludef_t.f90:5601: if(imp_bf.eq.1 .and. idiff .gt. 0) q_bf(:,:) = q_bf(:,:) - r_bf(:,:)
unstructured/ludef_t.f90:5781: if(idiff .gt. 0) dd(:,:, p_g) = dd(:,:, p_g) - ss(:,:, p_g)"
idifv,idifv,&inputnl,Time Step,integer,0,7,unstructured/ludef_t.f90(3); unstructured/ludef_t_gpu.f90(3); unstructured/time_step_split.f90(1),"源码引用 7 处；主要在 `ludef_t.f90` 3处, `ludef_t_gpu.f90` 3处, `time_step_split.f90` 1处。","unstructured/ludef_t.f90:5272: if(idifv .gt. 0) dd(:,:, u_g) = dd(:,:, u_g) - ss(:,:, u_g)
unstructured/ludef_t.f90:5301: if(idifv .gt. 0) dd(:,:, vz_g) = dd(:,:, vz_g) - ss(:,:, vz_g)
unstructured/ludef_t.f90:5307: if(idifv .gt. 0) dd(:,:, chi_g) = dd(:,:, chi_g) - ss(:,:, chi_g)
unstructured/ludef_t_gpu.f90:5992: if(idifv .gt. 0) dd(:,:, u_g) = dd(:,:, u_g) - ss(:,:, u_g)
unstructured/ludef_t_gpu.f90:6021: if(idifv .gt. 0) dd(:,:, vz_g) = dd(:,:, vz_g) - ss(:,:, vz_g)
unstructured/ludef_t_gpu.f90:6027: if(idifv .gt. 0) dd(:,:, chi_g) = dd(:,:, chi_g) - ss(:,:, chi_g)
unstructured/time_step_split.f90:899: if(idifv .gt.0) then"
irecalc_eta,irecalc_eta,&inputnl,Time Step,integer,0,2,unstructured/time_step_split.f90(2),源码引用 2 处；主要在 `time_step_split.f90` 2处。,"unstructured/time_step_split.f90:991: if(irecalc_eta.eq.1) then
unstructured/time_step_split.f90:1072: if(irecalc_eta.eq.1) then"
iconst_eta,iconst_eta,&inputnl,Time Step,integer,0,0,,未发现除注册/声明外的源码引用；可能是废弃参数、条件编译路径参数，或仅由外部工具/库间接使用。,
itime_independent,itime_independent,&inputnl,Time Step,integer,0,45,unstructured/ludef_t.f90(22); unstructured/ludef_t_gpu.f90(19); unstructured/input.f90(2); unstructured/output.f90(1); unstructured/time_step_unsplit.f90(1),"源码引用 45 处；主要在 `ludef_t.f90` 22处, `ludef_t_gpu.f90` 19处, `input.f90` 2处, `output.f90` 1处。","unstructured/input.f90:1556: if(itime_independent.eq.1) then
unstructured/input.f90:1561: print *, 'itime_independent=1 only available when linear=1'
unstructured/ludef_t.f90:54: if(itime_independent.eq.1) then
unstructured/ludef_t.f90:107: if(itime_independent.eq.0) ddterm(:,u_g) = ddterm(:,u_g) + tempx*bdf
unstructured/ludef_t.f90:112: if(itime_independent.eq.0) ddterm(:,chi_g) = ddterm(:,chi_g) + tempx*bdf
unstructured/ludef_t.f90:722: if(itime_independent.eq.1) then
unstructured/ludef_t.f90:769: if(itime_independent.eq.0) ddterm(:,vz_g) = ddterm(:,vz_g) + tempx*bdf
unstructured/ludef_t.f90:1291: if(itime_independent.eq.1) then
unstructured/ludef_t.f90:1353: if(itime_independent.eq.0) ddterm(:,u_g) = ddterm(:,u_g) + tempx*bdf
unstructured/ludef_t.f90:1357: if(itime_independent.eq.0) ddterm(:,chi_g) = ddterm(:,chi_g) + tempx*bdf"
thimp,thimp,&inputnl,Time Step,real,0.5,445,unstructured/ludef_t.f90(310); unstructured/ludef_t_gpu.f90(113); unstructured/kprad_m3dc1.f90(16); unstructured/input.f90(3); unstructured/electrostatic_potential.f90(1); unstructured/hypervisc.f90(1); unstructured/output.f90(1),"源码引用 445 处；主要在 `ludef_t.f90` 310处, `ludef_t_gpu.f90` 113处, `kprad_m3dc1.f90` 16处, `input.f90` 3处。","unstructured/electrostatic_potential.f90:597: thimp_e = thimp
unstructured/hypervisc.f90:54: thimp_sm = thimp
unstructured/input.f90:486: ""Implicitness of timestep (.5<thimp<1)"", time_grp)
unstructured/input.f90:1553: thimp = 1.
unstructured/input.f90:1557: thimp = 1.
unstructured/kprad_m3dc1.f90:327: ssterm(:,j) = ssterm(:,j) - thimp *dti*tempx
unstructured/kprad_m3dc1.f90:328: ddterm(:,j) = ddterm(:,j) + (1.-thimp)*dti*tempx
unstructured/kprad_m3dc1.f90:331: ssterm(:,j) = ssterm(:,j) - thimp *dti*tempx
unstructured/kprad_m3dc1.f90:332: ddterm(:,j) = ddterm(:,j) + (1.-thimp)*dti*tempx
unstructured/kprad_m3dc1.f90:340: ssterm(:,j) = ssterm(:,j) - thimp *dti*tempx"
thimpsm,thimpsm,&inputnl,Time Step,real,1.,2,unstructured/newvar.f90(2),源码引用 2 处；主要在 `newvar.f90` 2处。,"unstructured/newvar.f90:251: temp(:,:,1,2) = -thimpsm*intxx2(mu79(:,:,OP_1),nu79(:,:,OP_GS))
unstructured/newvar.f90:255: temp(:,:,1,2) = (1.-thimpsm)*&"
harned_mikic,harned_mikic,&inputnl,Time Step,real,0.,10,unstructured/harned_mikic.f90(8); unstructured/ludef_t.f90(2),"源码引用 10 处；主要在 `harned_mikic.f90` 8处, `ludef_t.f90` 2处。","unstructured/harned_mikic.f90:18: db.eq.0. .or. harned_mikic.eq.0.) then
unstructured/harned_mikic.f90:23: psiterm = -db**2*harned_mikic*b1hm(trial,lin,ni79,bzt79,bzt79)
unstructured/harned_mikic.f90:90: bterm = bterm*db**2*harned_mikic
unstructured/harned_mikic.f90:91: psiterm = psiterm*db**2*harned_mikic
unstructured/harned_mikic.f90:108: db.eq.0. .or. harned_mikic.eq.0.) then
unstructured/harned_mikic.f90:113: bterm = -db**2*harned_mikic*b2hm(trial,lin,ni79,bzt79,bzt79)
unstructured/harned_mikic.f90:245: bterm = bterm*db**2*harned_mikic
unstructured/harned_mikic.f90:246: psiterm = psiterm*db**2*harned_mikic
unstructured/ludef_t.f90:2661: if(itwofluid.eq.1 .and. harned_mikic.ne.0) then
unstructured/ludef_t.f90:3362: if(itwofluid.eq.1 .and. harned_mikic.ne.0) then"
isources,isources,&inputnl,Time Step,integer,0,2,unstructured/input.f90(2),源码引用 2 处；主要在 `input.f90` 2处。,"unstructured/input.f90:1521: if(isources.eq.1) then
unstructured/input.f90:1522: if(myrank.eq.0) print *, 'ERROR: isources=1 requires icalcscalars=1'"
nskip,nskip,&inputnl,Time Step,integer,1,1,unstructured/time_step.f90(1),源码引用 1 处；主要在 `time_step.f90` 1处。,"unstructured/time_step.f90:105: .or. (linear.eq.0 .and. mod(ntime,nskip).eq.0) &"
pskip,pskip,&inputnl,Time Step,integer,0,4,unstructured/time_step_split.f90(4),源码引用 4 处；主要在 `time_step_split.f90` 4处。,"unstructured/time_step_split.f90:476: if(mod(ntime,pskip)==0) then
unstructured/time_step_split.f90:484: if(pskip==0) then
unstructured/time_step_split.f90:488: else if(pskip==1) then
unstructured/time_step_split.f90:499: if(mod(ntime,pskip)==0) then"
iskippc,iskippc,&inputnl,Time Step,integer,1,2,unstructured/get_pc_skip_count.f90(2),源码引用 2 处；主要在 `get_pc_skip_count.f90` 2处。,"unstructured/get_pc_skip_count.f90:2: use basic, ONLY: iskippc, myrank
unstructured/get_pc_skip_count.f90:7: MAX_SAME_PC_COUNT = iskippc"
dt,dt,&inputnl,Time Step,real,0.1,1498,unstructured/ludef_t.f90(1014); unstructured/ludef_t_gpu.f90(334); unstructured/bootstrap.f90(36); unstructured/electrostatic_potential.f90(20); unstructured/time_step.f90(14); unstructured/error_estimate.f90(9); unstructured/particle.f90(8); unstructured/particle_com.f90(8),"源码引用 1498 处；主要在 `ludef_t.f90` 1014处, `ludef_t_gpu.f90` 334处, `bootstrap.f90` 36处, `electrostatic_potential.f90` 20处。","unstructured/bootstrap.f90:63: ssterm(:,pp_g) = ssterm(:,pp_g) - thimpi *dt*temp
unstructured/bootstrap.f90:64: ddterm(:,pp_g) = ddterm(:,pp_g) + (1. - thimpi*bdf)*dt*temp
unstructured/bootstrap.f90:612: ssterm(:,psi_g) = ssterm(:,psi_g) - thimpf *dt*temp
unstructured/bootstrap.f90:613: ddterm(:,psi_g) = ddterm(:,psi_g) + (1./2. - thimpf*bdf)*dt*temp
unstructured/bootstrap.f90:619: ssterm(:,psi_g) = ssterm(:,psi_g) - thimpf *dt*temp
unstructured/bootstrap.f90:620: ddterm(:,psi_g) = ddterm(:,psi_g) + (1. - thimpf*bdf)*dt*temp
unstructured/bootstrap.f90:628: ssterm(:,psi_g) = ssterm(:,psi_g) - thimpf *dt*temp
unstructured/bootstrap.f90:629: ddterm(:,psi_g) = ddterm(:,psi_g) + (3./12. - thimpf*bdf)*dt*temp
unstructured/bootstrap.f90:638: ssterm(:,bz_g) = ssterm(:,bz_g) - thimpf *dt*temp
unstructured/bootstrap.f90:639: ddterm(:,bz_g) = ddterm(:,bz_g) + (3./12. - thimpf*bdf)*dt*temp"
ddt,ddt,&inputnl,Time Step,real,0.,0,,未发现除注册/声明外的源码引用；可能是废弃参数、条件编译路径参数，或仅由外部工具/库间接使用。,
frequency,frequency,&inputnl,Time Step,real,0.,25,unstructured/ludef_t.f90(9); unstructured/ludef_t_gpu.f90(9); unstructured/input.f90(4); unstructured/init_circle.f90(1); unstructured/init_wave.f90(1); unstructured/output.f90(1),"源码引用 25 处；主要在 `ludef_t.f90` 9处, `ludef_t_gpu.f90` 9处, `input.f90` 4处, `init_circle.f90` 1处。","unstructured/init_circle.f90:33: print *, 'Analytic resonant frequency: ', j0*ntor*(q0 - mpol/ntor)/(2.*sqrt(den0))
unstructured/init_wave.f90:131: print *, ""Wave angular frequency: "", omega
unstructured/input.f90:498: ""Frequency in time-independent calculations"", time_grp)
unstructured/input.f90:900: ""Loop voltage frequency"", source_grp)
unstructured/input.f90:1565: if(frequency.ne.0) then
unstructured/input.f90:1567: print *, 'Warning: ""frequency"" ignored in time-dependent calculations'
unstructured/ludef_t.f90:56: freq_fac = (0,1)*frequency*dt
unstructured/ludef_t.f90:724: freq_fac = (0,1)*frequency*dt
unstructured/ludef_t.f90:1293: freq_fac = (0,1)*frequency*dt
unstructured/ludef_t.f90:1928: freq_fac = (0,1)*frequency*dt"
gamma_gr_stop,gamma_gr_stop,&inputnl,Time Step,integer,0,1,unstructured/output.f90(1),源码引用 1 处；主要在 `output.f90` 1处。,unstructured/output.f90:123: if(linear.eq.1 .and. gamma_gr_stop.eq.1) then
nt_gamma_gr,nt_gamma_gr,&inputnl,Time Step,integer,10,3,unstructured/output.f90(3),源码引用 3 处；主要在 `output.f90` 3处。,"unstructured/output.f90:20: allocate(gamma_buffer(nt_gamma_gr))
unstructured/output.f90:124: gamma_idx = mod(gamma_idx, nt_gamma_gr) + 1
unstructured/output.f90:129: if ( (ntime-ntime0).ge.nt_gamma_gr ) then"
gamma_gr_stop_std,gamma_gr_stop_std,&inputnl,Time Step,real,0.01,1,unstructured/output.f90(1),源码引用 1 处；主要在 `output.f90` 1处。,unstructured/output.f90:130: if (abs(gamma_std/gamma_mean) .lt. gamma_gr_stop_std) then
dtmin,dtmin,&inputnl,Time Step,real,4.0,1,unstructured/time_step.f90(1),源码引用 1 处；主要在 `time_step.f90` 1处。,"unstructured/time_step.f90:365: dt = max(dt,dtmin)"
dtmax,dtmax,&inputnl,Time Step,real,40.,1,unstructured/time_step.f90(1),源码引用 1 处；主要在 `time_step.f90` 1处。,"unstructured/time_step.f90:366: dt = min(dt,dtmax)"
dtkecrit,dtkecrit,&inputnl,Time Step,real,0.0,5,unstructured/time_step.f90(4); unstructured/newpar.f90(1),"源码引用 5 处；主要在 `time_step.f90` 4处, `newpar.f90` 1处。","unstructured/newpar.f90:259: if(dtkecrit.eq.0) dt = dtsave
unstructured/time_step.f90:179: if((maxiter .lt. ksp_max) .or. dtkecrit .le. 0) exit
unstructured/time_step.f90:343: if(dtkecrit.gt.0) then
unstructured/time_step.f90:350: if(ekin.gt.dtkecrit) then
unstructured/time_step.f90:368: if(iprint.ge.1) write(*,'(""dtold,dt,dtkecrit,ekin"",1p4e12.4)') dtold,dt,dtkecrit,ekin"
dtfrac,dtfrac,&inputnl,Time Step,real,0.1,3,unstructured/time_step.f90(3),源码引用 3 处；主要在 `time_step.f90` 3处。,"unstructured/time_step.f90:351: dt = dtold/(1. + dtfrac)
unstructured/time_step.f90:360: if(maxiter .gt. ksp_warn) dt = dtold/(1. + dtfrac)
unstructured/time_step.f90:361: if(maxiter .lt. ksp_min) dt = dtold*(1. + dtfrac)"
max_repeat,max_repeat,&inputnl,Time Step,integer,1,1,unstructured/time_step.f90(1),源码引用 1 处；主要在 `time_step.f90` 1处。,"unstructured/time_step.f90:124: do irepeat = 1, max_repeat"
ksp_max,ksp_max,&inputnl,Time Step,integer,10000,2,unstructured/time_step.f90(2),源码引用 2 处；主要在 `time_step.f90` 2处。,"unstructured/time_step.f90:178: if(myrank.eq.0) write(*,'(A,2i5)') 'ksp_max, maxiter =', ksp_max, maxiter
unstructured/time_step.f90:179: if((maxiter .lt. ksp_max) .or. dtkecrit .le. 0) exit"
ksp_min,ksp_min,&inputnl,Time Step,integer,500,2,unstructured/time_step.f90(2),源码引用 2 处；主要在 `time_step.f90` 2处。,"unstructured/time_step.f90:361: if(maxiter .lt. ksp_min) dt = dtold*(1. + dtfrac)
unstructured/time_step.f90:362: if(iprint.ge.1) write(*,'(""maxiter, ksp_warn, ksp_min"",3i5)') maxiter, ksp_warn, ksp_min"
ksp_warn,ksp_warn,&inputnl,Time Step,integer,1000,2,unstructured/time_step.f90(2),源码引用 2 处；主要在 `time_step.f90` 2处。,"unstructured/time_step.f90:360: if(maxiter .gt. ksp_warn) dt = dtold/(1. + dtfrac)
unstructured/time_step.f90:362: if(iprint.ge.1) write(*,'(""maxiter, ksp_warn, ksp_min"",3i5)') maxiter, ksp_warn, ksp_min"
jadv,jadv,&inputnl,Numerical Options,integer,1,174,unstructured/metricterms_new_gpu.f90(56); unstructured/metricterms_new.f90(42); unstructured/ludef_t.f90(11); unstructured/electric_field.f90(8); unstructured/auxiliary_fields.f90(7); unstructured/ludef_t_gpu.f90(7); unstructured/bootstrap.f90(6); unstructured/time_step_split.f90(6),"源码引用 174 处；主要在 `metricterms_new_gpu.f90` 56处, `metricterms_new.f90` 42处, `ludef_t.f90` 11处, `electric_field.f90` 8处。","unstructured/auxiliary_fields.f90:56: if(jadv.eq.0) then
unstructured/auxiliary_fields.f90:105: if(jadv.eq.0) then
unstructured/auxiliary_fields.f90:163: if(jadv.eq.0) then
unstructured/auxiliary_fields.f90:704: if(jadv.eq.0) then
unstructured/auxiliary_fields.f90:744: if(jadv.eq.0) def_fields = def_fields + FIELD_ES
unstructured/auxiliary_fields.f90:995: if(jadv.eq.0) then
unstructured/auxiliary_fields.f90:1167: if(jadv.eq.0) then
unstructured/bootstrap.f90:194: if(jadv.eq.0) then
unstructured/bootstrap.f90:281: if(jadv.eq.0) then
unstructured/bootstrap.f90:393: if(jadv.eq.0) then"
int_pts_main,int_pts_main,&inputnl,Numerical Options,integer,25,91,unstructured/gradshafranov.f90(13); unstructured/init_common.f90(12); unstructured/particle.f90(11); unstructured/particle_com.f90(8); unstructured/runaway_advection.f90(6); unstructured/output.f90(5); unstructured/kprad_m3dc1.f90(4); unstructured/rmp.f90(4),"源码引用 91 处；主要在 `gradshafranov.f90` 13处, `init_common.f90` 12处, `particle.f90` 11处, `particle_com.f90` 8处。","unstructured/adapt.f90:112: call define_element_quadrature(itri,int_pts_main,int_pts_tor)
unstructured/biharmonic.f90:98: call define_element_quadrature(itri,int_pts_main,5)
unstructured/biharmonic.f90:200: call define_element_quadrature(itri,int_pts_main,5)
unstructured/coils.f90:195: call define_element_quadrature(itri,int_pts_main,int_pts_tor)
unstructured/geometry.f90:46: call define_element_quadrature(itri,int_pts_main,int_pts_tor)
unstructured/geometry.f90:87: call define_element_quadrature(itri,int_pts_main,int_pts_tor)
unstructured/gradshafranov.f90:1185: call define_element_quadrature(itri,int_pts_main,int_tor)
unstructured/gradshafranov.f90:1431: call define_element_quadrature(itri, int_pts_main, int_tor)
unstructured/gradshafranov.f90:1497: call define_element_quadrature(itri, int_pts_main, int_tor)
unstructured/gradshafranov.f90:1526: call define_element_quadrature(itri, int_pts_main, int_tor)"
int_pts_aux,int_pts_aux,&inputnl,Numerical Options,integer,25,10,unstructured/auxiliary_fields.f90(5); unstructured/input.f90(3); unstructured/diagnostics.f90(1); unstructured/transport.f90(1),"源码引用 10 处；主要在 `auxiliary_fields.f90` 5处, `input.f90` 3处, `diagnostics.f90` 1处, `transport.f90` 1处。","unstructured/auxiliary_fields.f90:237: call define_element_quadrature(itri, int_pts_aux, 5)
unstructured/auxiliary_fields.f90:359: call define_element_quadrature(itri, int_pts_aux, 5)
unstructured/auxiliary_fields.f90:503: call define_element_quadrature(itri, int_pts_aux, 5)
unstructured/auxiliary_fields.f90:754: call define_element_quadrature(itri, int_pts_aux, 5)
unstructured/auxiliary_fields.f90:1248: call define_element_quadrature(itri, int_pts_aux, 5)
unstructured/diagnostics.f90:1996: call define_element_quadrature(itri, int_pts_aux, 5)
unstructured/input.f90:1533: if(int_pts_aux*int_pts_tor .gt. MAX_PTS) then
unstructured/input.f90:1534: if(myrank.eq.0) print*, 'ERROR: int_pts_aux > MAX_PTS = ', MAX_PTS
unstructured/input.f90:1542: (.not.quadrature_implemented(int_pts_aux)) .or. &
unstructured/transport.f90:1718: call define_element_quadrature(itri, int_pts_aux, 5)"
int_pts_diag,int_pts_diag,&inputnl,Numerical Options,integer,25,14,unstructured/diagnostics.f90(6); unstructured/input.f90(3); unstructured/gradshafranov.f90(2); unstructured/init_basicq.f90(1); unstructured/init_conds.f90(1); unstructured/init_kstar.f90(1),"源码引用 14 处；主要在 `diagnostics.f90` 6处, `input.f90` 3处, `gradshafranov.f90` 2处, `init_basicq.f90` 1处。","unstructured/diagnostics.f90:826: call define_element_quadrature(itri, int_pts_diag, int_pts_tor)
unstructured/diagnostics.f90:1230: call define_element_quadrature(itri, int_pts_diag, int_pts_tor)
unstructured/diagnostics.f90:2428: call define_element_quadrature(itri, int_pts_diag, int_pts_tor)
unstructured/diagnostics.f90:2632: call define_element_quadrature(itri, int_pts_diag, int_pts_tor)
unstructured/diagnostics.f90:2792: call define_element_quadrature(itri,int_pts_diag,int_pts_tor)
unstructured/diagnostics.f90:3000: call define_element_quadrature(itri, int_pts_diag, int_pts_tor)
unstructured/gradshafranov.f90:2115: call define_element_quadrature(itri,int_pts_diag, int_pts_tor)
unstructured/gradshafranov.f90:2907: call define_element_quadrature(itri, int_pts_diag, int_tor)
unstructured/init_basicq.f90:117: call define_element_quadrature(itri,int_pts_diag, int_pts_tor)
unstructured/init_conds.f90:797: call define_element_quadrature(itri,int_pts_diag, int_pts_tor)"
int_pts_tor,int_pts_tor,&inputnl,Numerical Options,integer,5,76,unstructured/init_common.f90(12); unstructured/particle.f90(11); unstructured/particle_com.f90(8); unstructured/diagnostics.f90(6); unstructured/runaway_advection.f90(6); unstructured/output.f90(5); unstructured/input.f90(4); unstructured/init_basicj.f90(3),"源码引用 76 处；主要在 `init_common.f90` 12处, `particle.f90` 11处, `particle_com.f90` 8处, `diagnostics.f90` 6处。","unstructured/adapt.f90:112: call define_element_quadrature(itri,int_pts_main,int_pts_tor)
unstructured/coils.f90:195: call define_element_quadrature(itri,int_pts_main,int_pts_tor)
unstructured/diagnostics.f90:826: call define_element_quadrature(itri, int_pts_diag, int_pts_tor)
unstructured/diagnostics.f90:1230: call define_element_quadrature(itri, int_pts_diag, int_pts_tor)
unstructured/diagnostics.f90:2428: call define_element_quadrature(itri, int_pts_diag, int_pts_tor)
unstructured/diagnostics.f90:2632: call define_element_quadrature(itri, int_pts_diag, int_pts_tor)
unstructured/diagnostics.f90:2792: call define_element_quadrature(itri,int_pts_diag,int_pts_tor)
unstructured/diagnostics.f90:3000: call define_element_quadrature(itri, int_pts_diag, int_pts_tor)
unstructured/geometry.f90:46: call define_element_quadrature(itri,int_pts_main,int_pts_tor)
unstructured/geometry.f90:87: call define_element_quadrature(itri,int_pts_main,int_pts_tor)"
max_ke,max_ke,&inputnl,Numerical Options,real,1.,1,unstructured/time_step.f90(1),源码引用 1 处；主要在 `time_step.f90` 1处。,unstructured/time_step.f90:301: if(ekin.lt.max_ke .or. max_ke.eq.0) return
equilibrate,equilibrate,&inputnl,Numerical Options,integer,0,6,unstructured/newpar.f90(3); unstructured/gradshafranov.f90(1); unstructured/kprad_m3dc1.f90(1); unstructured/m3dc1_nint.f90(1),"源码引用 6 处；主要在 `newpar.f90` 3处, `gradshafranov.f90` 1处, `kprad_m3dc1.f90` 1处, `m3dc1_nint.f90` 1处。","unstructured/gradshafranov.f90:2068: if(equilibrate.ne.0) temp(i) = temp(i)*equil_fac(i, itri)
unstructured/kprad_m3dc1.f90:942: if(equilibrate.ne.0) temp(:) = temp(:)*equil_fac(:, itri(j))
unstructured/m3dc1_nint.f90:389: if(equilibrate.ne.0) then
unstructured/newpar.f90:1212: select case(equilibrate)
unstructured/newpar.f90:1494: if(equilibrate.ne.0) deallocate(equil_fac)
unstructured/newpar.f90:1502: if(equilibrate.ne.0) allocate(equil_fac(dofs_per_element,numelms))"
regular,regular,&inputnl,Numerical Options,real,0.,21,unstructured/transport.f90(7); unstructured/ludef_t.f90(4); unstructured/init_vmec.f90(3); unstructured/init_common.f90(2); unstructured/newvar.f90(2); unstructured/rmp.f90(2); unstructured/ludef_t_gpu.f90(1),"源码引用 21 处；主要在 `transport.f90` 7处, `ludef_t.f90` 4处, `init_vmec.f90` 3处, `init_common.f90` 2处。","unstructured/init_common.f90:336: temp79b = sqrt((xl_79-xcenter)**2 + (zl_79-zcenter)**2 + regular**2)
unstructured/init_common.f90:346: temp79b = (xl_79-xcenter)**2 + (zl_79-zcenter)**2 + regular**2
unstructured/init_vmec.f90:129: + regular*intxx3(mu79(:,:,OP_1),nu79(:,:,OP_1),ri2_79)
unstructured/init_vmec.f90:140: -regular*intxx3(mu79(:,:,OP_1),nu79(:,:,OP_1),ri4_79)
unstructured/init_vmec.f90:313: r = sqrt((x - xcenter)**2 + (z - zcenter)**2 + regular**2)
unstructured/ludef_t.f90:97: tempx = -regular*intx2(trialx(:,:,OP_1),lin(:,OP_1))
unstructured/ludef_t.f90:1329: tempx = -regular*intx2(trialx(:,:,OP_1),lin(:,OP_1))
unstructured/ludef_t.f90:1955: tempx = -regular*intx2(trialx(:,:,OP_1),lin(:,OP_1))
unstructured/ludef_t.f90:4796: r_bf = r_bf - regular*intx3(trial(:,:,OP_1),r2_79,lin(:,OP_1))
unstructured/ludef_t_gpu.f90:5453: r_bf = r_bf - regular*intx3(trial(:,:,OP_1),r2_79,lin(:,OP_1))"
iset_pe_floor,iset_pe_floor,&inputnl,Numerical Options,integer,0,4,unstructured/m3dc1_nint.f90(3); unstructured/input.f90(1),"源码引用 4 处；主要在 `m3dc1_nint.f90` 3处, `input.f90` 1处。","unstructured/input.f90:535: ""Minimum allowed value for pe when iset_pe_floor=1"", num_grp)
unstructured/m3dc1_nint.f90:929: p_floor = iset_pe_floor*pe_floor + iset_pi_floor*pi_floor
unstructured/m3dc1_nint.f90:931: if(iset_pe_floor.eq.1) then
unstructured/m3dc1_nint.f90:953: if(iset_pe_floor.eq.1 .or. iset_pi_floor.eq.1) then"
pe_floor,pe_floor,&inputnl,Numerical Options,real,0.,6,unstructured/m3dc1_nint.f90(5); unstructured/input.f90(1),"源码引用 6 处；主要在 `m3dc1_nint.f90` 5处, `input.f90` 1处。","unstructured/input.f90:533: ""1: Do not let pe drop below pe_floor"", num_grp)
unstructured/m3dc1_nint.f90:929: p_floor = iset_pe_floor*pe_floor + iset_pi_floor*pi_floor
unstructured/m3dc1_nint.f90:933: where(real(pet79(:,OP_1)).lt.pe_floor)
unstructured/m3dc1_nint.f90:934: pe179(:,OP_1) = pe_floor - pe079(:,OP_1)
unstructured/m3dc1_nint.f90:937: where(real(pet79(:,OP_1)).lt.pe_floor)
unstructured/m3dc1_nint.f90:938: pet79(:,OP_1) = pe_floor"
iset_pi_floor,iset_pi_floor,&inputnl,Numerical Options,integer,0,4,unstructured/m3dc1_nint.f90(3); unstructured/input.f90(1),"源码引用 4 处；主要在 `m3dc1_nint.f90` 3处, `input.f90` 1处。","unstructured/input.f90:539: ""Minimum allowed value for pi when iset_pi_floor=1"", num_grp)
unstructured/m3dc1_nint.f90:929: p_floor = iset_pe_floor*pe_floor + iset_pi_floor*pi_floor
unstructured/m3dc1_nint.f90:942: if(iset_pi_floor.eq.1) then
unstructured/m3dc1_nint.f90:953: if(iset_pe_floor.eq.1 .or. iset_pi_floor.eq.1) then"
pi_floor,pi_floor,&inputnl,Numerical Options,real,0.,6,unstructured/m3dc1_nint.f90(5); unstructured/input.f90(1),"源码引用 6 处；主要在 `m3dc1_nint.f90` 5处, `input.f90` 1处。","unstructured/input.f90:537: ""1: Do not let pi drop below pi_floor"", num_grp)
unstructured/m3dc1_nint.f90:929: p_floor = iset_pe_floor*pe_floor + iset_pi_floor*pi_floor
unstructured/m3dc1_nint.f90:944: where(real(pit79(:,OP_1)).lt.pi_floor)
unstructured/m3dc1_nint.f90:945: pi179(:,OP_1) = pi_floor - pi079(:,OP_1)
unstructured/m3dc1_nint.f90:948: where(real(pit79(:,OP_1)).lt.pi_floor)
unstructured/m3dc1_nint.f90:949: pit79(:,OP_1) = pi_floor"
iset_ne_floor,iset_ne_floor,&inputnl,Numerical Options,integer,0,2,unstructured/input.f90(1); unstructured/m3dc1_nint.f90(1),"源码引用 2 处；主要在 `input.f90` 1处, `m3dc1_nint.f90` 1处。","unstructured/input.f90:543: ""Minimum allowed value for ne when iset_ne_floor=1"", num_grp)
unstructured/m3dc1_nint.f90:1009: if(iset_ne_floor.eq.1) then"
ne_floor,ne_floor,&inputnl,Numerical Options,real,0.,5,unstructured/m3dc1_nint.f90(4); unstructured/input.f90(1),"源码引用 5 处；主要在 `m3dc1_nint.f90` 4处, `input.f90` 1处。","unstructured/input.f90:541: ""1: Do not let ne drop below ne_floor"", num_grp)
unstructured/m3dc1_nint.f90:1011: where(real(net79(:,OP_1)).lt.ne_floor)
unstructured/m3dc1_nint.f90:1012: ne179(:,OP_1) = ne_floor - ne079(:,OP_1)
unstructured/m3dc1_nint.f90:1015: where(real(net79(:,OP_1)).lt.ne_floor)
unstructured/m3dc1_nint.f90:1016: net79(:,OP_1) = ne_floor"
iset_ni_floor,iset_ni_floor,&inputnl,Numerical Options,integer,0,2,unstructured/input.f90(1); unstructured/m3dc1_nint.f90(1),"源码引用 2 处；主要在 `input.f90` 1处, `m3dc1_nint.f90` 1处。","unstructured/input.f90:547: ""Minimum allowed value for ni when iset_ni_floor=1"", num_grp)
unstructured/m3dc1_nint.f90:1020: if(iset_ni_floor.eq.1) then"
ni_floor,ni_floor,&inputnl,Numerical Options,real,0.,5,unstructured/m3dc1_nint.f90(4); unstructured/input.f90(1),"源码引用 5 处；主要在 `m3dc1_nint.f90` 4处, `input.f90` 1处。","unstructured/input.f90:545: ""1: Do not let ni drop below ni_floor"", num_grp)
unstructured/m3dc1_nint.f90:1022: where(real(nt79(:,OP_1)).lt.ni_floor)
unstructured/m3dc1_nint.f90:1023: n179(:,OP_1) = ni_floor - n079(:,OP_1)
unstructured/m3dc1_nint.f90:1026: where(real(nt79(:,OP_1)).lt.ni_floor)
unstructured/m3dc1_nint.f90:1027: nt79(:,OP_1) = ni_floor"
iset_te_floor,iset_te_floor,&inputnl,Numerical Options,integer,0,2,unstructured/input.f90(1); unstructured/m3dc1_nint.f90(1),"源码引用 2 处；主要在 `input.f90` 1处, `m3dc1_nint.f90` 1处。","unstructured/input.f90:551: ""Minimum allowed value for Te when iset_te_floor=1"", num_grp)
unstructured/m3dc1_nint.f90:1106: if(iset_te_floor.eq.1) then"
te_floor,te_floor,&inputnl,Numerical Options,real,0.,5,unstructured/m3dc1_nint.f90(4); unstructured/input.f90(1),"源码引用 5 处；主要在 `m3dc1_nint.f90` 4处, `input.f90` 1处。","unstructured/input.f90:549: ""1: Do not let Te drop below te_floor"", num_grp)
unstructured/m3dc1_nint.f90:1108: where(real(tet79(:,OP_1)).lt.te_floor)
unstructured/m3dc1_nint.f90:1109: te179(:,OP_1) = te_floor - te079(:,OP_1)
unstructured/m3dc1_nint.f90:1112: where(real(tet79(:,OP_1)).lt.te_floor)
unstructured/m3dc1_nint.f90:1113: tet79(:,OP_1) = te_floor"
iset_ti_floor,iset_ti_floor,&inputnl,Numerical Options,integer,0,2,unstructured/input.f90(1); unstructured/m3dc1_nint.f90(1),"源码引用 2 处；主要在 `input.f90` 1处, `m3dc1_nint.f90` 1处。","unstructured/input.f90:555: ""Minimum allowed value for Ti when iset_ti_floor=1"", num_grp)
unstructured/m3dc1_nint.f90:1138: if(iset_ti_floor.eq.1) then"
ti_floor,ti_floor,&inputnl,Numerical Options,real,0.,5,unstructured/m3dc1_nint.f90(4); unstructured/input.f90(1),"源码引用 5 处；主要在 `m3dc1_nint.f90` 4处, `input.f90` 1处。","unstructured/input.f90:553: ""1: Do not let Ti drop below ti_floor"", num_grp)
unstructured/m3dc1_nint.f90:1140: where(real(tit79(:,OP_1)).lt.ti_floor)
unstructured/m3dc1_nint.f90:1141: ti179(:,OP_1) = ti_floor - ti079(:,OP_1)
unstructured/m3dc1_nint.f90:1144: where(real(tit79(:,OP_1)).lt.ti_floor)
unstructured/m3dc1_nint.f90:1145: tit79(:,OP_1) = ti_floor"
iprecompute_metric,iprecompute_metric,&inputnl,Numerical Options,integer,0,13,unstructured/newpar.f90(4); unstructured/element.f90(1); unstructured/error_estimate.f90(1); unstructured/gradshafranov.f90(1); unstructured/input.f90(1); unstructured/kprad_m3dc1.f90(1); unstructured/m3dc1_nint.f90(1); unstructured/particle.f90(1),"源码引用 13 处；主要在 `newpar.f90` 4处, `element.f90` 1处, `error_estimate.f90` 1处, `gradshafranov.f90` 1处。","unstructured/element.f90:609: if(iprecompute_metric.eq.1) then
unstructured/error_estimate.f90:572: if(iprecompute_metric.eq.1) then
unstructured/gradshafranov.f90:2059: if(iprecompute_metric.eq.1) then
unstructured/input.f90:1401: iprecompute_metric = 1
unstructured/kprad_m3dc1.f90:929: if(iprecompute_metric.eq.1) then
unstructured/m3dc1_nint.f90:353: if(iprecompute_metric.eq.1) then
unstructured/newpar.f90:1195: if(iprecompute_metric.eq.1) then
unstructured/newpar.f90:1206: if(iprecompute_metric.eq.1) then
unstructured/newpar.f90:1493: if(iprecompute_metric.eq.1) deallocate(ctri)
unstructured/newpar.f90:1500: if(iprecompute_metric.eq.1) &"
solver_tol,solver_tol,&inputnl,Solver,real,1e-9,4,unstructured/scorec_matrix.f90(4),源码引用 4 处；主要在 `scorec_matrix.f90` 4处。,"unstructured/scorec_matrix.f90:468: solver_tol,krylov_solver,preconditioner,sub_dom_solver,&
unstructured/scorec_matrix.f90:475: call m3dc1_matrix_solve(mat%imatrix,v%id,solver_type,solver_tol)
unstructured/scorec_matrix.f90:522: solver_tol,krylov_solver,preconditioner,sub_dom_solver,&
unstructured/scorec_matrix.f90:527: call m3dc1_matrix_solve_with_guess(mat%imatrix,v%id, x_guess%id, solver_type,solver_tol)"
solver_type,solver_type,&inputnl,Solver,integer,0,2,unstructured/scorec_matrix.f90(2),源码引用 2 处；主要在 `scorec_matrix.f90` 2处。,"unstructured/scorec_matrix.f90:475: call m3dc1_matrix_solve(mat%imatrix,v%id,solver_type,solver_tol)
unstructured/scorec_matrix.f90:527: call m3dc1_matrix_solve_with_guess(mat%imatrix,v%id, x_guess%id, solver_type,solver_tol)"
num_iter,num_iter,&inputnl,Solver,integer,100,27,unstructured/scorec_matrix.f90(18); m3dc1_scorec/api/m3dc1_scorec.cc(8); m3dc1_scorec/api/m3dc1_scorec.h(1),"源码引用 27 处；主要在 `scorec_matrix.f90` 18处, `m3dc1_scorec.cc` 8处, `m3dc1_scorec.h` 1处。","unstructured/scorec_matrix.f90:467: call m3dc1_solver_aztec(mat%imatrix,v%id,v%id,num_iter,&
unstructured/scorec_matrix.f90:481: call m3dc1_solver_getnumiter(mat%imatrix,num_iter)
unstructured/scorec_matrix.f90:484: call m3dc1_matrix_getiternum(mat%imatrix,num_iter)
unstructured/scorec_matrix.f90:488: ""For mat%imatrix="",mat%imatrix,"", newsolve takes num_iter="",num_iter,"", time="", t2-t1, "" secs""
unstructured/scorec_matrix.f90:489: if (num_iter.ge.10000) then
unstructured/scorec_matrix.f90:493: if(mat%imatrix== 5) kspits(1)=num_iter
unstructured/scorec_matrix.f90:494: if(mat%imatrix== 1) kspits(2)=num_iter
unstructured/scorec_matrix.f90:495: if(mat%imatrix==17) kspits(3)=num_iter
unstructured/scorec_matrix.f90:496: if(mat%imatrix== 6) kspits(4)=num_iter
unstructured/scorec_matrix.f90:521: call m3dc1_solver_aztec(mat%imatrix,v%id,v%id,num_iter,&"
isolve_with_guess,isolve_with_guess,&inputnl,Solver,integer,0,15,unstructured/kprad_m3dc1.f90(8); unstructured/time_step_split.f90(7),"源码引用 15 处；主要在 `kprad_m3dc1.f90` 8处, `time_step_split.f90` 7处。","unstructured/kprad_m3dc1.f90:71: if(isolve_with_guess==1) allocate(kprad_n_prev(0:kprad_z))
unstructured/kprad_m3dc1.f90:101: if(isolve_with_guess==1) then
unstructured/kprad_m3dc1.f90:127: use basic, only:isolve_with_guess
unstructured/kprad_m3dc1.f90:142: if(isolve_with_guess==1) then
unstructured/kprad_m3dc1.f90:378: if(isolve_with_guess==1) then
unstructured/kprad_m3dc1.f90:394: if(isolve_with_guess==1) kprad_n_prev(j) = kprad_n(j)
unstructured/kprad_m3dc1.f90:468: if(isolve_with_guess==1) then
unstructured/kprad_m3dc1.f90:484: if(isolve_with_guess==1) kprad_n_prev(0) = kprad_n(0)
unstructured/time_step_split.f90:888: if(isolve_with_guess==1) then
unstructured/time_step_split.f90:960: if(isolve_with_guess==1) then"
krylov_solver,krylov_solver,&inputnl,Trilinos Options,character(len=50),gmres,6,m3dc1_scorec/api/m3dc1_scorec.cc(3); unstructured/scorec_matrix.f90(2); m3dc1_scorec/api/m3dc1_scorec.h(1),"源码引用 6 处；主要在 `m3dc1_scorec.cc` 3处, `scorec_matrix.f90` 2处, `m3dc1_scorec.h` 1处。","unstructured/scorec_matrix.f90:468: solver_tol,krylov_solver,preconditioner,sub_dom_solver,&
unstructured/scorec_matrix.f90:522: solver_tol,krylov_solver,preconditioner,sub_dom_solver,&
m3dc1_scorec/api/m3dc1_scorec.cc:6076: double* tolerance,const char* krylov_solver, const char* preconditioner)
m3dc1_scorec/api/m3dc1_scorec.cc:6214: const char* krylov_solver, const char*
m3dc1_scorec/api/m3dc1_scorec.cc:6266: std::string krylov_solver_s = krylov_solver;
m3dc1_scorec/api/m3dc1_scorec.h:273: const char* krylov_solver, const char*"
preconditioner,preconditioner,&inputnl,Trilinos Options,character(len=50),dom_decomp,30,m3dc1_scorec/src/m3dc1_matrix.cc(12); unstructured/PETScInterface.cpp(8); m3dc1_scorec/api/m3dc1_scorec.cc(5); unstructured/input.f90(2); unstructured/scorec_matrix.f90(2); m3dc1_scorec/api/m3dc1_scorec.h(1),"源码引用 30 处；主要在 `m3dc1_matrix.cc` 12处, `PETScInterface.cpp` 8处, `m3dc1_scorec.cc` 5处, `input.f90` 2处。","unstructured/PETScInterface.cpp:161: solve2 new strategy for preconditioner
unstructured/PETScInterface.cpp:163: preconditioner is update every MAX_SAME_PC_COUNT times
unstructured/PETScInterface.cpp:176: Mat A; // solver matrix and preconditioner
unstructured/PETScInterface.cpp:358: /* Step 7: at the start of each new cycle, re-set A as the preconditioner
unstructured/PETScInterface.cpp:367: PetscPrintf(PETSC_COMM_WORLD, ""\tsolve2_%d: new preconditioner at %d\n"",
unstructured/PETScInterface.cpp:374: PetscPrintf(PETSC_COMM_WORLD, ""\tsolve2_%d: old preconditioner at %d\n"",
unstructured/PETScInterface.cpp:617: /* 8.4 hybrid solve: call hybrid solver to compute preconditioner */
unstructured/PETScInterface.cpp:640: PetscPrintf(PETSC_COMM_WORLD, ""\thybrid_: matrixId_%d calculate preconditioner and subdomain info_%d\n"",
unstructured/input.f90:1248: ""dom_decomp"", ""Preconditioner"", trilinos_grp)
unstructured/input.f90:1251: ""ilu"", ""Subdomain solver in preconditioner"", trilinos_grp)"
sub_dom_solver,sub_dom_solver,&inputnl,Trilinos Options,character(len=50),ilu,5,unstructured/scorec_matrix.f90(2); m3dc1_scorec/api/m3dc1_scorec.cc(2); m3dc1_scorec/api/m3dc1_scorec.h(1),"源码引用 5 处；主要在 `scorec_matrix.f90` 2处, `m3dc1_scorec.cc` 2处, `m3dc1_scorec.h` 1处。","unstructured/scorec_matrix.f90:468: solver_tol,krylov_solver,preconditioner,sub_dom_solver,&
unstructured/scorec_matrix.f90:522: solver_tol,krylov_solver,preconditioner,sub_dom_solver,&
m3dc1_scorec/api/m3dc1_scorec.cc:6215: preconditioner, const char* sub_dom_solver,
m3dc1_scorec/api/m3dc1_scorec.cc:6268: std::string sub_dom_solver_s = sub_dom_solver;
m3dc1_scorec/api/m3dc1_scorec.h:274: preconditioner, const char* sub_dom_solver,"
subdomain_overlap,subdomain_overlap,&inputnl,Trilinos Options,integer,1,2,unstructured/scorec_matrix.f90(2),源码引用 2 处；主要在 `scorec_matrix.f90` 2处。,"unstructured/scorec_matrix.f90:469: subdomain_overlap,graph_fill,ilu_drop_tol,ilu_fill,&
unstructured/scorec_matrix.f90:523: subdomain_overlap,graph_fill,ilu_drop_tol,ilu_fill,&"
graph_fill,graph_fill,&inputnl,Trilinos Options,integer,0,5,unstructured/scorec_matrix.f90(2); m3dc1_scorec/api/m3dc1_scorec.cc(2); m3dc1_scorec/api/m3dc1_scorec.h(1),"源码引用 5 处；主要在 `scorec_matrix.f90` 2处, `m3dc1_scorec.cc` 2处, `m3dc1_scorec.h` 1处。","unstructured/scorec_matrix.f90:469: subdomain_overlap,graph_fill,ilu_drop_tol,ilu_fill,&
unstructured/scorec_matrix.f90:523: subdomain_overlap,graph_fill,ilu_drop_tol,ilu_fill,&
m3dc1_scorec/api/m3dc1_scorec.cc:6216: int* overlap, int* graph_fill, double*
m3dc1_scorec/api/m3dc1_scorec.cc:6343: solver.SetAztecOption(AZ_graph_fill, *graph_fill);
m3dc1_scorec/api/m3dc1_scorec.h:275: int* overlap, int* graph_fill, double*"
drop_tolerance,ilu_drop_tol,&inputnl,Trilinos Options,real,0.0,5,unstructured/scorec_matrix.f90(2); m3dc1_scorec/api/m3dc1_scorec.cc(2); m3dc1_scorec/api/m3dc1_scorec.h(1),"源码引用 5 处；主要在 `scorec_matrix.f90` 2处, `m3dc1_scorec.cc` 2处, `m3dc1_scorec.h` 1处。","unstructured/scorec_matrix.f90:469: subdomain_overlap,graph_fill,ilu_drop_tol,ilu_fill,&
unstructured/scorec_matrix.f90:523: subdomain_overlap,graph_fill,ilu_drop_tol,ilu_fill,&
m3dc1_scorec/api/m3dc1_scorec.cc:6217: ilu_drop_tol, double* ilu_fill, double*
m3dc1_scorec/api/m3dc1_scorec.cc:6347: solver.SetAztecParam(AZ_drop, *ilu_drop_tol);
m3dc1_scorec/api/m3dc1_scorec.h:276: ilu_drop_tol, double* ilu_fill,"
ilu_fill_level,ilu_fill,&inputnl,Trilinos Options,real,1.0,5,unstructured/scorec_matrix.f90(2); m3dc1_scorec/api/m3dc1_scorec.cc(2); m3dc1_scorec/api/m3dc1_scorec.h(1),"源码引用 5 处；主要在 `scorec_matrix.f90` 2处, `m3dc1_scorec.cc` 2处, `m3dc1_scorec.h` 1处。","unstructured/scorec_matrix.f90:469: subdomain_overlap,graph_fill,ilu_drop_tol,ilu_fill,&
unstructured/scorec_matrix.f90:523: subdomain_overlap,graph_fill,ilu_drop_tol,ilu_fill,&
m3dc1_scorec/api/m3dc1_scorec.cc:6217: ilu_drop_tol, double* ilu_fill, double*
m3dc1_scorec/api/m3dc1_scorec.cc:6348: solver.SetAztecParam(AZ_ilut_fill, *ilu_fill);
m3dc1_scorec/api/m3dc1_scorec.h:276: ilu_drop_tol, double* ilu_fill,"
ilu_omega,ilu_omega,&inputnl,Trilinos Options,real,1.0,5,unstructured/scorec_matrix.f90(2); m3dc1_scorec/api/m3dc1_scorec.cc(2); m3dc1_scorec/api/m3dc1_scorec.h(1),"源码引用 5 处；主要在 `scorec_matrix.f90` 2处, `m3dc1_scorec.cc` 2处, `m3dc1_scorec.h` 1处。","unstructured/scorec_matrix.f90:470: ilu_omega,poly_ord)
unstructured/scorec_matrix.f90:524: ilu_omega,poly_ord)
m3dc1_scorec/api/m3dc1_scorec.cc:6218: ilu_omega, int* poly_ord)
m3dc1_scorec/api/m3dc1_scorec.cc:6350: solver.SetAztecParam(AZ_omega, *ilu_omega);
m3dc1_scorec/api/m3dc1_scorec.h:277: double* ilu_omega, int* poly_ord);"
poly_ord,poly_ord,&inputnl,Trilinos Options,integer,1,5,unstructured/scorec_matrix.f90(2); m3dc1_scorec/api/m3dc1_scorec.cc(2); m3dc1_scorec/api/m3dc1_scorec.h(1),"源码引用 5 处；主要在 `scorec_matrix.f90` 2处, `m3dc1_scorec.cc` 2处, `m3dc1_scorec.h` 1处。","unstructured/scorec_matrix.f90:470: ilu_omega,poly_ord)
unstructured/scorec_matrix.f90:524: ilu_omega,poly_ord)
m3dc1_scorec/api/m3dc1_scorec.cc:6218: ilu_omega, int* poly_ord)
m3dc1_scorec/api/m3dc1_scorec.cc:6358: solver.SetAztecOption(AZ_poly_ord, *poly_ord);
m3dc1_scorec/api/m3dc1_scorec.h:277: double* ilu_omega, int* poly_ord);"
iadapt,iadapt,&inputnl,Mesh Adaptation,integer,0,8,unstructured/newpar.f90(5); unstructured/input.f90(1); unstructured/time_step_split.f90(1); unstructured/time_step_unsplit.f90(1),"源码引用 8 处；主要在 `newpar.f90` 5处, `input.f90` 1处, `time_step_split.f90` 1处, `time_step_unsplit.f90` 1处。","unstructured/input.f90:1465: if(iadapt.gt.0) then
unstructured/newpar.f90:329: if (iadapt.gt.0 .and. iadapt_writevtk .eq. 1) then
unstructured/newpar.f90:335: if (mod (iadapt, 2) .eq. 1) then
unstructured/newpar.f90:339: if (iadapt .eq. 4) call adapt_by_error
unstructured/newpar.f90:342: if(irestart.eq.0 .or. iadapt.gt.0) then
unstructured/newpar.f90:467: if (iadapt .gt. 1 .and. ispradapt .eq.0) then
unstructured/time_step_split.f90:716: if(iadapt .ne. 0) then
unstructured/time_step_unsplit.f90:225: if(iadapt .ne. 0) then"
ispradapt,ispradapt,&inputnl,Mesh Adaptation,integer,0,17,unstructured/newpar.f90(7); unstructured/auxiliary_fields.f90(4); unstructured/gradshafranov.f90(2); unstructured/adapt.f90(1); unstructured/kprad_m3dc1.f90(1); unstructured/time_step_split.f90(1); unstructured/wall.f90(1),"源码引用 17 处；主要在 `newpar.f90` 7处, `auxiliary_fields.f90` 4处, `gradshafranov.f90` 2处, `adapt.f90` 1处。","unstructured/adapt.f90:67: if (ispradapt .eq. 1) then
unstructured/auxiliary_fields.f90:40: if (ispradapt .eq. 1) then
unstructured/auxiliary_fields.f90:224: if (ispradapt .eq. 1) then
unstructured/auxiliary_fields.f90:347: if (ispradapt .eq. 1) then
unstructured/auxiliary_fields.f90:494: if (ispradapt .eq. 1) then
unstructured/gradshafranov.f90:1147: if (ispradapt .eq. 1) then
unstructured/gradshafranov.f90:1418: if (ispradapt .eq. 1) then
unstructured/kprad_m3dc1.f90:76: if (ispradapt .eq. 1) then
unstructured/newpar.f90:347: if (ispradapt .eq. 1) call marker
unstructured/newpar.f90:451: if (ispradapt .eq. 1) then"
isprntime,isprntime,&inputnl,Mesh Adaptation,integer,10,1,unstructured/newpar.f90(1),源码引用 1 处；主要在 `newpar.f90` 1处。,"unstructured/newpar.f90:452: if (mod(ntime, isprntime) .eq. 0) then"
isprweight,isprweight,&inputnl,Mesh Adaptation,real,0.1,1,unstructured/newpar.f90(1),源码引用 1 处；主要在 `newpar.f90` 1处。,"unstructured/newpar.f90:463: isprweight, isprmaxsize, isprrefinelevel, isprcoarsenlevel, update_mesh)"
isprmaxsize,isprmaxsize,&inputnl,Mesh Adaptation,real,0.05,1,unstructured/newpar.f90(1),源码引用 1 处；主要在 `newpar.f90` 1处。,"unstructured/newpar.f90:463: isprweight, isprmaxsize, isprrefinelevel, isprcoarsenlevel, update_mesh)"
isprrefinelevel,isprrefinelevel,&inputnl,Mesh Adaptation,integer,1,1,unstructured/newpar.f90(1),源码引用 1 处；主要在 `newpar.f90` 1处。,"unstructured/newpar.f90:463: isprweight, isprmaxsize, isprrefinelevel, isprcoarsenlevel, update_mesh)"
isprcoarsenlevel,isprcoarsenlevel,&inputnl,Mesh Adaptation,integer,-1,1,unstructured/newpar.f90(1),源码引用 1 处；主要在 `newpar.f90` 1处。,"unstructured/newpar.f90:463: isprweight, isprmaxsize, isprrefinelevel, isprcoarsenlevel, update_mesh)"
iadapt_writevtk,iadapt_writevtk,&inputnl,Mesh Adaptation,integer,0,3,unstructured/adapt.f90(2); unstructured/newpar.f90(1),"源码引用 3 处；主要在 `adapt.f90` 2处, `newpar.f90` 1处。","unstructured/adapt.f90:267: if(iadapt_writevtk .eq. 1) call m3dc1_mesh_write (mesh_file_name,0,ntime)
unstructured/adapt.f90:530: if(iadapt_writevtk .eq. 1) call m3dc1_mesh_write (mesh_file_name,0,ntime)
unstructured/newpar.f90:329: if (iadapt.gt.0 .and. iadapt_writevtk .eq. 1) then"
iadapt_writesmb,iadapt_writesmb,&inputnl,Mesh Adaptation,integer,1,2,unstructured/adapt.f90(2),源码引用 2 处；主要在 `adapt.f90` 2处。,"unstructured/adapt.f90:268: if(iadapt_writesmb .eq. 1) call m3dc1_mesh_write (mesh_file_name,1,ntime)
unstructured/adapt.f90:531: if(iadapt_writesmb .eq. 1) call m3dc1_mesh_write (mesh_file_name,1,ntime)"
iadapt_useH1,iadapt_useH1,&inputnl,Mesh Adaptation,integer,0,5,unstructured/error_estimate.f90(5),源码引用 5 处；主要在 `error_estimate.f90` 5处。,"unstructured/error_estimate.f90:342: if(iadapt_useH1 .eq. 1) edge_error(edges(iedge)+1,:) = edge_error(edges(iedge)+1,:) /edge_len(1)**2;
unstructured/error_estimate.f90:760: elm_res_U (itri) = int1 (fn_eval_elm) *CONJG (int1 (fn_eval_elm)) * ((d%a+d%b)*d%c)**(2-iadapt_useH1)
unstructured/error_estimate.f90:763: elm_res_U (itri) = int1 (fn_eval_elm) **2 * ((d%a+d%b)*d%c)**(2-iadapt_useH1)
unstructured/error_estimate.f90:813: elm_res_psi (itri) = int1 (fn_eval_elm) *CONJG(int1 (fn_eval_elm)) * ((d%a+d%b)*d%c)**(2-iadapt_useH1)
unstructured/error_estimate.f90:816: elm_res_psi (itri) = int1 (fn_eval_elm) **2 * ((d%a+d%b)*d%c)**(2-iadapt_useH1)"
iadapt_removeEquiv,iadapt_removeEquiv,&inputnl,Mesh Adaptation,integer,0,1,unstructured/error_estimate.f90(1),源码引用 1 处；主要在 `error_estimate.f90` 1处。,unstructured/error_estimate.f90:439: if(iadapt_removeEquiv .eq. 1) then
adapt_target_error,adapt_target_error,&inputnl,Mesh Adaptation,real,0.0001,7,m3dc1_scorec/api/m3dc1_scorec.cc(4); unstructured/adapt.f90(3),"源码引用 7 处；主要在 `m3dc1_scorec.cc` 4处, `adapt.f90` 3处。","unstructured/adapt.f90:510: if (max_error(1) .gt. error_tol * adapt_target_error .or. max_error(2) &
unstructured/adapt.f90:511: .gt. error_tol * adapt_target_error) then
unstructured/adapt.f90:528: call adapt_by_error_field(sqrt(node_error(1,:)**2+node_error(2,:)**2), adapt_target_error, &
m3dc1_scorec/api/m3dc1_scorec.cc:4727: // double* errorAimed: Parameter ""adapt_target_error"" from the user input parameter file
m3dc1_scorec/api/m3dc1_scorec.cc:4730: // Maximum node number in the adapted mesh. If the estimated mesh node number from adapt_target_error exceeds iadapt_max_node,
m3dc1_scorec/api/m3dc1_scorec.cc:4733: // 0: adapt_target_error is global (integral over the domain)
m3dc1_scorec/api/m3dc1_scorec.cc:4734: // 1: adapt_target_error is local (integral over the element)"
adapt_ke,adapt_ke,&inputnl,Mesh Adaptation,real,0.0,2,unstructured/adapt.f90(2),源码引用 2 处；主要在 `adapt.f90` 2处。,"unstructured/adapt.f90:621: if(linear .eq. 1 .and. adapt_ke .gt. 0 .and. ekin .gt. adapt_ke) then
unstructured/adapt.f90:623: if (myrank .eq. 0) print *, ""diagnose_adapt: run adaptation as ekin is greater than adapt_ke"", adapt_ke, ""(linear)"""
iadapt_ntime,iadapt_ntime,&inputnl,Mesh Adaptation,integer,0,3,unstructured/adapt.f90(3),源码引用 3 处；主要在 `adapt.f90` 3处。,"unstructured/adapt.f90:611: if (iadapt_ntime .gt. 0 .and. mod(ntime, iadapt_ntime) .eq. 0) then
unstructured/adapt.f90:613: if (myrank .eq. 0) print *, ""diagnose_adapt: run adaptation every"", iadapt_ntime, ""time step(s)""
unstructured/adapt.f90:616: if (linear .eq. 0 .and. iadapt_ntime .eq. 0) then"
iadapt_max_node,iadapt_max_node,&inputnl,Mesh Adaptation,integer,10000,4,unstructured/adapt.f90(2); m3dc1_scorec/api/m3dc1_scorec.cc(2),"源码引用 4 处；主要在 `adapt.f90` 2处, `m3dc1_scorec.cc` 2处。","unstructured/adapt.f90:12: data iadapt_max_node /100/
unstructured/adapt.f90:529: iadapt_max_node, adapt_control);
m3dc1_scorec/api/m3dc1_scorec.cc:4730: // Maximum node number in the adapted mesh. If the estimated mesh node number from adapt_target_error exceeds iadapt_max_node,
m3dc1_scorec/api/m3dc1_scorec.cc:4731: // the target mesh size in the adapted mesh is scaled such that the mesh node number is below iadapt_max_node."
adapt_control,adapt_control,&inputnl,Mesh Adaptation,integer,1,3,unstructured/adapt.f90(2); m3dc1_scorec/api/m3dc1_scorec.cc(1),"源码引用 3 处；主要在 `adapt.f90` 2处, `m3dc1_scorec.cc` 1处。","unstructured/adapt.f90:497: if (adapt_control .eq. 0) then
unstructured/adapt.f90:529: iadapt_max_node, adapt_control);
m3dc1_scorec/api/m3dc1_scorec.cc:4732: // int* option: Parameter ""adapt_control"" from the user input parameter file and is either 0 or 1"
iadapt_order_p,iadapt_order_p,&inputnl,Mesh Adaptation,real,3.0,2,unstructured/adapt.f90(2),源码引用 2 处；主要在 `adapt.f90` 2处。,"unstructured/adapt.f90:11: data iadapt_order_p /3/
unstructured/adapt.f90:527: call set_adapt_p(iadapt_order_p)"
iadaptFaceNumber,iadaptFaceNumber,&inputnl,Mesh Adaptation,integer,-1,8,m3dc1_scorec/api/m3dc1_scorec.cc(5); unstructured/adapt.f90(2); m3dc1_scorec/api/m3dc1_scorec.h(1),"源码引用 8 处；主要在 `m3dc1_scorec.cc` 5处, `adapt.f90` 2处, `m3dc1_scorec.h` 1处。","unstructured/adapt.f90:260: if (iadaptFaceNumber.gt.0) then
unstructured/adapt.f90:261: call adapt_model_face(temporary_field%vec%id,psimin,psibound,iadaptFaceNumber)
m3dc1_scorec/api/m3dc1_scorec.cc:5476: int adapt_model_face(int * fieldId, double* psi0, double * psil, int* iadaptFaceNumber)
m3dc1_scorec/api/m3dc1_scorec.cc:5499: if (gmi_tag(model, gf) == *iadaptFaceNumber)
m3dc1_scorec/api/m3dc1_scorec.cc:5508: std::cout << ""The model face to adapt (ID = "" << *iadaptFaceNumber << "") given in C1Input doesn't exist in model.\n"";
m3dc1_scorec/api/m3dc1_scorec.cc:5518: std::cout << ""The model face to adapt with ID "" << *iadaptFaceNumber << "" found in the model"" << ""\n"";
m3dc1_scorec/api/m3dc1_scorec.cc:5554: int adaptFaceNumber = *iadaptFaceNumber;
m3dc1_scorec/api/m3dc1_scorec.h:237: int adapt_model_face(int * fieldId, double* psi0, double * psil, int* iadaptFaceNumber);"
iadapt_snap,iadapt_snap,&inputnl,Mesh Adaptation,integer,1,1,unstructured/scorec_mesh.f90(1),源码引用 1 处；主要在 `scorec_mesh.f90` 1处。,unstructured/scorec_mesh.f90:121: if (iadapt_snap.eq.1) call m3dc1_model_settopo()
adapt_factor,adapt_factor,&inputnl,Mesh Adaptation,real,1.,0,,未发现除注册/声明外的源码引用；可能是废弃参数、条件编译路径参数，或仅由外部工具/库间接使用。,
adapt_hmin,adapt_hmin,&inputnl,Mesh Adaptation,real,0.001,1,unstructured/adapt.f90(1),源码引用 1 处；主要在 `adapt.f90` 1处。,unstructured/adapt.f90:521: abs_size(1) = adapt_hmin
adapt_hmax,adapt_hmax,&inputnl,Mesh Adaptation,real,0.1,1,unstructured/adapt.f90(1),源码引用 1 处；主要在 `adapt.f90` 1处。,unstructured/adapt.f90:522: abs_size(2) = adapt_hmax
adapt_hmin_rel,adapt_hmin_rel,&inputnl,Mesh Adaptation,real,0.5,1,unstructured/adapt.f90(1),源码引用 1 处；主要在 `adapt.f90` 1处。,unstructured/adapt.f90:523: rel_size(1) = adapt_hmin_rel
adapt_hmax_rel,adapt_hmax_rel,&inputnl,Mesh Adaptation,real,2.0,1,unstructured/adapt.f90(1),源码引用 1 处；主要在 `adapt.f90` 1处。,unstructured/adapt.f90:524: rel_size(2) = adapt_hmax_rel
adapt_smooth,adapt_smooth,&inputnl,Mesh Adaptation,real,2./3. (约 0.6667),0,,未发现除注册/声明外的源码引用；可能是废弃参数、条件编译路径参数，或仅由外部工具/库间接使用。,
adapt_psin_vacuum,adapt_psin_vacuum,&inputnl,Mesh Adaptation,real,-1.,2,unstructured/adapt.f90(2),源码引用 2 处；主要在 `adapt.f90` 2处。,"unstructured/adapt.f90:157: if(izone.ge.3 .and. adapt_psin_vacuum.ge.0) then
unstructured/adapt.f90:158: temp79b = adapt_psin_vacuum"
adapt_psin_wall,adapt_psin_wall,&inputnl,Mesh Adaptation,real,-1.,2,unstructured/adapt.f90(2),源码引用 2 处；主要在 `adapt.f90` 2处。,"unstructured/adapt.f90:154: if(izone.eq.2 .and. adapt_psin_wall.ge.0) then
unstructured/adapt.f90:155: temp79b = adapt_psin_wall"
iadapt_pack_rationals,iadapt_pack_rationals,&inputnl,Mesh Adaptation,integer,0,4,unstructured/adapt.f90(4),源码引用 4 处；主要在 `adapt.f90` 4处。,"unstructured/adapt.f90:164: if(iadapt_pack_rationals.gt.0 .and. ntor.ne.0) then
unstructured/adapt.f90:166: print *, 'Error, iadapt_pack_rationals > 0, but q profile not set'
unstructured/adapt.f90:176: do j=1, iadapt_pack_rationals
unstructured/adapt.f90:187: print *, 'Error, iadapt_pack_rationals > 0, but q profile not set'"
adapt_pack_factor,adapt_pack_factor,&inputnl,Mesh Adaptation,real,0.02,2,unstructured/adapt.f90(2),源码引用 2 处；主要在 `adapt.f90` 2处。,"unstructured/adapt.f90:177: tmp = (q*ntor - j) / (q*ntor*adapt_pack_factor)
unstructured/adapt.f90:201: exp(-(q - adapt_qs(j))**2 / (2.*adapt_pack_factor**2))"
adapt_coil_delta,adapt_coil_delta,&inputnl,Mesh Adaptation,real,0.,3,unstructured/adapt.f90(3),源码引用 3 处；主要在 `adapt.f90` 3处。,"unstructured/adapt.f90:102: if(adapt_coil_delta.gt.0) then
unstructured/adapt.f90:212: if(adapt_coil_delta.gt.0) then
unstructured/adapt.f90:217: (2.*adapt_coil_delta**2))"
adapt_pellet_length,adapt_pellet_length,&inputnl,Mesh Adaptation,real,0.,1,unstructured/adapt.f90(1),源码引用 1 处；主要在 `adapt.f90` 1处。,unstructured/adapt.f90:82: p_steps = ceiling(adapt_pellet_length/(2.*adapt_pellet_delta))+1
adapt_pellet_delta,adapt_pellet_delta,&inputnl,Mesh Adaptation,real,0.,6,unstructured/adapt.f90(6),源码引用 6 处；主要在 `adapt.f90` 6处。,"unstructured/adapt.f90:73: if(adapt_pellet_delta.gt.0) then
unstructured/adapt.f90:82: p_steps = ceiling(adapt_pellet_length/(2.*adapt_pellet_delta))+1
unstructured/adapt.f90:86: p_dt = 2.*adapt_pellet_delta/p_v
unstructured/adapt.f90:226: if(adapt_pellet_delta.gt.0) then
unstructured/adapt.f90:232: (2.*adapt_pellet_delta**2))
unstructured/adapt.f90:251: if(adapt_pellet_delta.gt.0) then"
iheat_sink,iheat_sink,&inputnl,Sources/Sinks,integer,0,4,unstructured/ludef_t.f90(2); unstructured/input.f90(1); unstructured/transport.f90(1),"源码引用 4 处；主要在 `ludef_t.f90` 2处, `input.f90` 1处, `transport.f90` 1处。","unstructured/input.f90:1671: iheat_sink.eq.1)
unstructured/ludef_t.f90:3523: if(iheat_sink.eq.1 .and. itaylor.eq.27) then
unstructured/ludef_t.f90:4152: if(iheat_sink.eq.1 .and. itaylor.eq.27) then
unstructured/transport.f90:669: if(iheat_sink.eq.1 .and. itaylor.eq.27) then"
vloop,vloop,&inputnl,Sources/Sinks,real,0.,19,unstructured/newpar.f90(5); unstructured/restart_hdf5.f90(3); unstructured/mackenbach_profiles.f90(2); unstructured/electric_field.f90(1); unstructured/gread_restart_c11.fh(1); unstructured/input.f90(1); unstructured/ludef_t.f90(1); unstructured/ludef_t_gpu.f90(1),"源码引用 19 处；主要在 `newpar.f90` 5处, `restart_hdf5.f90` 3处, `mackenbach_profiles.f90` 2处, `electric_field.f90` 1处。","unstructured/electric_field.f90:887: o = -vloop*ri2_79*bzt79(:,OP_1)/toroidal_period
unstructured/gread_restart_c11.fh:41: call adios_read (adios_handle, ""vloop"", vloop, adios_buf_size, adios_err)
unstructured/input.f90:1572: vloop = -vloop
unstructured/ludef_t.f90:2696: vloop*intx1(trialx(:,:,OP_1))/toroidal_period
unstructured/ludef_t_gpu.f90:3106: vloop*intx1(trialx(:,:,OP_1))/toroidal_period
unstructured/mackenbach_profiles.f90:508: open (unit=6,file=""vloop"",action=""write"",status=""replace"")
unstructured/mackenbach_profiles.f90:548: print *, ""vloop = "", VL/2.18122e+06
unstructured/metricterms_new.f90:11504: temp = -vloop/toroidal_period * &
unstructured/metricterms_new_gpu.f90:22046: temp = -vloop/toroidal_period * &
unstructured/model.f90:510: if(igauge.eq.0) temp(1) = temp(1) + dt*vloop/toroidal_period"
vloopRZ,vloopRZ,&inputnl,Sources/Sinks,real,0.,1,unstructured/model.f90(1),源码引用 1 处；主要在 `model.f90` 1处。,unstructured/model.f90:548: temp(1) = temp(1) + dt*vloopRZ
tcur,tcur,&inputnl,Sources/Sinks,real,0.,7,unstructured/newpar.f90(3); unstructured/control.f90(2); unstructured/input.f90(1); unstructured/mackenbach_profiles.f90(1),"源码引用 7 处；主要在 `newpar.f90` 3处, `control.f90` 2处, `input.f90` 1处, `mackenbach_profiles.f90` 1处。","unstructured/control.f90:51: subroutine variable_tcur(tcuri, tcurf, tcur_t0, tcur_tw, time, tcur)
unstructured/control.f90:57: tcur = tcuri + (tcurf-tcuri)*.5*(1.+tanh((time - tcur_t0)/tcur_tw))
unstructured/input.f90:1573: tcur = -tcur
unstructured/mackenbach_profiles.f90:549: print *, ""tcur = "", IP/795217.
unstructured/newpar.f90:404: call variable_tcur(tcuri,tcurf,tcur_t0,tcur_tw,time,tcur)
unstructured/newpar.f90:405: i_control%target_val = tcur
unstructured/newpar.f90:514: i_control%target_val = tcur"
vloop_freq,vloop_freq,&inputnl,Sources/Sinks,real,0.,1,unstructured/newpar.f90(1),源码引用 1 处；主要在 `newpar.f90` 1处。,unstructured/newpar.f90:420: vloop = vloop0*cos(2.*pi*vloop_freq*time)
tcuri,tcuri,&inputnl,Sources/Sinks,real,0.,4,unstructured/control.f90(2); unstructured/newpar.f90(2),"源码引用 4 处；主要在 `control.f90` 2处, `newpar.f90` 2处。","unstructured/control.f90:51: subroutine variable_tcur(tcuri, tcurf, tcur_t0, tcur_tw, time, tcur)
unstructured/control.f90:57: tcur = tcuri + (tcurf-tcuri)*.5*(1.+tanh((time - tcur_t0)/tcur_tw))
unstructured/newpar.f90:402: if(tcurf .ne. tcuri) then
unstructured/newpar.f90:404: call variable_tcur(tcuri,tcurf,tcur_t0,tcur_tw,time,tcur)"
tcurf,tcurf,&inputnl,Sources/Sinks,real,0.,4,unstructured/control.f90(2); unstructured/newpar.f90(2),"源码引用 4 处；主要在 `control.f90` 2处, `newpar.f90` 2处。","unstructured/control.f90:51: subroutine variable_tcur(tcuri, tcurf, tcur_t0, tcur_tw, time, tcur)
unstructured/control.f90:57: tcur = tcuri + (tcurf-tcuri)*.5*(1.+tanh((time - tcur_t0)/tcur_tw))
unstructured/newpar.f90:402: if(tcurf .ne. tcuri) then
unstructured/newpar.f90:404: call variable_tcur(tcuri,tcurf,tcur_t0,tcur_tw,time,tcur)"
tcur_t0,tcur_t0,&inputnl,Sources/Sinks,real,0.,3,unstructured/control.f90(2); unstructured/newpar.f90(1),"源码引用 3 处；主要在 `control.f90` 2处, `newpar.f90` 1处。","unstructured/control.f90:51: subroutine variable_tcur(tcuri, tcurf, tcur_t0, tcur_tw, time, tcur)
unstructured/control.f90:57: tcur = tcuri + (tcurf-tcuri)*.5*(1.+tanh((time - tcur_t0)/tcur_tw))
unstructured/newpar.f90:404: call variable_tcur(tcuri,tcurf,tcur_t0,tcur_tw,time,tcur)"
tcur_tw,tcur_tw,&inputnl,Sources/Sinks,real,0.,3,unstructured/control.f90(2); unstructured/newpar.f90(1),"源码引用 3 处；主要在 `control.f90` 2处, `newpar.f90` 1处。","unstructured/control.f90:51: subroutine variable_tcur(tcuri, tcurf, tcur_t0, tcur_tw, time, tcur)
unstructured/control.f90:57: tcur = tcuri + (tcurf-tcuri)*.5*(1.+tanh((time - tcur_t0)/tcur_tw))
unstructured/newpar.f90:404: call variable_tcur(tcuri,tcurf,tcur_t0,tcur_tw,time,tcur)"
control_p,control_p,&inputnl,Sources/Sinks,real,0.,1,unstructured/newpar.f90(1),源码引用 1 处；主要在 `newpar.f90` 1处。,unstructured/newpar.f90:511: i_control%p = control_p
control_i,control_i,&inputnl,Sources/Sinks,real,0.,1,unstructured/newpar.f90(1),源码引用 1 处；主要在 `newpar.f90` 1处。,unstructured/newpar.f90:512: i_control%i = control_i
control_d,control_d,&inputnl,Sources/Sinks,real,0.,1,unstructured/newpar.f90(1),源码引用 1 处；主要在 `newpar.f90` 1处。,unstructured/newpar.f90:513: i_control%d = control_d
control_type,control_type,&inputnl,Sources/Sinks,integer,-1,2,unstructured/newpar.f90(1); unstructured/restart_hdf5.f90(1),"源码引用 2 处；主要在 `newpar.f90` 1处, `restart_hdf5.f90` 1处。","unstructured/newpar.f90:515: i_control%icontrol_type = control_type
unstructured/restart_hdf5.f90:254: if(control_type.ne.-1) then"
ipellet,ipellet,&inputnl,Sources/Sinks,integer,0,27,unstructured/init_common.f90(5); unstructured/output.f90(5); unstructured/pellet.f90(5); unstructured/input.f90(3); unstructured/kprad_m3dc1.f90(3); unstructured/restart_hdf5.f90(2); unstructured/transport.f90(2); unstructured/diagnostics.f90(1),"源码引用 27 处；主要在 `init_common.f90` 5处, `output.f90` 5处, `pellet.f90` 5处, `input.f90` 3处。","unstructured/diagnostics.f90:814: if(ipellet.ne.0) call calculate_Lor_vol
unstructured/init_common.f90:259: if((idenfunc.eq.0 .or. idenfunc.eq.4) .and. .not.(ipellet.gt.0 .and. linear.eq.1) &
unstructured/init_common.f90:261: if(ipellet.ne.0) then
unstructured/init_common.f90:370: if(ipellet.gt.0 .and. linear.eq.1) then
unstructured/init_common.f90:411: if(ipellet.ge.0) return
unstructured/init_common.f90:425: if(ipellet.lt.0) then
unstructured/init_conds.f90:666: if(ipellet.ne.0) then
unstructured/input.f90:948: ""For ipellet=14, fraction of distribution that is Cauchy, vs von Mises"", &
unstructured/input.f90:1841: if(ipellet.ne.0 .or. iread_lp_source.gt.0) then
unstructured/input.f90:1845: density_source = idens.eq.1 .and. linear.eq.0 .and. ipellet.ge.1 &"
irestart_pellet,irestart_pellet,&inputnl,Sources/Sinks,integer,0,3,unstructured/restart_hdf5.f90(3),源码引用 3 处；主要在 `restart_hdf5.f90` 3处。,"unstructured/restart_hdf5.f90:201: if(irestart_pellet.eq.0) then
unstructured/restart_hdf5.f90:227: else if(irestart_pellet.eq.1) then
unstructured/restart_hdf5.f90:244: print *, 'Error: irestart_pellet not available for this value: ',irestart_pellet"
ipellet_z,ipellet_z,&inputnl,Sources/Sinks,integer,0,12,unstructured/input.f90(4); unstructured/kprad_m3dc1.f90(3); unstructured/init_common.f90(2); unstructured/pellet.f90(2); unstructured/transport.f90(1),"源码引用 12 处；主要在 `input.f90` 4处, `kprad_m3dc1.f90` 3处, `init_common.f90` 2处, `pellet.f90` 2处。","unstructured/init_common.f90:262: if(ipellet_z.ne.0 .and. all(pellet_mix.eq.0.)) return
unstructured/init_common.f90:412: if(ipellet_z.ne.0 .and. all(pellet_mix.eq.0.)) return
unstructured/input.f90:1846: .and. (ipellet_z.eq.0 .or. any(pellet_mix.gt.0.))
unstructured/input.f90:1850: if(ipellet_z.ne.0 .and. &
unstructured/input.f90:1851: (ikprad.ne.0 .and. ipellet_z.ne.kprad_z)) then
unstructured/input.f90:1852: if(myrank.eq.0) print *, 'Error: ipellet_z != kprad_z'
unstructured/kprad_m3dc1.f90:188: if(ipellet.lt.0. .and. ipellet_z.eq.kprad_z) &
unstructured/kprad_m3dc1.f90:199: if(ipellet.lt.0. .and. ipellet_z.eq.kprad_z) then
unstructured/kprad_m3dc1.f90:575: if(ipellet.ge.1 .and. ipellet_z.eq.kprad_z .and. iread_lp_source.eq.0) then
unstructured/pellet.f90:453: z_abl = ipellet_z"
iread_pellet,iread_pellet,&inputnl,Sources/Sinks,integer,0,1,unstructured/pellet.f90(1),源码引用 1 处；主要在 `pellet.f90` 1处。,unstructured/pellet.f90:60: if(iread_pellet.eq.0) then
pellet_r,pellet_r_scl,&inputnl,Sources/Sinks,real,0.,33,unstructured/pellet.f90(23); unstructured/restart_hdf5.f90(4); unstructured/adapt.f90(2); unstructured/output.f90(2); unstructured/diagnostics.f90(1); unstructured/kprad_m3dc1.f90(1),"源码引用 33 处；主要在 `pellet.f90` 23处, `restart_hdf5.f90` 4处, `adapt.f90` 2处, `output.f90` 2处。","unstructured/adapt.f90:80: x0 = pellet_r(ip)*cos(pellet_phi(ip))
unstructured/adapt.f90:81: y0 = pellet_r(ip)*sin(pellet_phi(ip))
unstructured/diagnostics.f90:1184: print *, "" R position: "", pellet_r(ip)*l0_norm
unstructured/kprad_m3dc1.f90:809: x_vals = x_vals + pellet_r(1)
unstructured/output.f90:430: call output_1dextendarr(pel_group_id, ""pellet_r"", pellet_r, npellets, ntime, error)
unstructured/output.f90:455: call output_scalar(scalar_group_id, ""pellet_r"", pellet_r(1), ntime, error)
unstructured/pellet.f90:63: allocate(pellet_r(npellets))
unstructured/pellet.f90:77: pellet_r(1) = pellet_r_scl
unstructured/pellet.f90:91: call read_ascii_column(pellet_filename, pellet_r, npellets, icol=1)
unstructured/pellet.f90:131: where(pellet_var_tor.le.0) pellet_var_tor = pellet_var/pellet_r"
pellet_phi,pellet_phi_scl,&inputnl,Sources/Sinks,real,0.,30,unstructured/pellet.f90(21); unstructured/restart_hdf5.f90(3); unstructured/adapt.f90(2); unstructured/output.f90(2); unstructured/diagnostics.f90(1); unstructured/kprad_m3dc1.f90(1),"源码引用 30 处；主要在 `pellet.f90` 21处, `restart_hdf5.f90` 3处, `adapt.f90` 2处, `output.f90` 2处。","unstructured/adapt.f90:80: x0 = pellet_r(ip)*cos(pellet_phi(ip))
unstructured/adapt.f90:81: y0 = pellet_r(ip)*sin(pellet_phi(ip))
unstructured/diagnostics.f90:1185: print *, "" phi position: "", pellet_phi(ip)
unstructured/kprad_m3dc1.f90:813: phi_vals = z_vals / x_vals + pellet_phi(1)
unstructured/output.f90:431: call output_1dextendarr(pel_group_id, ""pellet_phi"", pellet_phi, npellets, ntime, error)
unstructured/output.f90:456: call output_scalar(scalar_group_id, ""pellet_phi"", pellet_phi(1), ntime, error)
unstructured/pellet.f90:64: allocate(pellet_phi(npellets))
unstructured/pellet.f90:78: pellet_phi(1) = pellet_phi_scl
unstructured/pellet.f90:92: call read_ascii_column(pellet_filename, pellet_phi, npellets, icol=2)
unstructured/pellet.f90:106: where(pellet_phi .lt. 0) pellet_phi = pellet_phi + toroidal_period"
pellet_z,pellet_z_scl,&inputnl,Sources/Sinks,real,0.,24,unstructured/pellet.f90(16); unstructured/restart_hdf5.f90(3); unstructured/output.f90(2); unstructured/adapt.f90(1); unstructured/diagnostics.f90(1); unstructured/kprad_m3dc1.f90(1),"源码引用 24 处；主要在 `pellet.f90` 16处, `restart_hdf5.f90` 3处, `output.f90` 2处, `adapt.f90` 1处。","unstructured/adapt.f90:97: zp_adapt(j,ip) = pellet_z(ip) + pellet_velz(ip)*(j-1)*p_dt
unstructured/diagnostics.f90:1186: print *, "" Z position: "", pellet_z(ip)*l0_norm
unstructured/kprad_m3dc1.f90:810: y_vals = y_vals + pellet_z(1)
unstructured/output.f90:432: call output_1dextendarr(pel_group_id, ""pellet_z"", pellet_z, npellets, ntime, error)
unstructured/output.f90:457: call output_scalar(scalar_group_id, ""pellet_z"", pellet_z(1), ntime, error)
unstructured/pellet.f90:65: allocate(pellet_z(npellets))
unstructured/pellet.f90:79: pellet_z(1) = pellet_z_scl
unstructured/pellet.f90:93: call read_ascii_column(pellet_filename, pellet_z, npellets, icol=3)
unstructured/pellet.f90:204: *exp(-((r-pellet_r(ip))**2 + (z-pellet_z(ip))**2) &
unstructured/pellet.f90:218: + (z - pellet_z(ip))**2) / (2.*pellet_var(ip)**2))"
pellet_rate,pellet_rate_scl,&inputnl,Sources/Sinks,real,0.,29,unstructured/pellet.f90(14); unstructured/newpar.f90(3); unstructured/transport.f90(3); unstructured/init_common.f90(2); unstructured/kprad_m3dc1.f90(2); unstructured/output.f90(2); unstructured/restart_hdf5.f90(2); unstructured/diagnostics.f90(1),"源码引用 29 处；主要在 `pellet.f90` 14处, `newpar.f90` 3处, `transport.f90` 3处, `init_common.f90` 2处。","unstructured/diagnostics.f90:1178: print *, "" particles injected = "", pellet_rate(ip)*dt*(n0_norm*l0_norm**3)
unstructured/init_common.f90:375: rate = pellet_rate(ip)
unstructured/init_common.f90:430: rate = pellet_rate(ip)
unstructured/kprad_m3dc1.f90:203: pellet_rate(ip)*pellet_distribution(ip, x_79, phi_79, z_79, p, 1, izone)
unstructured/kprad_m3dc1.f90:579: source(:,0) = source(:,0) + pellet_rate(ip)*pellet_distribution(ip, x_79, phi_79, z_79, p, 1, izone)
unstructured/newpar.f90:429: print *, "" "", pellet_rate(ip), totden, n_control%p, &
unstructured/newpar.f90:432: call control(totden, pellet_rate(ip), n_control, dt) ! ???
unstructured/newpar.f90:439: print *, "" "", pellet_rate(ip), totden, n_control%p, &
unstructured/output.f90:433: call output_1dextendarr(pel_group_id, ""pellet_rate"", pellet_rate, npellets, ntime, error)
unstructured/output.f90:465: call output_scalar(scalar_group_id, ""pellet_rate"", pellet_rate(1), ntime, error)"
pellet_var,pellet_var_scl,&inputnl,Sources/Sinks,real,1.,36,unstructured/pellet.f90(29); unstructured/output.f90(2); unstructured/restart_hdf5.f90(2); unstructured/transport.f90(2); unstructured/input.f90(1),"源码引用 36 处；主要在 `pellet.f90` 29处, `output.f90` 2处, `restart_hdf5.f90` 2处, `transport.f90` 2处。","unstructured/input.f90:940: ""1 = use fixed input pellet_var when ipellet_abl=1"", source_grp)
unstructured/output.f90:435: call output_1dextendarr(pel_group_id, ""pellet_var"", pellet_var, npellets, ntime, error)
unstructured/output.f90:463: call output_scalar(scalar_group_id, ""pellet_var"", pellet_var(1), ntime, error)
unstructured/pellet.f90:67: allocate(pellet_var(npellets))
unstructured/pellet.f90:81: pellet_var(1) = pellet_var_scl
unstructured/pellet.f90:95: call read_ascii_column(pellet_filename, pellet_var, npellets, icol=5)
unstructured/pellet.f90:126: pellet_var = cloud_pel*r_p
unstructured/pellet.f90:131: where(pellet_var_tor.le.0) pellet_var_tor = pellet_var/pellet_r
unstructured/pellet.f90:133: where(pellet_var_tor.le.0) pellet_var_tor = pellet_var
unstructured/pellet.f90:203: (sqrt(twopi)**3*pellet_var(ip)**2*pellet_var_tor(ip)) &"
pellet_var_tor,pellet_var_tor_scl,&inputnl,Sources/Sinks,real,0.,13,unstructured/pellet.f90(11); unstructured/output.f90(1); unstructured/restart_hdf5.f90(1),"源码引用 13 处；主要在 `pellet.f90` 11处, `output.f90` 1处, `restart_hdf5.f90` 1处。","unstructured/output.f90:436: call output_1dextendarr(pel_group_id, ""pellet_var_tor"", pellet_var_tor, npellets, ntime, error)
unstructured/pellet.f90:68: allocate(pellet_var_tor(npellets))
unstructured/pellet.f90:82: pellet_var_tor(1) = pellet_var_tor_scl
unstructured/pellet.f90:96: call read_ascii_column(pellet_filename, pellet_var_tor, npellets, icol=6)
unstructured/pellet.f90:131: where(pellet_var_tor.le.0) pellet_var_tor = pellet_var/pellet_r
unstructured/pellet.f90:133: where(pellet_var_tor.le.0) pellet_var_tor = pellet_var
unstructured/pellet.f90:203: (sqrt(twopi)**3*pellet_var(ip)**2*pellet_var_tor(ip)) &
unstructured/pellet.f90:207: /(2.*pellet_var_tor(ip)**2))
unstructured/pellet.f90:243: (sqrt(twopi)**3*pellet_var(ip)**2*pellet_var_tor(ip)) &
unstructured/pellet.f90:246: gamma = pellet_var_tor(ip)/sqrt(r*pellet_r(ip))"
pellet_velr,pellet_velr_scl,&inputnl,Sources/Sinks,real,0.,11,unstructured/pellet.f90(5); unstructured/restart_hdf5.f90(4); unstructured/output.f90(2),"源码引用 11 处；主要在 `pellet.f90` 5处, `restart_hdf5.f90` 4处, `output.f90` 2处。","unstructured/output.f90:437: call output_1dextendarr(pel_group_id, ""pellet_velr"", pellet_velr, npellets, ntime, error)
unstructured/output.f90:458: call output_scalar(scalar_group_id, ""pellet_velr"", pellet_velr(1), ntime, error)
unstructured/pellet.f90:69: allocate(pellet_velr(npellets))
unstructured/pellet.f90:83: pellet_velr(1) = pellet_velr_scl
unstructured/pellet.f90:97: call read_ascii_column(pellet_filename, pellet_velr, npellets, icol=7)
unstructured/pellet.f90:138: pellet_vx = pellet_velr*cos(pellet_phi) - pellet_velphi*sin(pellet_phi)
unstructured/pellet.f90:139: pellet_vy = pellet_velr*sin(pellet_phi) + pellet_velphi*cos(pellet_phi)
unstructured/restart_hdf5.f90:181: call read_scalar(scalar_group_id, ""pellet_velx"", pellet_velr(1), ntime, error)
unstructured/restart_hdf5.f90:183: call read_scalar(scalar_group_id, ""pellet_velr"", pellet_velr(1), ntime, error)
unstructured/restart_hdf5.f90:208: call read_1dextendarr(pel_group_id, ""pellet_velr"", pellet_velr, npellets, ntime, error)"
pellet_velphi,pellet_velphi_scl,&inputnl,Sources/Sinks,real,0.,10,unstructured/pellet.f90(5); unstructured/restart_hdf5.f90(3); unstructured/output.f90(2),"源码引用 10 处；主要在 `pellet.f90` 5处, `restart_hdf5.f90` 3处, `output.f90` 2处。","unstructured/output.f90:438: call output_1dextendarr(pel_group_id, ""pellet_velphi"", pellet_velphi, npellets, ntime, error)
unstructured/output.f90:459: call output_scalar(scalar_group_id, ""pellet_velphi"", pellet_velphi(1), ntime, error)
unstructured/pellet.f90:70: allocate(pellet_velphi(npellets))
unstructured/pellet.f90:84: pellet_velphi(1) = pellet_velphi_scl
unstructured/pellet.f90:98: call read_ascii_column(pellet_filename, pellet_velphi, npellets, icol=8)
unstructured/pellet.f90:138: pellet_vx = pellet_velr*cos(pellet_phi) - pellet_velphi*sin(pellet_phi)
unstructured/pellet.f90:139: pellet_vy = pellet_velr*sin(pellet_phi) + pellet_velphi*cos(pellet_phi)
unstructured/restart_hdf5.f90:185: call read_scalar(scalar_group_id, ""pellet_velphi"", pellet_velphi(1), ntime, error)
unstructured/restart_hdf5.f90:209: call read_1dextendarr(pel_group_id, ""pellet_velphi"", pellet_velphi, npellets, ntime, error)
unstructured/restart_hdf5.f90:233: call read_1dextendarr(pel_group_id, ""pellet_velphi"", pellet_velphi, npellets, ntime, error)"
pellet_velz,pellet_velz_scl,&inputnl,Sources/Sinks,real,0.,14,unstructured/pellet.f90(7); unstructured/restart_hdf5.f90(3); unstructured/adapt.f90(2); unstructured/output.f90(2),"源码引用 14 处；主要在 `pellet.f90` 7处, `restart_hdf5.f90` 3处, `adapt.f90` 2处, `output.f90` 2处。","unstructured/adapt.f90:84: p_v = sqrt(pellet_vx(ip)**2 + pellet_vy(ip)**2 + pellet_velz(ip)**2)
unstructured/adapt.f90:97: zp_adapt(j,ip) = pellet_z(ip) + pellet_velz(ip)*(j-1)*p_dt
unstructured/output.f90:439: call output_1dextendarr(pel_group_id, ""pellet_velz"", pellet_velz, npellets, ntime, error)
unstructured/output.f90:460: call output_scalar(scalar_group_id, ""pellet_velz"", pellet_velz(1), ntime, error)
unstructured/pellet.f90:71: allocate(pellet_velz(npellets))
unstructured/pellet.f90:85: pellet_velz(1) = pellet_velz_scl
unstructured/pellet.f90:99: call read_ascii_column(pellet_filename, pellet_velz, npellets, icol=9)
unstructured/pellet.f90:329: pellet_velz(j) = 0.
unstructured/pellet.f90:349: pellet_velz(j) = 0.
unstructured/pellet.f90:368: where((pellet_vx**2 + pellet_vy**2 + pellet_velz**2).gt.0.)"
ipellet_abl,ipellet_abl,&inputnl,Sources/Sinks,integer,0,20,unstructured/pellet.f90(10); unstructured/diagnostics.f90(5); unstructured/transport.f90(2); unstructured/input.f90(1); unstructured/output.f90(1); unstructured/time_step.f90(1),"源码引用 20 处；主要在 `pellet.f90` 10处, `diagnostics.f90` 5处, `transport.f90` 2处, `input.f90` 1处。","unstructured/diagnostics.f90:258: if(ipellet_abl.gt.0) then
unstructured/diagnostics.f90:478: if(ipellet_abl.gt.0) then
unstructured/diagnostics.f90:1017: if(ipellet_abl.gt.0) then
unstructured/diagnostics.f90:1126: if(ipellet_abl.gt.0) call calculate_ablation
unstructured/diagnostics.f90:1173: if(ipellet_abl.gt.0) then
unstructured/input.f90:940: ""1 = use fixed input pellet_var when ipellet_abl=1"", source_grp)
unstructured/output.f90:271: call write_int_attr (root_id, ""ipellet_abl"", ipellet_abl,error)
unstructured/pellet.f90:125: if((ipellet_abl.gt.0).and.(ipellet_fixed_dep.eq.0)) then
unstructured/pellet.f90:385: if((ipellet_abl.gt.0).and.(ipellet_fixed_dep.eq.0)) then
unstructured/pellet.f90:455: select case(ipellet_abl)"
ipellet_fixed_dep,ipellet_fixed_dep,&inputnl,Sources/Sinks,integer,0,2,unstructured/pellet.f90(2),源码引用 2 处；主要在 `pellet.f90` 2处。,"unstructured/pellet.f90:125: if((ipellet_abl.gt.0).and.(ipellet_fixed_dep.eq.0)) then
unstructured/pellet.f90:385: if((ipellet_abl.gt.0).and.(ipellet_fixed_dep.eq.0)) then"
r_p,r_p_scl,&inputnl,Sources/Sinks,real,1.e-3,34,unstructured/pellet.f90(25); unstructured/restart_hdf5.f90(3); unstructured/diagnostics.f90(2); unstructured/output.f90(2); m3dc1_scorec/src/Expression.cc(2),"源码引用 34 处；主要在 `pellet.f90` 25处, `restart_hdf5.f90` 3处, `diagnostics.f90` 2处, `output.f90` 2处。","unstructured/diagnostics.f90:1019: if((pellet_state(ip).eq.1).and.(r_p(ip).ge.1e-8)) then
unstructured/diagnostics.f90:1179: print *, "" radius (in cm) = "", r_p(ip)*l0_norm
unstructured/output.f90:442: call output_1dextendarr(pel_group_id, ""r_p"", r_p, npellets, ntime, error)
unstructured/output.f90:464: call output_scalar(scalar_group_id, ""r_p"", r_p(1), ntime, error)
unstructured/pellet.f90:72: allocate(r_p(npellets))
unstructured/pellet.f90:86: r_p(1) = r_p_scl
unstructured/pellet.f90:100: call read_ascii_column(pellet_filename, r_p, npellets, icol=10)
unstructured/pellet.f90:126: pellet_var = cloud_pel*r_p
unstructured/pellet.f90:386: pellet_var = cloud_pel*r_p
unstructured/pellet.f90:428: if((r_p(ip)*l0_norm).lt.1e-8 .or. &"
cloud_pel,cloud_pel_scl,&inputnl,Sources/Sinks,real,1.,7,unstructured/pellet.f90(5); unstructured/output.f90(1); unstructured/restart_hdf5.f90(1),"源码引用 7 处；主要在 `pellet.f90` 5处, `output.f90` 1处, `restart_hdf5.f90` 1处。","unstructured/output.f90:443: call output_1dextendarr(pel_group_id, ""cloud_pel"", cloud_pel, npellets, ntime, error)
unstructured/pellet.f90:73: allocate(cloud_pel(npellets))
unstructured/pellet.f90:87: cloud_pel(1) = cloud_pel_scl
unstructured/pellet.f90:101: call read_ascii_column(pellet_filename, cloud_pel, npellets, icol=11)
unstructured/pellet.f90:126: pellet_var = cloud_pel*r_p
unstructured/pellet.f90:386: pellet_var = cloud_pel*r_p
unstructured/restart_hdf5.f90:216: call read_1dextendarr(pel_group_id, ""cloud_pel"", cloud_pel, npellets, ntime, error)"
pellet_mix,pellet_mix_scl,&inputnl,Sources/Sinks,real,0.,27,unstructured/pellet.f90(17); unstructured/init_common.f90(4); unstructured/transport.f90(3); unstructured/input.f90(1); unstructured/output.f90(1); unstructured/restart_hdf5.f90(1),"源码引用 27 处；主要在 `pellet.f90` 17处, `init_common.f90` 4处, `transport.f90` 3处, `input.f90` 1处。","unstructured/init_common.f90:262: if(ipellet_z.ne.0 .and. all(pellet_mix.eq.0.)) return
unstructured/init_common.f90:374: if(pellet_mix(ip).eq.0.) then
unstructured/init_common.f90:412: if(ipellet_z.ne.0 .and. all(pellet_mix.eq.0.)) return
unstructured/init_common.f90:429: if(pellet_mix(ip).eq.0) then
unstructured/input.f90:1846: .and. (ipellet_z.eq.0 .or. any(pellet_mix.gt.0.))
unstructured/output.f90:444: call output_1dextendarr(pel_group_id, ""pellet_mix"", pellet_mix, npellets, ntime, error)
unstructured/pellet.f90:74: allocate(pellet_mix(npellets))
unstructured/pellet.f90:88: pellet_mix(1) = pellet_mix_scl
unstructured/pellet.f90:102: call read_ascii_column(pellet_filename, pellet_mix, npellets, icol=12)
unstructured/pellet.f90:493: if(pellet_mix(ip).gt.0) then"
temin_abl,temin_abl,&inputnl,Sources/Sinks,real,0.,1,unstructured/pellet.f90(1),源码引用 1 处；主要在 `pellet.f90` 1处。,unstructured/pellet.f90:427: temin_eV = temin_abl*p0_norm/(1.6022e-12*n0_norm)
cauchy_fraction,cauchy_fraction_scl,&inputnl,Sources/Sinks,real,0.,7,unstructured/pellet.f90(5); unstructured/output.f90(1); unstructured/restart_hdf5.f90(1),"源码引用 7 处；主要在 `pellet.f90` 5处, `output.f90` 1处, `restart_hdf5.f90` 1处。","unstructured/output.f90:446: call output_1dextendarr(pel_group_id, ""cauchy_fraction"", cauchy_fraction, npellets, ntime, error)
unstructured/pellet.f90:75: allocate(cauchy_fraction(npellets))
unstructured/pellet.f90:89: cauchy_fraction(1) = cauchy_fraction_scl
unstructured/pellet.f90:103: call read_ascii_column(pellet_filename, cauchy_fraction, npellets, icol=13)
unstructured/pellet.f90:248: ((1.-cauchy_fraction(ip))*exp(-(1.-cos(phi-pellet_phi(ip)))/gamma**2) + &
unstructured/pellet.f90:249: cauchy_fraction(ip)*(cosh(gamma) - cos(pellet_phi(ip)))/(cosh(gamma) - cos(phi-pellet_phi(ip))))
unstructured/restart_hdf5.f90:219: call read_1dextendarr(pel_group_id, ""cauchy_fraction"",cauchy_fraction, npellets, ntime, error)"
abl_fac,abl_fac,&inputnl,Sources/Sinks,real,1.,3,unstructured/pellet.f90(3),源码引用 3 处；主要在 `pellet.f90` 3处。,"unstructured/pellet.f90:592: pellet_rate(ip) = pellet_rate(ip)*abl_fac
unstructured/pellet.f90:593: pellet_rate_D2(ip) = pellet_rate_D2(ip)*abl_fac
unstructured/pellet.f90:594: rpdot(ip) = rpdot(ip)*abl_fac"
ibeam,ibeam,&inputnl,Sources/Sinks,integer,0,9,unstructured/input.f90(5); unstructured/transport.f90(4),"源码引用 9 处；主要在 `input.f90` 5处, `transport.f90` 4处。","unstructured/input.f90:1662: .or. idenfloor.gt.0 .or. ibeam.eq.1 &
unstructured/input.f90:1663: .or. ibeam.eq.2 .or. iread_particlesource.eq.1 &
unstructured/input.f90:1666: (ibeam.eq.1 .or. ibeam.eq.4 .or. ibeam.eq.5)
unstructured/input.f90:1669: (ibeam.ge.1 .and. ibeam.le.4) .or. &
unstructured/input.f90:1840: if(ibeam.ge.1) call neutral_beam_init
unstructured/transport.f90:356: if(ibeam.eq.1 .or. ibeam.eq.2) then
unstructured/transport.f90:470: if(ibeam.eq.1 .or. ibeam.eq.4 .or. ibeam.eq.5) then
unstructured/transport.f90:630: if(ibeam.ge.1 .and. ibeam.le.4) then
unstructured/transport.f90:1698: if(ibeam.ge.1) def_fields = def_fields + FIELD_V"
beam_x,beam_x,&inputnl,Sources/Sinks,real,0.,1,unstructured/neutral_beam.f90(1),源码引用 1 处；主要在 `neutral_beam.f90` 1处。,unstructured/neutral_beam.f90:28: nb_r = beam_x/(l0_norm/100.)
beam_z,beam_z,&inputnl,Sources/Sinks,real,0.,1,unstructured/neutral_beam.f90(1),源码引用 1 处；主要在 `neutral_beam.f90` 1处。,unstructured/neutral_beam.f90:29: nb_z = beam_z/(l0_norm/100.)
beam_v,beam_v,&inputnl,Sources/Sinks,real,1.e4,3,unstructured/neutral_beam.f90(2); unstructured/mackenbach_profiles.f90(1),"源码引用 3 处；主要在 `neutral_beam.f90` 2处, `mackenbach_profiles.f90` 1处。","unstructured/mackenbach_profiles.f90:550: print *, ""beam_v ="", 1e6
unstructured/neutral_beam.f90:31: nb_v = sqrt(2.*beam_zeff*e_c*(abs(beam_v)*1.e8/c_light)/(ion_mass*m_p)) &
unstructured/neutral_beam.f90:33: if(beam_v.lt.0.) nb_v = -nb_v"
beam_rate,beam_rate,&inputnl,Sources/Sinks,real,0.,2,unstructured/mackenbach_profiles.f90(1); unstructured/neutral_beam.f90(1),"源码引用 2 处；主要在 `mackenbach_profiles.f90` 1处, `neutral_beam.f90` 1处。","unstructured/mackenbach_profiles.f90:551: print *, ""beam_rate = "", F0*2.718e21
unstructured/neutral_beam.f90:27: nb_n = beam_rate*t0_norm/(n0_norm*l0_norm**3)"
beam_dr,beam_dr,&inputnl,Sources/Sinks,real,0.1,2,unstructured/mackenbach_profiles.f90(1); unstructured/neutral_beam.f90(1),"源码引用 2 处；主要在 `mackenbach_profiles.f90` 1处, `neutral_beam.f90` 1处。","unstructured/mackenbach_profiles.f90:552: print *, ""beam_dr = "", 0.2
unstructured/neutral_beam.f90:30: nb_dr = beam_dr/(l0_norm/100.)"
beam_dv,beam_dv,&inputnl,Sources/Sinks,real,100.,1,unstructured/neutral_beam.f90(1),源码引用 1 处；主要在 `neutral_beam.f90` 1处。,unstructured/neutral_beam.f90:34: nb_dv =sqrt(2.*beam_zeff*e_c*(beam_dv*1.e8/c_light)/(ion_mass*m_p))/v0_norm
beam_fracpar,beam_fracpar,&inputnl,Sources/Sinks,real,1.0,1,unstructured/transport.f90(1),源码引用 1 处；主要在 `transport.f90` 1处。,"unstructured/transport.f90:472: temp = temp + nb_v*beam_fracpar*intx2(mu79(:,:,OP_1),temp79a)"
icd_source,icd_source,&inputnl,Sources/Sinks,integer,0,16,unstructured/transport.f90(5); unstructured/adapt.f90(2); unstructured/ludef_t.f90(2); unstructured/ludef_t_gpu.f90(2); unstructured/newpar.f90(2); unstructured/output.f90(2); unstructured/m3dc1_nint.f90(1),"源码引用 16 处；主要在 `transport.f90` 5处, `adapt.f90` 2处, `ludef_t.f90` 2处, `ludef_t_gpu.f90` 2处。","unstructured/adapt.f90:363: if(icd_source.gt.0) cd_field = 0.
unstructured/adapt.f90:559: if(icd_source.gt.0) cd_field = 0.
unstructured/ludef_t.f90:2699: if(icd_source.gt.0) then
unstructured/ludef_t.f90:4971: if(icd_source.gt.0) def_fields = def_fields + FIELD_CD
unstructured/ludef_t_gpu.f90:3109: if(icd_source.gt.0) then
unstructured/ludef_t_gpu.f90:5631: if(icd_source.gt.0) def_fields = def_fields + FIELD_CD
unstructured/m3dc1_nint.f90:1619: .and. icd_source.gt.0) then
unstructured/newpar.f90:1365: if(icd_source.gt.0) call create_field(cd_field, ""cd"")
unstructured/newpar.f90:1424: if(icd_source.gt.0) call create_field(cd_field)
unstructured/output.f90:1380: if(icd_source.gt.0) then"
J_0cd,j_0cd,&inputnl,Sources/Sinks,real,0.,2,unstructured/transport.f90(2),源码引用 2 处；主要在 `transport.f90` 2处。,"unstructured/transport.f90:940: temp79a(j) = J_0cd * exp( -(x_79(j)-R_0cd)**2/w_cd**2 &
unstructured/transport.f90:950: temp79a = J_0cd/sqrt(2.*pi*w_cd**2) &"
R_0cd,r_0cd,&inputnl,Sources/Sinks,real,0.,1,unstructured/transport.f90(1),源码引用 1 处；主要在 `transport.f90` 1处。,unstructured/transport.f90:940: temp79a(j) = J_0cd * exp( -(x_79(j)-R_0cd)**2/w_cd**2 &
Z_0cd,z_0cd,&inputnl,Sources/Sinks,real,0.,1,unstructured/transport.f90(1),源码引用 1 处；主要在 `transport.f90` 1处。,unstructured/transport.f90:941: - (z_79(j)-Z_0cd)**2/w_cd**2 ) - delta_cd
W_cd,w_cd,&inputnl,Sources/Sinks,real,0.,4,unstructured/transport.f90(4),源码引用 4 处；主要在 `transport.f90` 4处。,"unstructured/transport.f90:940: temp79a(j) = J_0cd * exp( -(x_79(j)-R_0cd)**2/w_cd**2 &
unstructured/transport.f90:941: - (z_79(j)-Z_0cd)**2/w_cd**2 ) - delta_cd
unstructured/transport.f90:950: temp79a = J_0cd/sqrt(2.*pi*w_cd**2) &
unstructured/transport.f90:951: *exp(-(temp79b - delta_cd)**2/(2.*w_cd**2))"
delta_cd,delta_cd,&inputnl,Sources/Sinks,real,0.,2,unstructured/transport.f90(2),源码引用 2 处；主要在 `transport.f90` 2处。,"unstructured/transport.f90:941: - (z_79(j)-Z_0cd)**2/w_cd**2 ) - delta_cd
unstructured/transport.f90:951: *exp(-(temp79b - delta_cd)**2/(2.*w_cd**2))"
ipforce,ipforce,&inputnl,Sources/Sinks,integer,0,22,unstructured/ludef_t.f90(5); unstructured/transport.f90(5); unstructured/adapt.f90(4); unstructured/newpar.f90(4); unstructured/output.f90(2); unstructured/ludef_t_gpu.f90(1); unstructured/m3dc1_nint.f90(1),"源码引用 22 处；主要在 `ludef_t.f90` 5处, `transport.f90` 5处, `adapt.f90` 4处, `newpar.f90` 4处。","unstructured/adapt.f90:351: if(ipforce.gt.0) pforce_field = 0.
unstructured/adapt.f90:352: if(ipforce.gt.0) pmach_field = 0.
unstructured/adapt.f90:547: if(ipforce.gt.0) pforce_field = 0.
unstructured/adapt.f90:548: if(ipforce.gt.0) pmach_field = 0.
unstructured/ludef_t.f90:514: if(gyro.eq.1 .or. amupar.ne.0 .or. ipforce.ge.1) then
unstructured/ludef_t.f90:581: if(ipforce.ge.1) then
unstructured/ludef_t.f90:1723: if(gyro.eq.1 .or. amupar.gt.0. .or. ipforce.ge.1) then
unstructured/ludef_t.f90:1788: if(ipforce.ge.1) then
unstructured/ludef_t.f90:4969: if(ipforce.gt.0) def_fields = def_fields + FIELD_PF
unstructured/ludef_t_gpu.f90:5629: if(ipforce.gt.0) def_fields = def_fields + FIELD_PF"
dforce,dforce,&inputnl,Sources/Sinks,real,0.,1,unstructured/transport.f90(1),源码引用 1 处；主要在 `transport.f90` 1处。,unstructured/transport.f90:501: * dforce**2/((temp79a(j) - xforce)**2 + dforce**2)
xforce,xforce,&inputnl,Sources/Sinks,real,0.,1,unstructured/transport.f90(1),源码引用 1 处；主要在 `transport.f90` 1处。,unstructured/transport.f90:501: * dforce**2/((temp79a(j) - xforce)**2 + dforce**2)
nforce,nforce,&inputnl,Sources/Sinks,integer,0,1,unstructured/transport.f90(1),源码引用 1 处；主要在 `transport.f90` 1处。,unstructured/transport.f90:500: temp79b(j) = aforce*(1.-temp79a(j))**nforce &
aforce,aforce,&inputnl,Sources/Sinks,real,0.,2,unstructured/transport.f90(2),源码引用 2 处；主要在 `transport.f90` 2处。,"unstructured/transport.f90:500: temp79b(j) = aforce*(1.-temp79a(j))**nforce &
unstructured/transport.f90:516: temp79e = aforce*temp79b**2*nt79(:,OP_1)*cos(temp79c/2.)/temp79d"
igaussian_heat_source,igaussian_heat_source,&inputnl,Sources/Sinks,integer,0,2,unstructured/input.f90(1); unstructured/transport.f90(1),"源码引用 2 处；主要在 `input.f90` 1处, `transport.f90` 1处。","unstructured/input.f90:1668: (igaussian_heat_source.eq.1 .or. &
unstructured/transport.f90:599: if(igaussian_heat_source.eq.1) then"
ghs_x,ghs_x,&inputnl,Sources/Sinks,real,0.,3,unstructured/transport.f90(3),源码引用 3 处；主要在 `transport.f90` 3处。,"unstructured/transport.f90:602: *exp(-((xl_79 - ghs_x)**2 + (zl_79 - ghs_z)**2) &
unstructured/transport.f90:606: *exp(-((x_79 - ghs_x)**2 + (z_79 - ghs_z)**2) &
unstructured/transport.f90:613: -2.*r_79*ghs_x*(1.-cos(phi_79 - ghs_phi)) &"
ghs_z,ghs_z,&inputnl,Sources/Sinks,real,0.,2,unstructured/transport.f90(2),源码引用 2 处；主要在 `transport.f90` 2处。,"unstructured/transport.f90:602: *exp(-((xl_79 - ghs_x)**2 + (zl_79 - ghs_z)**2) &
unstructured/transport.f90:606: *exp(-((x_79 - ghs_x)**2 + (z_79 - ghs_z)**2) &"
ghs_phi,ghs_phi,&inputnl,Sources/Sinks,real,0.,4,unstructured/transport.f90(4),源码引用 4 处；主要在 `transport.f90` 4处。,"unstructured/transport.f90:613: -2.*r_79*ghs_x*(1.-cos(phi_79 - ghs_phi)) &
unstructured/transport.f90:618: (exp(-(phi_79-ghs_phi)**2/(2.*ghs_var_tor**2)) &
unstructured/transport.f90:619: +exp(-(phi_79-ghs_phi+toroidal_period)**2/(2.*ghs_var_tor**2)) &
unstructured/transport.f90:620: +exp(-(phi_79-ghs_phi-toroidal_period)**2/(2.*ghs_var_tor**2))) &"
ghs_rate,ghs_rate,&inputnl,Sources/Sinks,real,0.,3,unstructured/transport.f90(3),源码引用 3 处；主要在 `transport.f90` 3处。,"unstructured/transport.f90:601: temp79a = ri_79*ghs_rate/(2.*pi*ghs_var**2) &
unstructured/transport.f90:605: temp79a = ri_79*ghs_rate/(2.*pi*ghs_var**2) &
unstructured/transport.f90:645: yvals = yvals * ghs_rate"
ghs_var,ghs_var,&inputnl,Sources/Sinks,real,1.,4,unstructured/transport.f90(4),源码引用 4 处；主要在 `transport.f90` 4处。,"unstructured/transport.f90:601: temp79a = ri_79*ghs_rate/(2.*pi*ghs_var**2) &
unstructured/transport.f90:603: /(2.*ghs_var**2))
unstructured/transport.f90:605: temp79a = ri_79*ghs_rate/(2.*pi*ghs_var**2) &
unstructured/transport.f90:607: /(2.*ghs_var**2))"
ghs_var_tor,ghs_var_tor,&inputnl,Sources/Sinks,real,0.,7,unstructured/transport.f90(7),源码引用 7 处；主要在 `transport.f90` 7处。,"unstructured/transport.f90:610: if(ghs_var_tor .gt. 0) then
unstructured/transport.f90:614: /(2.*ghs_var_tor**2)) &
unstructured/transport.f90:615: / (sqrt(2.*pi)*ghs_var_tor)
unstructured/transport.f90:618: (exp(-(phi_79-ghs_phi)**2/(2.*ghs_var_tor**2)) &
unstructured/transport.f90:619: +exp(-(phi_79-ghs_phi+toroidal_period)**2/(2.*ghs_var_tor**2)) &
unstructured/transport.f90:620: +exp(-(phi_79-ghs_phi-toroidal_period)**2/(2.*ghs_var_tor**2))) &
unstructured/transport.f90:621: / (sqrt(2.*pi)*ghs_var_tor)"
ionization,ionization,&inputnl,Sources/Sinks,integer,0,6,unstructured/input.f90(4); unstructured/diagnostics.f90(1); unstructured/transport.f90(1),"源码引用 6 处；主要在 `input.f90` 4处, `diagnostics.f90` 1处, `transport.f90` 1处。","unstructured/diagnostics.f90:1170: print *, "" Ionization loss = "", ionrad
unstructured/input.f90:286: ""Use maximum value of dt for KPRAD ionization"", kprad_grp)
unstructured/input.f90:288: ""Specify maximum value of dt for KPRAD ionization"", kprad_grp)
unstructured/input.f90:290: ""Internally evolve ne and Te within KPRAD ionization"", kprad_grp)
unstructured/input.f90:1661: (ionization.ge.1 .or. isink.gt.0 &
unstructured/transport.f90:339: if(ionization.eq.1) then"
ionization_rate,ionization_rate,&inputnl,Sources/Sinks,real,0.,1,unstructured/transport.f90(1),源码引用 1 处；主要在 `transport.f90` 1处。,unstructured/transport.f90:351: temp79a = ionization_rate * temp79e * &
coolrate,coolrate,&inputnl,Sources/Sinks,real,0.,6,unstructured/ludef_t.f90(4); unstructured/init_basicq.f90(1); unstructured/transport.f90(1),"源码引用 6 处；主要在 `ludef_t.f90` 4处, `init_basicq.f90` 1处, `transport.f90` 1处。","unstructured/init_basicq.f90:36: coolrate_qp = coolrate
unstructured/ludef_t.f90:3525: ssterm(:,pp_g) = ssterm(:,pp_g) + thimpb *dt*(gam-1.)*coolrate*tempx
unstructured/ludef_t.f90:3526: ddterm(:,pp_g) = ddterm(:,pp_g) - (1.-thimpb*bdf)*dt*(gam-1.)*coolrate*tempx
unstructured/ludef_t.f90:4154: ssterm(:,pp_g) = ssterm(:,pp_g) + thimpb *dt*(gam-1.)*coolrate*tempx
unstructured/ludef_t.f90:4155: ddterm(:,pp_g) = ddterm(:,pp_g) - (1.-thimpb*bdf)*dt*(gam-1.)*coolrate*tempx
unstructured/transport.f90:674: temp79a(j) = pefac*coolrate*(pfunc(rsq)) ! now use new time p in pressure_lin"
ionization_temp,ionization_temp,&inputnl,Sources/Sinks,real,0.01,3,unstructured/transport.f90(3),源码引用 3 处；主要在 `transport.f90` 3处。,"unstructured/transport.f90:343: if(real(temp79d(j)) .gt. ionization_temp) then
unstructured/transport.f90:344: temp79e(j) = exp(-(temp79d(j) - ionization_temp) &
unstructured/transport.f90:352: exp(-ionization_temp / temp79d)"
ionization_depth,ionization_depth,&inputnl,Sources/Sinks,real,0.01,1,unstructured/transport.f90(1),源码引用 1 处；主要在 `transport.f90` 1处。,unstructured/transport.f90:345: / ionization_depth)
isink,isink,&inputnl,Sources/Sinks,integer,0,3,unstructured/transport.f90(2); unstructured/input.f90(1),"源码引用 3 处；主要在 `transport.f90` 2处, `input.f90` 1处。","unstructured/input.f90:1661: (ionization.ge.1 .or. isink.gt.0 &
unstructured/transport.f90:395: if(isink.ge.1) then
unstructured/transport.f90:402: if(isink.ge.2) then"
sink1_x,sink1_x,&inputnl,Sources/Sinks,real,0.,1,unstructured/transport.f90(1),源码引用 1 处；主要在 `transport.f90` 1处。,unstructured/transport.f90:398: *exp(-((x_79 - sink1_x)**2 + (z_79 - sink1_z)**2) &
sink1_z,sink1_z,&inputnl,Sources/Sinks,real,0.,1,unstructured/transport.f90(1),源码引用 1 处；主要在 `transport.f90` 1处。,unstructured/transport.f90:398: *exp(-((x_79 - sink1_x)**2 + (z_79 - sink1_z)**2) &
sink1_rate,sink1_rate,&inputnl,Sources/Sinks,real,0.,1,unstructured/transport.f90(1),源码引用 1 处；主要在 `transport.f90` 1处。,"unstructured/transport.f90:397: - nt79(:,OP_1)*ri_79*sink1_rate/(2.*pi*sink1_var**2) &"
sink1_var,sink1_var,&inputnl,Sources/Sinks,real,1.,2,unstructured/transport.f90(2),源码引用 2 处；主要在 `transport.f90` 2处。,"unstructured/transport.f90:397: - nt79(:,OP_1)*ri_79*sink1_rate/(2.*pi*sink1_var**2) &
unstructured/transport.f90:399: /(2.*sink1_var**2))"
sink2_x,sink2_x,&inputnl,Sources/Sinks,real,0.,1,unstructured/transport.f90(1),源码引用 1 处；主要在 `transport.f90` 1处。,unstructured/transport.f90:405: *exp(-((x_79 - sink2_x)**2 + (z_79 - sink2_z)**2) &
sink2_z,sink2_z,&inputnl,Sources/Sinks,real,0.,1,unstructured/transport.f90(1),源码引用 1 处；主要在 `transport.f90` 1处。,unstructured/transport.f90:405: *exp(-((x_79 - sink2_x)**2 + (z_79 - sink2_z)**2) &
sink2_rate,sink2_rate,&inputnl,Sources/Sinks,real,0.,1,unstructured/transport.f90(1),源码引用 1 处；主要在 `transport.f90` 1处。,"unstructured/transport.f90:404: - nt79(:,OP_1)*ri_79*sink2_rate/(2.*pi*sink2_var**2) &"
sink2_var,sink2_var,&inputnl,Sources/Sinks,real,1.,2,unstructured/transport.f90(2),源码引用 2 处；主要在 `transport.f90` 2处。,"unstructured/transport.f90:404: - nt79(:,OP_1)*ri_79*sink2_rate/(2.*pi*sink2_var**2) &
unstructured/transport.f90:406: /(2.*sink2_var**2))"
iarc_source,iarc_source,&inputnl,Sources/Sinks,integer,0,3,unstructured/transport.f90(2); unstructured/input.f90(1),"源码引用 3 处；主要在 `transport.f90` 2处, `input.f90` 1处。","unstructured/input.f90:1664: .or. iarc_source.ne.0)
unstructured/transport.f90:411: if(iarc_source.eq.1) then
unstructured/transport.f90:1701: if(iarc_source.ne.0) def_fields = def_fields + FIELD_WALL"
arc_source_alpha,arc_source_alpha,&inputnl,Sources/Sinks,real,0.,1,unstructured/transport.f90(1),源码引用 1 处；主要在 `transport.f90` 1处。,unstructured/transport.f90:422: temp79b = arc_source_alpha*temp79a* &
arc_source_eta,arc_source_eta,&inputnl,Sources/Sinks,real,0.01,1,unstructured/transport.f90(1),源码引用 1 处；主要在 `transport.f90` 1处。,"unstructured/transport.f90:423: (wall79(:,OP_1)/arc_source_eta)*exp(-wall79(:,OP_1)/arc_source_eta)"
idenfloor,idenfloor,&inputnl,Sources/Sinks,integer,0,2,unstructured/input.f90(1); unstructured/transport.f90(1),"源码引用 2 处；主要在 `input.f90` 1处, `transport.f90` 1处。","unstructured/input.f90:1662: .or. idenfloor.gt.0 .or. ibeam.eq.1 &
unstructured/transport.f90:431: if(idenfloor.ge.1) then"
alphadenfloor,alphadenfloor,&inputnl,Sources/Sinks,real,0.,1,unstructured/transport.f90(1),源码引用 1 处；主要在 `transport.f90` 1处。,"unstructured/transport.f90:437: temp79a(j) = alphadenfloor*( den_edge - nt79(j,OP_1))"
n_target,n_target,&inputnl,Sources/Sinks,real,1.,1,unstructured/newpar.f90(1),源码引用 1 处；主要在 `newpar.f90` 1处。,unstructured/newpar.f90:520: n_control%target_val = n_target
n_control_p,n_control_p,&inputnl,Sources/Sinks,real,0.,1,unstructured/newpar.f90(1),源码引用 1 处；主要在 `newpar.f90` 1处。,unstructured/newpar.f90:517: n_control%p = n_control_p
n_control_i,n_control_i,&inputnl,Sources/Sinks,real,0.,1,unstructured/newpar.f90(1),源码引用 1 处；主要在 `newpar.f90` 1处。,unstructured/newpar.f90:518: n_control%i = n_control_i
n_control_d,n_control_d,&inputnl,Sources/Sinks,real,0.,1,unstructured/newpar.f90(1),源码引用 1 处；主要在 `newpar.f90` 1处。,unstructured/newpar.f90:519: n_control%d = n_control_d
n_control_type,n_control_type,&inputnl,Sources/Sinks,integer,-1,2,unstructured/newpar.f90(1); unstructured/pellet.f90(1),"源码引用 2 处；主要在 `newpar.f90` 1处, `pellet.f90` 1处。","unstructured/newpar.f90:521: n_control%icontrol_type = n_control_type
unstructured/pellet.f90:185: if((pellet_state(ip).ne.1 .and. n_control_type .eq.-1) &"
iprad,iprad,&inputnl,PRAD Options,integer,0,3,unstructured/input.f90(2); unstructured/transport.f90(1),"源码引用 3 处；主要在 `input.f90` 2处, `transport.f90` 1处。","unstructured/input.f90:1675: (iprad.ne.0 .or. ikprad.ne.0)
unstructured/input.f90:1724: if(iprad.eq.1 .and. myrank.eq.0) then
unstructured/transport.f90:707: if(iprad.eq.1) then"
prad_z,prad_z,&inputnl,PRAD Options,integer,1,4,unstructured/input.f90(3); unstructured/transport.f90(1),"源码引用 4 处；主要在 `input.f90` 3处, `transport.f90` 1处。","unstructured/input.f90:1725: if( (prad_z .ne. 6) .and. (prad_z .ne. 18) .and. (prad_z .ne. 26) ) then
unstructured/input.f90:1727: print *, 'your prad_z =', prad_z
unstructured/input.f90:1728: print *, 'Warning: prad only implemented for prad_z=6,18,26'
unstructured/transport.f90:753: prad_z, temp79c(j), ierr)"
prad_fz,prad_fz,&inputnl,PRAD Options,real,1.,1,unstructured/transport.f90(1),源码引用 1 处；主要在 `transport.f90` 1处。,unstructured/transport.f90:747: temp79d = temp79c*prad_fz
iread_prad,iread_prad,&inputnl,PRAD Options,integer,0,1,unstructured/transport.f90(1),源码引用 1 处；主要在 `transport.f90` 1处。,unstructured/transport.f90:722: if(iread_prad.eq.1) then
ikprad,ikprad,&inputnl,KPRAD Options,integer,0,53,unstructured/auxiliary_fields.f90(15); unstructured/kprad_m3dc1.f90(10); unstructured/input.f90(6); unstructured/output.f90(6); unstructured/transport.f90(6); unstructured/kprad.f90(4); unstructured/diagnostics.f90(2); unstructured/newpar.f90(2),"源码引用 53 处；主要在 `auxiliary_fields.f90` 15处, `kprad_m3dc1.f90` 10处, `input.f90` 6处, `output.f90` 6处。","unstructured/auxiliary_fields.f90:55: if(ikprad.ne.0) call create_field(kprad_totden, ""kprad_totden"")
unstructured/auxiliary_fields.f90:104: if(ikprad.ne.0) call create_field(kprad_totden)
unstructured/auxiliary_fields.f90:162: if(ikprad.ne.0) call destroy_field(kprad_totden)
unstructured/auxiliary_fields.f90:269: if(ikprad.ne.0) then
unstructured/auxiliary_fields.f90:414: if(ikprad.ne.0) then
unstructured/auxiliary_fields.f90:488: if(ikprad.eq.0 .or. linear.eq.1) then
unstructured/auxiliary_fields.f90:519: if(ikprad.ne.0) then
unstructured/auxiliary_fields.f90:560: if(ikprad.ne.0) then
unstructured/auxiliary_fields.f90:581: if(ikprad.ne.0) then
unstructured/auxiliary_fields.f90:601: if(ikprad.ne.0) then"
kprad_z,kprad_z,&inputnl,KPRAD Options,integer,1,54,unstructured/kprad_m3dc1.f90(37); unstructured/auxiliary_fields.f90(5); unstructured/output.f90(4); unstructured/diagnostics.f90(2); unstructured/input.f90(2); unstructured/newpar.f90(2); unstructured/restart_hdf5.f90(2),"源码引用 54 处；主要在 `kprad_m3dc1.f90` 37处, `auxiliary_fields.f90` 5处, `output.f90` 4处, `diagnostics.f90` 2处。","unstructured/auxiliary_fields.f90:270: do i=1, kprad_z
unstructured/auxiliary_fields.f90:415: do i=1, kprad_z
unstructured/auxiliary_fields.f90:520: do i=1, kprad_z
unstructured/auxiliary_fields.f90:625: do i=1, kprad_z
unstructured/auxiliary_fields.f90:655: do i=0, kprad_z
unstructured/diagnostics.f90:994: do i=1, kprad_z
unstructured/diagnostics.f90:2323: do i=1, kprad_z
unstructured/input.f90:1851: (ikprad.ne.0 .and. ipellet_z.ne.kprad_z)) then
unstructured/input.f90:1852: if(myrank.eq.0) print *, 'Error: ipellet_z != kprad_z'
unstructured/kprad_m3dc1.f90:59: call kprad_allocate(kprad_z)"
ikprad_evolve_neutrals,ikprad_evolve_neutrals,&inputnl,KPRAD Options,integer,0,2,unstructured/kprad_m3dc1.f90(2),源码引用 2 处；主要在 `kprad_m3dc1.f90` 2处。,"unstructured/kprad_m3dc1.f90:400: if(ikprad_evolve_neutrals.ge.1) then
unstructured/kprad_m3dc1.f90:426: if(ikprad_evolve_neutrals.eq.2) goto 200"
kprad_fz,kprad_fz,&inputnl,KPRAD Options,real,0.,1,unstructured/kprad_m3dc1.f90(1),源码引用 1 处；主要在 `kprad_m3dc1.f90` 1处。,"unstructured/kprad_m3dc1.f90:197: temp79a = kprad_nz + kprad_fz*nt79(:,OP_1)"
kprad_nz,kprad_nz,&inputnl,KPRAD Options,real,0.,1,unstructured/kprad_m3dc1.f90(1),源码引用 1 处；主要在 `kprad_m3dc1.f90` 1处。,"unstructured/kprad_m3dc1.f90:197: temp79a = kprad_nz + kprad_fz*nt79(:,OP_1)"
iread_lp_source,iread_lp_source,&inputnl,KPRAD Options,integer,0,9,unstructured/kprad_m3dc1.f90(5); unstructured/input.f90(3); unstructured/transport.f90(1),"源码引用 9 处；主要在 `kprad_m3dc1.f90` 5处, `input.f90` 3处, `transport.f90` 1处。","unstructured/input.f90:1841: if(ipellet.ne.0 .or. iread_lp_source.gt.0) then
unstructured/input.f90:1866: if(iread_lp_source.gt.0 .and. npellets.gt.1) then
unstructured/input.f90:1867: if(myrank.eq.0) print *, ""Error: Can't use multiple pellets iread_lp_source""
unstructured/kprad_m3dc1.f90:575: if(ipellet.ge.1 .and. ipellet_z.eq.kprad_z .and. iread_lp_source.eq.0) then
unstructured/kprad_m3dc1.f90:583: if(iread_lp_source.eq.1) then
unstructured/kprad_m3dc1.f90:588: else if (iread_lp_source.eq.2) then
unstructured/kprad_m3dc1.f90:803: if(iread_lp_source.eq.1) then
unstructured/kprad_m3dc1.f90:845: else if(iread_lp_source.eq.2) then
unstructured/transport.f90:2167: if(iread_lp_source.gt.0) then"
ikprad_min_option,ikprad_min_option,&inputnl,KPRAD Options,integer,1,7,unstructured/kprad.f90(5); unstructured/kprad_m3dc1.f90(2),"源码引用 7 处；主要在 `kprad.f90` 5处, `kprad_m3dc1.f90` 2处。","unstructured/kprad.f90:345: if(ikprad_min_option.eq.2 .or. ikprad_min_option.eq.3) then
unstructured/kprad.f90:370: if (ikprad_min_option.eq.2) then
unstructured/kprad.f90:384: if(ikprad_min_option.eq.3) then
unstructured/kprad.f90:429: if(ikprad_min_option.eq.2 .or. ikprad_min_option.eq.3) then
unstructured/kprad.f90:470: if(ikprad_min_option.eq.2 .or. ikprad_min_option.eq.3) then
unstructured/kprad_m3dc1.f90:115: if(ikprad_min_option.eq.2 .or. ikprad_min_option.eq.3) then
unstructured/kprad_m3dc1.f90:603: if (ikprad_min_option.eq.1) then"
kprad_nemin,kprad_nemin,&inputnl,KPRAD Options,real,1e-12,7,unstructured/kprad.f90(5); unstructured/kprad_m3dc1.f90(2),"源码引用 7 处；主要在 `kprad.f90` 5处, `kprad_m3dc1.f90` 2处。","unstructured/kprad.f90:346: where(ne.lt.kprad_nemin .or. te.lt.kprad_temin) sion(:,i) = 0.
unstructured/kprad.f90:371: ne_int = merge(ne, kprad_nemin, ne.ge.kprad_nemin)
unstructured/kprad.f90:385: where(ne.lt.kprad_nemin .or. te.lt.kprad_temin) srec(:,i) = 0.
unstructured/kprad.f90:430: where(ne.lt.kprad_nemin .or. te.lt.kprad_temin) IMP_RAD(:,L) = 0.
unstructured/kprad.f90:471: where(ne.lt.kprad_nemin .or. te.lt.kprad_temin) PBREM = 0.
unstructured/kprad_m3dc1.f90:116: kprad_nemin = kprad_nemin*n0_norm
unstructured/kprad_m3dc1.f90:605: ne.lt.kprad_nemin .or. ne.ne.ne)"
kprad_temin,kprad_temin,&inputnl,KPRAD Options,real,2e-7,7,unstructured/kprad.f90(5); unstructured/kprad_m3dc1.f90(2),"源码引用 7 处；主要在 `kprad.f90` 5处, `kprad_m3dc1.f90` 2处。","unstructured/kprad.f90:346: where(ne.lt.kprad_nemin .or. te.lt.kprad_temin) sion(:,i) = 0.
unstructured/kprad.f90:372: te_int = merge(te, kprad_temin, te.ge.kprad_temin)
unstructured/kprad.f90:385: where(ne.lt.kprad_nemin .or. te.lt.kprad_temin) srec(:,i) = 0.
unstructured/kprad.f90:430: where(ne.lt.kprad_nemin .or. te.lt.kprad_temin) IMP_RAD(:,L) = 0.
unstructured/kprad.f90:471: where(ne.lt.kprad_nemin .or. te.lt.kprad_temin) PBREM = 0.
unstructured/kprad_m3dc1.f90:117: kprad_temin = kprad_temin*p0_norm/n0_norm / 1.6022e-12
unstructured/kprad_m3dc1.f90:604: advance_kprad = .not.(te.lt.kprad_temin .or. te.ne.te .or. &"
ikprad_max_dt,ikprad_max_dt,&inputnl,KPRAD Options,integer,0,1,unstructured/kprad.f90(1),源码引用 1 处；主要在 `kprad.f90` 1处。,unstructured/kprad.f90:177: if(ikprad_max_dt.eq.1) then
kprad_max_dt,kprad_max_dt,&inputnl,KPRAD Options,real,-1.,3,unstructured/kprad.f90(3),源码引用 3 处；主要在 `kprad.f90` 3处。,"unstructured/kprad.f90:179: if(kprad_max_dt.gt.0 .and. kprad_max_dt.lt.dts_max) &
unstructured/kprad.f90:180: dts_max = kprad_max_dt
unstructured/kprad.f90:182: if(kprad_max_dt.gt.0) dts_max = kprad_max_dt"
ikprad_evolve_internal,ikprad_evolve_internal,&inputnl,KPRAD Options,integer,0,4,unstructured/kprad.f90(4),源码引用 4 处；主要在 `kprad.f90` 4处。,"unstructured/kprad.f90:198: if(ikprad_evolve_internal.eq.0) then
unstructured/kprad.f90:231: if(ikprad_evolve_internal.eq.1) then
unstructured/kprad.f90:265: if(ikprad_evolve_internal.eq.1) then
unstructured/kprad.f90:292: if(ikprad_evolve_internal.eq.1) then"
kprad_n0_denm_fac,kprad_n0_denm_fac,&inputnl,KPRAD Options,real,1.,1,unstructured/kprad_m3dc1.f90(1),源码引用 1 处；主要在 `kprad_m3dc1.f90` 1处。,unstructured/kprad_m3dc1.f90:421: * kprad_n0_denm_fac
adas_adf11,adas_adf11,&inputnl,KPRAD Options,character(len=256),"""""",2,unstructured/adas_m3dc1.f90(2),源码引用 2 处；主要在 `adas_m3dc1.f90` 2处。,"unstructured/adas_m3dc1.f90:86: dsname = trim(adas_adf11) // trim(pltname)
unstructured/adas_m3dc1.f90:123: dsname = trim(adas_adf11) // trim(scdname)"
kinetic_fast_ion,kinetic_fast_ion,&inputnl,Particle Simulation Options,integer,1,19,unstructured/particle.f90(6); unstructured/particle_com.f90(5); unstructured/gradshafranov.f90(3); unstructured/init_common.f90(2); unstructured/ludef_t.f90(2); unstructured/m3dc1_nint.f90(1),"源码引用 19 处；主要在 `particle.f90` 6处, `particle_com.f90` 5处, `gradshafranov.f90` 3处, `init_common.f90` 2处。","unstructured/gradshafranov.f90:619: if ((kinetic.eq.1).and.(kinetic_fast_ion.eq.1)) then
unstructured/gradshafranov.f90:652: if ((kinetic.eq.1).and.(kinetic_fast_ion.eq.1)) then
unstructured/gradshafranov.f90:1709: if ((kinetic.eq.1).and.(particle_couple.ge.0).and.(kinetic_fast_ion.eq.1)) then
unstructured/init_common.f90:487: if ((kinetic.eq.1).and.(kinetic_fast_ion.eq.1)) then
unstructured/init_common.f90:691: if ((kinetic.eq.1).and.(particle_couple.ge.0).and.(kinetic_fast_ion.eq.1)) then
unstructured/ludef_t.f90:628: if((particle_couple.ge.0).and.(kinetic_fast_ion .eq. 1)) then
unstructured/ludef_t.f90:1199: if((particle_couple.ge.0).and.(kinetic_fast_ion .eq. 1)) then
unstructured/m3dc1_nint.f90:1747: if (kinetic_fast_ion.eq.1) then
unstructured/particle.f90:330: if (kinetic_fast_ion.eq.1) then
unstructured/particle.f90:648: if ((kinetic_fast_ion.eq.1).and.(fast_ion_dist.eq.0)) then"
kinetic_thermal_ion,kinetic_thermal_ion,&inputnl,Particle Simulation Options,integer,0,28,unstructured/particle.f90(9); unstructured/particle_com.f90(8); unstructured/ludef_t.f90(4); unstructured/gradshafranov.f90(3); unstructured/init_common.f90(2); unstructured/input.f90(1); unstructured/m3dc1_nint.f90(1),"源码引用 28 处；主要在 `particle.f90` 9处, `particle_com.f90` 8处, `ludef_t.f90` 4处, `gradshafranov.f90` 3处。","unstructured/gradshafranov.f90:670: if ((kinetic.eq.1).and.(kinetic_thermal_ion.eq.1)) then
unstructured/gradshafranov.f90:688: if ((kinetic.eq.1).and.(kinetic_thermal_ion.eq.1)) then
unstructured/gradshafranov.f90:1715: if ((kinetic.eq.1).and.(particle_couple.ge.0).and.(kinetic_thermal_ion.eq.1)) then
unstructured/init_common.f90:559: if ((kinetic.eq.1).and.(kinetic_thermal_ion.eq.1)) then
unstructured/init_common.f90:697: if ((kinetic.eq.1).and.(particle_couple.ge.0).and.(kinetic_thermal_ion.eq.1)) then
unstructured/input.f90:1772: if(kinetic_thermal_ion.eq.0) particle_subcycles=1
unstructured/ludef_t.f90:642: if((particle_couple.ge.0).and.(kinetic_thermal_ion .eq. 1)) then
unstructured/ludef_t.f90:1213: if((particle_couple.ge.0).and.(kinetic_thermal_ion .eq. 1)) then
unstructured/ludef_t.f90:1856: if((particle_couple.ge.0).and.(kinetic_thermal_ion .eq. 1)) then
unstructured/ludef_t.f90:5954: if((kinetic.eq.0).or.(kinetic_thermal_ion.eq.0)) then"
igyroaverage,igyroaverage,&inputnl,Particle Simulation Options,integer,0,10,unstructured/particle.f90(5); unstructured/particle_com.f90(5),"源码引用 10 处；主要在 `particle.f90` 5处, `particle_com.f90` 5处。","unstructured/particle.f90:626: gyroaverage_particle = igyroaverage
unstructured/particle.f90:3380: if (igyroaverage.eq.1) then
unstructured/particle.f90:3385: if (igyroaverage.eq.1) then
unstructured/particle.f90:3483: if (igyroaverage.eq.1) then
unstructured/particle.f90:3526: if (igyroaverage.eq.1) then
unstructured/particle_com.f90:613: gyroaverage_particle = igyroaverage
unstructured/particle_com.f90:3356: if (igyroaverage.eq.1) then
unstructured/particle_com.f90:3361: if (igyroaverage.eq.1) then
unstructured/particle_com.f90:3454: if (igyroaverage.eq.1) then
unstructured/particle_com.f90:3487: if (igyroaverage.eq.1) then"
particle_linear,particle_linear,&inputnl,Particle Simulation Options,integer,-1,5,unstructured/particle.f90(2); unstructured/particle_com.f90(2); unstructured/input.f90(1),"源码引用 5 处；主要在 `particle.f90` 2处, `particle_com.f90` 2处, `input.f90` 1处。","unstructured/input.f90:1762: if(particle_linear.eq.-1) particle_linear=linear
unstructured/particle.f90:624: particle_linear_particle = particle_linear
unstructured/particle.f90:3439: if (particle_linear == 1) then
unstructured/particle_com.f90:611: particle_linear_particle = particle_linear
unstructured/particle_com.f90:3415: if (particle_linear == 1) then"
particle_substeps,particle_substeps,&inputnl,Particle Simulation Options,integer,40,8,unstructured/particle.f90(4); unstructured/particle_com.f90(4),"源码引用 8 处；主要在 `particle.f90` 4处, `particle_com.f90` 4处。","unstructured/particle.f90:629: psubsteps_particle = particle_substeps
unstructured/particle.f90:2111: call advance_particles(pdt/particle_substeps/particle_subcycles)
unstructured/particle.f90:2113: write (0, '(A,I7,A,f9.2,A)') 'Particle advance completed', particle_substeps, ' steps in', &
unstructured/particle.f90:3391: if (vspdims .eq. 5) call advancex(xtemp, vtemp, -t0_norm*dt/particle_substeps/2)
unstructured/particle_com.f90:615: psubsteps_particle = particle_substeps
unstructured/particle_com.f90:2028: call advance_particles(pdt/particle_substeps/particle_subcycles)
unstructured/particle_com.f90:2030: write (0, '(A,I7,A,f9.2,A)') 'Particle advance completed', particle_substeps, ' steps in', &
unstructured/particle_com.f90:3367: if (vspdims .eq. 5) call advancex(xtemp, vtemp, -t0_norm*dt/particle_substeps/2)"
particle_subcycles,particle_subcycles,&inputnl,Particle Simulation Options,integer,1,7,unstructured/particle.f90(3); unstructured/particle_com.f90(3); unstructured/input.f90(1),"源码引用 7 处；主要在 `particle.f90` 3处, `particle_com.f90` 3处, `input.f90` 1处。","unstructured/input.f90:1772: if(kinetic_thermal_ion.eq.0) particle_subcycles=1
unstructured/particle.f90:2097: do isubcycle=1,particle_subcycles
unstructured/particle.f90:2111: call advance_particles(pdt/particle_substeps/particle_subcycles)
unstructured/particle.f90:2119: if ((isubcycle==particle_subcycles).and.(mod(ntime - ntime0, ntimepr) == 0)) then
unstructured/particle_com.f90:2014: do isubcycle=1,particle_subcycles
unstructured/particle_com.f90:2028: call advance_particles(pdt/particle_substeps/particle_subcycles)
unstructured/particle_com.f90:2036: if ((isubcycle==particle_subcycles).and.(mod(ntime - ntime0, ntimepr) == 0)) then"
particle_couple,particle_couple,&inputnl,Particle Simulation Options,integer,0,27,unstructured/ludef_t.f90(21); unstructured/gradshafranov.f90(2); unstructured/init_common.f90(2); unstructured/particle.f90(2),"源码引用 27 处；主要在 `ludef_t.f90` 21处, `gradshafranov.f90` 2处, `init_common.f90` 2处, `particle.f90` 2处。","unstructured/gradshafranov.f90:1709: if ((kinetic.eq.1).and.(particle_couple.ge.0).and.(kinetic_fast_ion.eq.1)) then
unstructured/gradshafranov.f90:1715: if ((kinetic.eq.1).and.(particle_couple.ge.0).and.(kinetic_thermal_ion.eq.1)) then
unstructured/init_common.f90:691: if ((kinetic.eq.1).and.(particle_couple.ge.0).and.(kinetic_fast_ion.eq.1)) then
unstructured/init_common.f90:697: if ((kinetic.eq.1).and.(particle_couple.ge.0).and.(kinetic_thermal_ion.eq.1)) then
unstructured/ludef_t.f90:244: if ((particle_couple.eq.1).and.(kinetic.eq.1)) then
unstructured/ludef_t.f90:628: if((particle_couple.ge.0).and.(kinetic_fast_ion .eq. 1)) then
unstructured/ludef_t.f90:630: (1-particle_couple)*v1pbb(trialx,pfper79,b2i79(:,OP_1)) & !parallel term
unstructured/ludef_t.f90:634: (1-particle_couple)*v1pbb(trialx,pfpar79-pfper79,b2i79(:,OP_1))&
unstructured/ludef_t.f90:642: if((particle_couple.ge.0).and.(kinetic_thermal_ion .eq. 1)) then
unstructured/ludef_t.f90:644: (1-particle_couple)*v1pbb(trialx,piper79,b2i79(:,OP_1)) & !parallel term"
particle_nodelete,particle_nodelete,&inputnl,Particle Simulation Options,integer,0,2,unstructured/particle.f90(1); unstructured/particle_com.f90(1),"源码引用 2 处；主要在 `particle.f90` 1处, `particle_com.f90` 1处。","unstructured/particle.f90:2024: if (particle_nodelete.eq.0) then
unstructured/particle_com.f90:1944: if (particle_nodelete.eq.0) then"
iconst_f0,iconst_f0,&inputnl,Particle Simulation Options,integer,0,2,unstructured/particle.f90(1); unstructured/particle_com.f90(1),"源码引用 2 处；主要在 `particle.f90` 1处, `particle_com.f90` 1处。","unstructured/particle.f90:628: iconst_f0_particle = iconst_f0
unstructured/particle_com.f90:614: iconst_f0_particle = iconst_f0"
ifullf,ifullf,&inputnl,Particle Simulation Options,integer,0,6,unstructured/particle.f90(5); unstructured/input.f90(1),"源码引用 6 处；主要在 `particle.f90` 5处, `input.f90` 1处。","unstructured/input.f90:1764: if(eqsubtract.eq.0) ifullf=1
unstructured/particle.f90:627: ifullf_particle = ifullf
unstructured/particle.f90:3466: if (ifullf.eq.0) then
unstructured/particle.f90:3488: if (ifullf.eq.0) then
unstructured/particle.f90:3509: if (ifullf.eq.0) then
unstructured/particle.f90:3531: if (ifullf.eq.0) then"
fast_ion_mass,fast_ion_mass,&inputnl,Particle Simulation Options,real,0.,6,unstructured/gradshafranov.f90(3); unstructured/input.f90(1); unstructured/particle.f90(1); unstructured/particle_com.f90(1),"源码引用 6 处；主要在 `gradshafranov.f90` 3处, `input.f90` 1处, `particle.f90` 1处, `particle_com.f90` 1处。","unstructured/gradshafranov.f90:1601: crit_v=sqrt(2*tf2*1.6e-19/fast_ion_mass/m_p)
unstructured/gradshafranov.f90:1602: max_v=sqrt(2*fast_ion_max_energy*1.6e-19/fast_ion_mass/m_p)
unstructured/gradshafranov.f90:1607: temp79a(i) =tf*(norm_1-norm_2)/dnorm*fast_ion_mass*m_p/3.0&
unstructured/input.f90:1768: if(fast_ion_mass.eq.0) fast_ion_mass=ion_mass
unstructured/particle.f90:364: m_ion(2) = fast_ion_mass * m_proton !Ion mass in kg
unstructured/particle_com.f90:357: m_ion(2) = fast_ion_mass * m_proton !Ion mass in kg"
fast_ion_z,fast_ion_z,&inputnl,Particle Simulation Options,real,0.,3,unstructured/input.f90(1); unstructured/particle.f90(1); unstructured/particle_com.f90(1),"源码引用 3 处；主要在 `input.f90` 1处, `particle.f90` 1处, `particle_com.f90` 1处。","unstructured/input.f90:1770: if(fast_ion_z.eq.0) fast_ion_z=z_ion
unstructured/particle.f90:368: q_ion(2) = fast_ion_z*e_mks !fishbone
unstructured/particle_com.f90:361: q_ion(2) = fast_ion_z*e_mks !fishbone"
fast_ion_dist,fast_ion_dist,&inputnl,Particle Simulation Options,integer,1,18,unstructured/particle.f90(8); unstructured/particle_com.f90(8); unstructured/gradshafranov.f90(1); unstructured/init_common.f90(1),"源码引用 18 处；主要在 `particle.f90` 8处, `particle_com.f90` 8处, `gradshafranov.f90` 1处, `init_common.f90` 1处。","unstructured/gradshafranov.f90:1598: if ((fast_ion_dist==1).or.(fast_ion_dist==0)) then
unstructured/init_common.f90:549: if (fast_ion_dist==1) then
unstructured/particle.f90:631: fast_ion_dist_particle = fast_ion_dist
unstructured/particle.f90:648: if ((kinetic_fast_ion.eq.1).and.(fast_ion_dist.eq.0)) then
unstructured/particle.f90:813: elseif (fast_ion_dist.eq.0) then
unstructured/particle.f90:886: if ((sps.eq.1).or.(fast_ion_dist.eq.1)) then
unstructured/particle.f90:896: elseif (fast_ion_dist.eq.2) then
unstructured/particle.f90:904: elseif (fast_ion_dist.eq.0) then
unstructured/particle.f90:1036: if ((kinetic_fast_ion.eq.1).and.(fast_ion_dist.eq.0)) then
unstructured/particle.f90:1061: if ((kinetic_fast_ion.eq.1).and.(fast_ion_dist.eq.0)) then"
fast_ion_max_energy,fast_ion_max_energy,&inputnl,Particle Simulation Options,real,1000.,5,unstructured/particle.f90(2); unstructured/particle_com.f90(2); unstructured/gradshafranov.f90(1),"源码引用 5 处；主要在 `particle.f90` 2处, `particle_com.f90` 2处, `gradshafranov.f90` 1处。","unstructured/gradshafranov.f90:1602: max_v=sqrt(2*fast_ion_max_energy*1.6e-19/fast_ion_mass/m_p)
unstructured/particle.f90:632: fast_ion_max_energy_particle = fast_ion_max_energy
unstructured/particle.f90:899: y1 = (exp(ran_temp*log((fast_ion_max_energy/T00)**(1.5)+1)) - 1.)**(1./3.)
unstructured/particle_com.f90:618: fast_ion_max_energy_particle = fast_ion_max_energy
unstructured/particle_com.f90:849: y1 = (exp(ran_temp*log((fast_ion_max_energy/T00)**(1.5)+1)) - 1.)**(1./3.)"
num_par_max,num_par_max,&inputnl,Particle Simulation Options,integer,4000000,11,unstructured/particle.f90(6); unstructured/particle_com.f90(5),"源码引用 11 处；主要在 `particle.f90` 6处, `particle_com.f90` 5处。","unstructured/particle.f90:595: arraysize = num_par_max
unstructured/particle.f90:601: CALL C_F_POINTER(baseptr, pdata, [num_par_max])
unstructured/particle.f90:699: allocate (pdata_local(num_par_max/maxrank*10))
unstructured/particle.f90:770: npar_fac=0.95*num_par_max/npar_temp_sum*num_par_scale(sps)
unstructured/particle.f90:819: npar_local=int(num_par_max*area*(dot_product(elfieldcoefs(itri)%rst,geomterms%g)/R_axis)/(di/di_axis)&
unstructured/particle.f90:822: npar_local = int(num_par_max*area*(x_max + x_min)/2.*f_mesh*2/nplanes*npar_fac)!fullf
unstructured/particle_com.f90:582: arraysize = num_par_max
unstructured/particle_com.f90:588: CALL C_F_POINTER(baseptr, pdata, [num_par_max])
unstructured/particle_com.f90:669: allocate (pdata_local(num_par_max/maxrank*10))
unstructured/particle_com.f90:777: npar_local=int(num_par_max*area*(dot_product(elfieldcoefs(itri)%rst,geomterms%g)/R_axis)/(di/di_axis)&"
num_par_scale,num_par_scale,&inputnl,Particle Simulation Options,real array,1.,2,unstructured/particle.f90(1); unstructured/particle_com.f90(1),"源码引用 2 处；主要在 `particle.f90` 1处, `particle_com.f90` 1处。","unstructured/particle.f90:770: npar_fac=0.95*num_par_max/npar_temp_sum*num_par_scale(sps)
unstructured/particle_com.f90:731: npar_fac=0.95/npar_ratio*num_par_scale(sps)"
kinetic_nrmfac_scale,kinetic_nrmfac_scale,&inputnl,Particle Simulation Options,real array,1.,4,unstructured/particle.f90(2); unstructured/particle_com.f90(2),"源码引用 4 处；主要在 `particle.f90` 2处, `particle_com.f90` 2处。","unstructured/particle.f90:341: nrmfac = nrmfac*kinetic_nrmfac_scale
unstructured/particle.f90:3746: call write_vec_attr(part_root_id, ""particle nrmfac"", nrmfac/kinetic_nrmfac_scale, 2, ierr)
unstructured/particle_com.f90:339: nrmfac = nrmfac*kinetic_nrmfac_scale
unstructured/particle_com.f90:3703: call write_vec_attr(part_root_id, ""particle nrmfac"", nrmfac/kinetic_nrmfac_scale, 2, ierr)"
ikinetic_vpar,ikinetic_vpar,&inputnl,Particle Simulation Options,integer,0,2,unstructured/particle.f90(1); unstructured/particle_com.f90(1),"源码引用 2 处；主要在 `particle.f90` 1处, `particle_com.f90` 1处。","unstructured/particle.f90:4308: if (ikinetic_vpar.eq.1) then
unstructured/particle_com.f90:4246: if (ikinetic_vpar.eq.1) then"
kinetic_rhomax,kinetic_rhomax,&inputnl,Particle Simulation Options,real,1.,2,unstructured/particle.f90(1); unstructured/particle_com.f90(1),"源码引用 2 处；主要在 `particle.f90` 1处, `particle_com.f90` 1处。","unstructured/particle.f90:633: kinetic_rhomax_particle = kinetic_rhomax
unstructured/particle_com.f90:619: kinetic_rhomax_particle = kinetic_rhomax"
vpar_reduce,vpar_reduce,&inputnl,Particle Simulation Options,real,0.,6,unstructured/particle.f90(3); unstructured/particle_com.f90(3),"源码引用 6 处；主要在 `particle.f90` 3处, `particle_com.f90` 3处。","unstructured/particle.f90:4309: temp79a= (vpar_reduce)*temp79c*(1*vipar79(:,OP_1)+1*(1*vfpar79(:,OP_1)-vfpar079(:,OP_1)*nf79(:,OP_1)))&
unstructured/particle.f90:4314: -vpar_reduce*temp79c*temp79b
unstructured/particle.f90:4316: temp79a=-vpar_reduce*temp79b
unstructured/particle_com.f90:4247: temp79a= (vpar_reduce)*temp79c*(1*vipar79(:,OP_1)+1*(1*vfpar79(:,OP_1)-vfpar079(:,OP_1)*nf79(:,OP_1)))&
unstructured/particle_com.f90:4252: -vpar_reduce*temp79c*temp79b
unstructured/particle_com.f90:4254: temp79a=-vpar_reduce*temp79b"
idiamagnetic_advection,idiamagnetic_advection,&inputnl,Particle Simulation Options,integer,0,9,unstructured/ludef_t.f90(7); unstructured/m3dc1_nint.f90(1); unstructured/particle.f90(1),"源码引用 9 处；主要在 `ludef_t.f90` 7处, `m3dc1_nint.f90` 1处, `particle.f90` 1处。","unstructured/ludef_t.f90:181: if (idiamagnetic_advection.eq.1) then
unstructured/ludef_t.f90:198: if (idiamagnetic_advection.eq.1) then
unstructured/ludef_t.f90:214: if (idiamagnetic_advection.eq.1) then
unstructured/ludef_t.f90:826: if (idiamagnetic_advection.eq.1) then
unstructured/ludef_t.f90:1410: if (idiamagnetic_advection.eq.1) then
unstructured/ludef_t.f90:1425: if (idiamagnetic_advection.eq.1) then
unstructured/ludef_t.f90:1439: if (idiamagnetic_advection.eq.1) then
unstructured/m3dc1_nint.f90:1796: if (idiamagnetic_advection.eq.1) then
unstructured/particle.f90:345: if (idiamagnetic_advection.eq.1) call set_diamagnetic_velocity"
imode_filter,imode_filter,&inputnl,Particle Simulation Options,integer,0,3,unstructured/particle.f90(3),源码引用 3 处；主要在 `particle.f90` 3处。,"unstructured/particle.f90:4648: do i = 1, abs(imode_filter)
unstructured/particle.f90:4716: if (imode_filter<0) then
unstructured/particle.f90:4754: if (imode_filter.eq.0) return"
mode_filter_ntor,mode_filter_ntor,&inputnl,Particle Simulation Options,integer array,0,1,unstructured/particle.f90(1),源码引用 1 处；主要在 `particle.f90` 1处。,unstructured/particle.f90:4649: ntor_i = mode_filter_ntor(i)
smooth_par,smooth_par,&inputnl,Particle Simulation Options,real,1.e-8,4,unstructured/particle.f90(2); unstructured/particle_com.f90(2),"源码引用 4 处；主要在 `particle.f90` 2处, `particle_com.f90` 2处。","unstructured/particle.f90:1094: temp79a(:) = smooth_par
unstructured/particle.f90:1101: tempxx = tempxx + smooth_par*intxx3(mu79(:, :, OP_DPP), nu79(:, :, OP_DPP), ri4_79)
unstructured/particle_com.f90:1069: tempxx = tempxx + smooth_par*(intxx2(mu79(:, :, OP_DZZ), nu79(:, :, OP_DZZ)) + intxx2(mu79(:, :, OP_DRR), nu79(:, :, OP_DRR)))
unstructured/particle_com.f90:1071: tempxx = tempxx + smooth_par*intxx3(mu79(:, :, OP_DPP), nu79(:, :, OP_DPP), ri4_79)"
smooth_dens_parallel,smooth_dens_parallel,&inputnl,Particle Simulation Options,real,0.,2,unstructured/particle.f90(1); unstructured/particle_com.f90(1),"源码引用 2 处；主要在 `particle.f90` 1处, `particle_com.f90` 1处。","unstructured/particle.f90:1116: tempxx = tempxx + smooth_dens_parallel*(&
unstructured/particle_com.f90:1086: tempxx = tempxx + smooth_dens_parallel*(&"
xray_detector_enabled,xray_detector_enabled,&inputnl,Diagnostics,integer,0,5,unstructured/output.f90(3); unstructured/auxiliary_fields.f90(2),"源码引用 5 处；主要在 `output.f90` 3处, `auxiliary_fields.f90` 2处。","unstructured/auxiliary_fields.f90:948: if(xray_detector_enabled.eq.1) then
unstructured/auxiliary_fields.f90:1151: if(xray_detector_enabled.eq.1) then
unstructured/output.f90:561: if(xray_detector_enabled.eq.1) then
unstructured/output.f90:1384: if(xray_detector_enabled.eq.1) then
unstructured/output.f90:1700: if(xray_detector_enabled.eq.1) then"
xray_r0,xray_r0,&inputnl,Diagnostics,real,0.,2,unstructured/auxiliary_fields.f90(1); unstructured/diagnostics.f90(1),"源码引用 2 处；主要在 `auxiliary_fields.f90` 1处, `diagnostics.f90` 1处。","unstructured/auxiliary_fields.f90:949: call get_chord_mask(xray_r0, xray_phi0*pi/180., xray_z0, &
unstructured/diagnostics.f90:1116: call get_chord_mask(xray_r0, xray_phi0*pi/180., xray_z0, &"
xray_phi0,xray_phi0,&inputnl,Diagnostics,real,0.,2,unstructured/auxiliary_fields.f90(1); unstructured/diagnostics.f90(1),"源码引用 2 处；主要在 `auxiliary_fields.f90` 1处, `diagnostics.f90` 1处。","unstructured/auxiliary_fields.f90:949: call get_chord_mask(xray_r0, xray_phi0*pi/180., xray_z0, &
unstructured/diagnostics.f90:1116: call get_chord_mask(xray_r0, xray_phi0*pi/180., xray_z0, &"
xray_z0,xray_z0,&inputnl,Diagnostics,real,0.,2,unstructured/auxiliary_fields.f90(1); unstructured/diagnostics.f90(1),"源码引用 2 处；主要在 `auxiliary_fields.f90` 1处, `diagnostics.f90` 1处。","unstructured/auxiliary_fields.f90:949: call get_chord_mask(xray_r0, xray_phi0*pi/180., xray_z0, &
unstructured/diagnostics.f90:1116: call get_chord_mask(xray_r0, xray_phi0*pi/180., xray_z0, &"
xray_theta,xray_theta,&inputnl,Diagnostics,real,0.,2,unstructured/auxiliary_fields.f90(1); unstructured/diagnostics.f90(1),"源码引用 2 处；主要在 `auxiliary_fields.f90` 1处, `diagnostics.f90` 1处。","unstructured/auxiliary_fields.f90:951: xray_theta*pi/180., xray_sigma*pi/180., temp79a)
unstructured/diagnostics.f90:1118: xray_theta*pi/180., xray_sigma*pi/180., temp79a)"
xray_sigma,xray_sigma,&inputnl,Diagnostics,real,1.,2,unstructured/auxiliary_fields.f90(1); unstructured/diagnostics.f90(1),"源码引用 2 处；主要在 `auxiliary_fields.f90` 1处, `diagnostics.f90` 1处。","unstructured/auxiliary_fields.f90:951: xray_theta*pi/180., xray_sigma*pi/180., temp79a)
unstructured/diagnostics.f90:1118: xray_theta*pi/180., xray_sigma*pi/180., temp79a)"
imag_probes,imag_probes,&inputnl,Diagnostics,integer,0,7,unstructured/output.f90(6); unstructured/diagnostics.f90(1),"源码引用 7 处；主要在 `output.f90` 6处, `diagnostics.f90` 1处。","unstructured/diagnostics.f90:3396: do i=1, imag_probes
unstructured/output.f90:310: call write_int_attr (root_id, ""imag_probes"", imag_probes, error)
unstructured/output.f90:400: if(imag_probes.ne.0) call h5gcreate_f(root_id, ""mag_probes"", mp_group_id, error)
unstructured/output.f90:406: if(imag_probes.ne.0) call h5gopen_f(root_id, ""mag_probes"", mp_group_id, error)
unstructured/output.f90:596: if(imag_probes.ne.0) then
unstructured/output.f90:597: call output_1dextendarr(mp_group_id, ""value"", mag_probe_val, imag_probes, &
unstructured/output.f90:607: if(imag_probes.ne.0) call h5gclose_f(mp_group_id, error)"
mag_probe_x,mag_probe_x,&inputnl,Diagnostics,real array,0.,5,unstructured/diagnostics.f90(5),源码引用 5 处；主要在 `diagnostics.f90` 5处。,"unstructured/diagnostics.f90:3400: r = mag_probe_x(i)
unstructured/diagnostics.f90:3408: call evaluate(mag_probe_x(i),mag_probe_phi(i),mag_probe_z(i), &
unstructured/diagnostics.f90:3421: call evaluate(mag_probe_x(i),mag_probe_phi(i),mag_probe_z(i), &
unstructured/diagnostics.f90:3438: call evaluate(mag_probe_x(i),mag_probe_phi(i),mag_probe_z(i), &
unstructured/diagnostics.f90:3442: call evaluate(mag_probe_x(i),mag_probe_phi(i),mag_probe_z(i), &"
mag_probe_phi,mag_probe_phi,&inputnl,Diagnostics,real array,0.,4,unstructured/diagnostics.f90(4),源码引用 4 处；主要在 `diagnostics.f90` 4处。,"unstructured/diagnostics.f90:3408: call evaluate(mag_probe_x(i),mag_probe_phi(i),mag_probe_z(i), &
unstructured/diagnostics.f90:3421: call evaluate(mag_probe_x(i),mag_probe_phi(i),mag_probe_z(i), &
unstructured/diagnostics.f90:3438: call evaluate(mag_probe_x(i),mag_probe_phi(i),mag_probe_z(i), &
unstructured/diagnostics.f90:3442: call evaluate(mag_probe_x(i),mag_probe_phi(i),mag_probe_z(i), &"
mag_probe_z,mag_probe_z,&inputnl,Diagnostics,real array,0.,4,unstructured/diagnostics.f90(4),源码引用 4 处；主要在 `diagnostics.f90` 4处。,"unstructured/diagnostics.f90:3408: call evaluate(mag_probe_x(i),mag_probe_phi(i),mag_probe_z(i), &
unstructured/diagnostics.f90:3421: call evaluate(mag_probe_x(i),mag_probe_phi(i),mag_probe_z(i), &
unstructured/diagnostics.f90:3438: call evaluate(mag_probe_x(i),mag_probe_phi(i),mag_probe_z(i), &
unstructured/diagnostics.f90:3442: call evaluate(mag_probe_x(i),mag_probe_phi(i),mag_probe_z(i), &"
mag_probe_nx,mag_probe_nx,&inputnl,Diagnostics,real array,0.,3,unstructured/diagnostics.f90(3),源码引用 3 处；主要在 `diagnostics.f90` 3处。,"unstructured/diagnostics.f90:3406: if(mag_probe_nx(i).ne.0. .or. mag_probe_nz(i).ne.0.) then
unstructured/diagnostics.f90:3416: - mag_probe_nx(i)*val(OP_DZ) / r &
unstructured/diagnostics.f90:3429: + mag_probe_nx(i)*val(OP_DRP) &"
mag_probe_nphi,mag_probe_nphi,&inputnl,Diagnostics,real array,0.,3,unstructured/diagnostics.f90(3),源码引用 3 处；主要在 `diagnostics.f90` 3处。,"unstructured/diagnostics.f90:3435: if(mag_probe_nphi(i).ne.0.) then
unstructured/diagnostics.f90:3451: mag_probe_val(i) = mag_probe_val(i) + mag_probe_nphi(i)*val(OP_1)
unstructured/diagnostics.f90:3453: mag_probe_val(i) = mag_probe_val(i) + mag_probe_nphi(i)*val(OP_1)*r"
mag_probe_nz,mag_probe_nz,&inputnl,Diagnostics,real array,0.,3,unstructured/diagnostics.f90(3),源码引用 3 处；主要在 `diagnostics.f90` 3处。,"unstructured/diagnostics.f90:3406: if(mag_probe_nx(i).ne.0. .or. mag_probe_nz(i).ne.0.) then
unstructured/diagnostics.f90:3417: + mag_probe_nz(i)*val(OP_DR) / r
unstructured/diagnostics.f90:3430: + mag_probe_nz(i)*val(OP_DZP)"
iflux_loops,iflux_loops,&inputnl,Diagnostics,integer,0,7,unstructured/output.f90(6); unstructured/diagnostics.f90(1),"源码引用 7 处；主要在 `output.f90` 6处, `diagnostics.f90` 1处。","unstructured/diagnostics.f90:3468: do i=1, iflux_loops
unstructured/output.f90:311: call write_int_attr (root_id, ""iflux_loops"", iflux_loops, error)
unstructured/output.f90:401: if(iflux_loops.ne.0) call h5gcreate_f(root_id, ""flux_loops"", fl_group_id, error)
unstructured/output.f90:407: if(iflux_loops.ne.0) call h5gopen_f(root_id, ""flux_loops"", fl_group_id, error)
unstructured/output.f90:601: if(iflux_loops.ne.0) then
unstructured/output.f90:602: call output_1dextendarr(fl_group_id, ""value"", flux_loop_val, iflux_loops, &
unstructured/output.f90:608: if(iflux_loops.ne.0) call h5gclose_f(fl_group_id, error)"
flux_loop_x,flux_loop_x,&inputnl,Diagnostics,real array,0.,1,unstructured/diagnostics.f90(1),源码引用 1 处；主要在 `diagnostics.f90` 1处。,"unstructured/diagnostics.f90:3469: call phi_int(flux_loop_x(i),flux_loop_z(i),flux_loop_val(i),psi_field(1), &"
flux_loop_z,flux_loop_z,&inputnl,Diagnostics,real array,0.,1,unstructured/diagnostics.f90(1),源码引用 1 处；主要在 `diagnostics.f90` 1处。,"unstructured/diagnostics.f90:3469: call phi_int(flux_loop_x(i),flux_loop_z(i),flux_loop_val(i),psi_field(1), &"
ifixed_temax,ifixed_temax,&inputnl,Diagnostics,integer,0,3,unstructured/newpar.f90(3),源码引用 3 处；主要在 `newpar.f90` 3处。,"unstructured/newpar.f90:770: if(ifixed_temax .eq. 0) then
unstructured/newpar.f90:789: if(ifixed_temax .eq. 0) then
unstructured/newpar.f90:802: if(ifixed_temax .eq. 0) then"
iprint,iprint,&inputnl,Output,integer,0,465,unstructured/gradshafranov.f90(64); unstructured/newpar.f90(50); unstructured/diagnostics.f90(41); unstructured/transport.f90(32); unstructured/m3dc1_nint.f90(29); unstructured/time_step_split.f90(27); unstructured/output.f90(24); unstructured/kprad_m3dc1.f90(22),"源码引用 465 处；主要在 `gradshafranov.f90` 64处, `newpar.f90` 50处, `diagnostics.f90` 41处, `transport.f90` 32处。","unstructured/adapt.f90:296: if(myrank.eq.0 .and. iprint.ge.2) print *, "" transport coefficients""
unstructured/adapt.f90:394: if(myrank.eq.0 .and. iprint.ge.2) print *, "" transport coefficients""
unstructured/adapt.f90:590: if(myrank.eq.0 .and. iprint.ge.2) print *, "" transport coefficients""
unstructured/auxiliary_fields.f90:222: if(myrank.eq.0 .and. iprint.ge.1) print *, ' Calculating pressures'
unstructured/auxiliary_fields.f90:316: if(myrank.eq.0 .and. iprint.ge.1) &
unstructured/auxiliary_fields.f90:345: if(myrank.eq.0 .and. iprint.ge.1) print *, ' Calculating Temperatures'
unstructured/auxiliary_fields.f90:456: if(myrank.eq.0 .and. iprint.ge.1) &
unstructured/auxiliary_fields.f90:486: if(myrank.eq.0 .and. iprint.ge.1) print *, ' Calculating electron density'
unstructured/auxiliary_fields.f90:542: if(myrank.eq.0 .and. iprint.ge.1) &
unstructured/auxiliary_fields.f90:688: if(myrank.eq.0 .and. iprint.ge.1) print *, ' Calculating diagnostic fields'"
ntimepr,ntimepr,&inputnl,Output,integer,1,6,unstructured/input.f90(2); unstructured/newpar.f90(1); unstructured/output.f90(1); unstructured/particle.f90(1); unstructured/particle_com.f90(1),"源码引用 6 处；主要在 `input.f90` 2处, `newpar.f90` 1处, `output.f90` 1处, `particle.f90` 1处。","unstructured/input.f90:1595: if(ntimepr.lt.1) ntimepr = 1
unstructured/input.f90:1596: if(ntimers.le.0) ntimers = ntimepr
unstructured/newpar.f90:459: if(mod(ntime-ntime0,ntimepr).eq.0) then
unstructured/output.f90:138: if((mod(ntime-ntime0,ntimepr).eq.0) .or. timeout_flag.eq.1 .or. gamma_converged_flag.eq.1) then
unstructured/particle.f90:2119: if ((isubcycle==particle_subcycles).and.(mod(ntime - ntime0, ntimepr) == 0)) then
unstructured/particle_com.f90:2036: if ((isubcycle==particle_subcycles).and.(mod(ntime - ntime0, ntimepr) == 0)) then"
ntimers,ntimers,&inputnl,Output,integer,0,1,unstructured/input.f90(1),源码引用 1 处；主要在 `input.f90` 1处。,unstructured/input.f90:1596: if(ntimers.le.0) ntimers = ntimepr
ifout,ifout,&inputnl,Output,integer,-1,7,unstructured/output.f90(4); unstructured/input.f90(1); unstructured/newpar.f90(1); unstructured/newvar.f90(1),"源码引用 7 处；主要在 `output.f90` 4处, `input.f90` 1处, `newpar.f90` 1处, `newvar.f90` 1处。","unstructured/input.f90:1472: if(ifout.eq.-1) ifout = i3d
unstructured/newpar.f90:851: if((i3d.eq.1 .or. ifout.eq.1) .and. numvar.ge.2) then
unstructured/newvar.f90:99: if((i3d.eq.1 .or. ifout.eq.1) .and. numvar.ge.2) then
unstructured/output.f90:1120: if(ifout.eq.1) then
unstructured/output.f90:1148: if(ifout.eq.1) then
unstructured/output.f90:1476: if(ifout.eq.1) then
unstructured/output.f90:1485: if(ifout.eq.1) then"
icalc_scalars,icalc_scalars,&inputnl,Output,integer,1,2,unstructured/input.f90(1); unstructured/newpar.f90(1),"源码引用 2 处；主要在 `input.f90` 1处, `newpar.f90` 1处。","unstructured/input.f90:1520: if(icalc_scalars.eq.0) then
unstructured/newpar.f90:895: if(icalc_scalars.eq.1 .and. ilin.eq.1) then"
ike_only,ike_only,&inputnl,Output,integer,0,2,unstructured/diagnostics.f90(2),源码引用 2 处；主要在 `diagnostics.f90` 2处。,"unstructured/diagnostics.f90:774: if(ike_only.eq.1) then
unstructured/diagnostics.f90:913: if(ike_only.eq.1) cycle"
ike_harmonics,ike_harmonics,&inputnl,Output,integer,0,3,unstructured/diagnostics.f90(2); unstructured/output.f90(1),"源码引用 3 处；主要在 `diagnostics.f90` 2处, `output.f90` 1处。","unstructured/diagnostics.f90:1150: if(ike_harmonics .gt. 0) call calculate_ke()
unstructured/diagnostics.f90:2389: NMAX = ike_harmonics
unstructured/output.f90:101: if(ike_harmonics .gt. 0) call hdf5_write_keharmonics(ier)"
ibh_harmonics,ibh_harmonics,&inputnl,Output,integer,0,6,unstructured/input.f90(3); unstructured/diagnostics.f90(2); unstructured/output.f90(1),"源码引用 6 处；主要在 `input.f90` 3处, `diagnostics.f90` 2处, `output.f90` 1处。","unstructured/diagnostics.f90:1151: if(ibh_harmonics .gt. 0) call calculate_bh()
unstructured/diagnostics.f90:2755: BNMAX = ibh_harmonics
unstructured/input.f90:1833: if(ihypeta .gt. ibh_harmonics) then
unstructured/input.f90:1834: if(myrank.eq.0) print *, 'Error: ihypeta > ibh_harmonics', &
unstructured/input.f90:1835: ihypeta, ibh_harmonics
unstructured/output.f90:102: if(ibh_harmonics .gt. 0) call hdf5_write_bharmonics(ier)"
irestart,irestart,&inputnl,Output,integer,0,26,unstructured/output.f90(11); unstructured/newpar.f90(4); unstructured/adapt.f90(3); unstructured/hdf5_output.f90(2); unstructured/particle.f90(2); unstructured/particle_com.f90(2); unstructured/restart_hdf5.f90(1); unstructured/runaway_advection.f90(1),"源码引用 26 处；主要在 `output.f90` 11处, `newpar.f90` 4处, `adapt.f90` 3处, `hdf5_output.f90` 2处。","unstructured/adapt.f90:277: if(irestart .ne. 0) return
unstructured/adapt.f90:340: if(irestart .ne. 0 .or. linear .eq. 0) return
unstructured/adapt.f90:538: if(irestart .ne. 0 .or. linear .eq. 0) return
unstructured/hdf5_output.f90:969: if(irestart.ne.0 .and. version_in.lt.32) then
unstructured/hdf5_output.f90:1041: if(irestart.ne.0 .and. version_in.lt.32) then
unstructured/newpar.f90:224: select case (irestart)
unstructured/newpar.f90:271: if(irestart.ne.0) then
unstructured/newpar.f90:287: if(irestart.eq.0) then
unstructured/newpar.f90:342: if(irestart.eq.0 .or. iadapt.gt.0) then
unstructured/output.f90:24: call hdf5_initialize(irestart.ne.0, ier)"
itimer,itimer,&inputnl,Output,integer,0,77,unstructured/time_step_split.f90(31); unstructured/time_step.f90(12); unstructured/newpar.f90(9); unstructured/ludef_t.f90(7); unstructured/ludef_t_gpu.f90(7); unstructured/output.f90(7); unstructured/gradshafranov.f90(2); unstructured/time_step_unsplit.f90(2),"源码引用 77 处；主要在 `time_step_split.f90` 31处, `time_step.f90` 12处, `newpar.f90` 9处, `ludef_t.f90` 7处。","unstructured/gradshafranov.f90:104: if(myrank.eq.0 .and. itimer.eq.1) call second(tstart)
unstructured/gradshafranov.f90:106: if(myrank.eq.0 .and. itimer.eq.1) then
unstructured/ludef_t.f90:5010: if(myrank.eq.0 .and. itimer.eq.1) call second(tstart)
unstructured/ludef_t.f90:5021: if(myrank.eq.0 .and. itimer.eq.1) then
unstructured/ludef_t.f90:5027: if(myrank.eq.0 .and. itimer.eq.1) call second(tstart)
unstructured/ludef_t.f90:5033: if(myrank.eq.0 .and. itimer.eq.1) then
unstructured/ludef_t.f90:5044: if(myrank.eq.0 .and. itimer.eq.1) call second(tstart)
unstructured/ludef_t.f90:5056: if(myrank.eq.0 .and. itimer.eq.1) then
unstructured/ludef_t.f90:5061: if(myrank.eq.0 .and. itimer.eq.1 .and. iprint.ge.1) then
unstructured/ludef_t_gpu.f90:5666: if(myrank.eq.0 .and. itimer.eq.1) call second(tstart)"
iwrite_transport_coeffs,iwrite_transport_coeffs,&inputnl,Output,integer,1,2,unstructured/output.f90(2),源码引用 2 处；主要在 `output.f90` 2处。,"unstructured/output.f90:1262: if(iwrite_transport_coeffs.eq.1 .and. &
unstructured/output.f90:1555: if(iwrite_transport_coeffs.eq.1 .and. &"
iwrite_aux_vars,iwrite_aux_vars,&inputnl,Output,integer,1,4,unstructured/output.f90(3); unstructured/newpar.f90(1),"源码引用 4 处；主要在 `output.f90` 3处, `newpar.f90` 1处。","unstructured/newpar.f90:303: if(iwrite_aux_vars.eq.1) call calculate_auxiliary_fields(0)
unstructured/output.f90:139: if(iwrite_aux_vars.eq.1) then
unstructured/output.f90:1304: if(iwrite_aux_vars.eq.1) then
unstructured/output.f90:1604: if(iwrite_aux_vars.eq.1) then"
iwrite_adjacency,iwrite_adjacency,&inputnl,Output,integer,1,1,unstructured/output.f90(1),源码引用 1 处；主要在 `output.f90` 1处。,unstructured/output.f90:891: if(iwrite_adjacency.eq.1) then
iwrite_quad_points,iwrite_quad_points,&inputnl,Output,integer,0,2,unstructured/output.f90(2),源码引用 2 处；主要在 `output.f90` 2处。,"unstructured/output.f90:874: if(iwrite_quad_points.eq.1) then
unstructured/output.f90:901: if(iwrite_quad_points.eq.1) then"
itemp_plot,itemp_plot,&inputnl,Output,integer,0,10,unstructured/auxiliary_fields.f90(8); unstructured/output.f90(2),"源码引用 10 处；主要在 `auxiliary_fields.f90` 8处, `output.f90` 2处。","unstructured/auxiliary_fields.f90:63: if(itemp_plot.eq.1) then
unstructured/auxiliary_fields.f90:112: if(itemp_plot.eq.1) then
unstructured/auxiliary_fields.f90:170: if(itemp_plot.eq.1) then
unstructured/auxiliary_fields.f90:711: if(itemp_plot.eq.1) then
unstructured/auxiliary_fields.f90:745: if(heat_source .and. itemp_plot.eq.1) def_fields = def_fields + FIELD_Q
unstructured/auxiliary_fields.f90:746: if(rad_source .and. itemp_plot.eq.1) def_fields = def_fields + FIELD_RAD
unstructured/auxiliary_fields.f90:1017: if(itemp_plot.eq.1) then
unstructured/auxiliary_fields.f90:1174: if(itemp_plot.eq.1) then
unstructured/output.f90:1315: if(itemp_plot .eq. 1) then
unstructured/output.f90:1622: if(itemp_plot .eq. 1) then"
ibdgp,ibdgp,&inputnl,Output,integer,0,1,unstructured/electric_field.f90(1),源码引用 1 处；主要在 `electric_field.f90` 1处。,unstructured/electric_field.f90:831: select case(ibdgp)
idouble_out,idouble_out,&inputnl,Output,integer,0,6,unstructured/hdf5_output.f90(4); unstructured/particle.f90(1); unstructured/particle_com.f90(1),"源码引用 6 处；主要在 `hdf5_output.f90` 4处, `particle.f90` 1处, `particle_com.f90` 1处。","unstructured/hdf5_output.f90:376: if(idouble_out.eq.1) then
unstructured/hdf5_output.f90:691: if(idouble_out.eq.1) then
unstructured/hdf5_output.f90:831: if(idouble_out.eq.1) then
unstructured/hdf5_output.f90:956: if(idouble_out.eq.1) then
unstructured/particle.f90:3758: if (idouble_out .eq. 1) then
unstructured/particle_com.f90:3715: if (idouble_out .eq. 1) then"
irestart_slice,irestart_slice,&inputnl,Output,integer,-1,3,unstructured/restart_hdf5.f90(3),源码引用 3 处；主要在 `restart_hdf5.f90` 3处。,"unstructured/restart_hdf5.f90:47: if(irestart_slice.ge.0 .and. irestart_slice.lt.times_output) then
unstructured/restart_hdf5.f90:49: do i = irestart_slice+1, times_output
unstructured/restart_hdf5.f90:53: times_output = irestart_slice"
iveldif,iveldif,&inputnl,Output,integer,0,1,unstructured/electric_field.f90(1),源码引用 1 处；主要在 `electric_field.f90` 1处。,unstructured/electric_field.f90:652: select case(iveldif)
write_ts_on_job_timeout,write_ts_on_job_timeout,&inputnl,Output,integer,0,1,unstructured/newpar.f90(1),源码引用 1 处；主要在 `newpar.f90` 1处。,unstructured/newpar.f90:367: if (write_ts_on_job_timeout.eq.1) call install_signal_handler()
gam,gam,&inputnl,Miscellaneous,real,5./3. (约 1.6667),482,unstructured/metricterms_new_gpu.f90(251); unstructured/metricterms_new.f90(113); unstructured/temperature_plots.f90(29); unstructured/ludef_t.f90(22); unstructured/ludef_t_gpu.f90(17); unstructured/init_3dwave.f90(16); unstructured/parallel_heat_flux.f90(16); unstructured/init_gmode.f90(7),"源码引用 482 处；主要在 `metricterms_new_gpu.f90` 251处, `metricterms_new.f90` 113处, `temperature_plots.f90` 29处, `ludef_t.f90` 22处。","unstructured/bootstrap.f90:153: bs_b3pe = -(gam-1.)*temp
unstructured/diagnostics.f90:1142: avep = (gam - 1.)*(w_p / pvol)
unstructured/init_3dwave.f90:87: omega = 0.5*k2*(bzero**2 + gam*p0) &
unstructured/init_3dwave.f90:88: + 0.5*sqrt((k2*(bzero**2 + gam*p0))**2 &
unstructured/init_3dwave.f90:89: -4.*(bzero*kphi)**2*k2*gam*p0)
unstructured/init_3dwave.f90:94: omega = 0.5*k2*(bzero**2 + gam*p0) &
unstructured/init_3dwave.f90:95: - 0.5*sqrt((k2*(bzero**2 + gam*p0))**2 &
unstructured/init_3dwave.f90:96: -4.*(bzero*kphi)**2*k2*gam*p0)
unstructured/init_3dwave.f90:202: vz1_l = val*bzero*kphi*kp2*k2*p0*gam / &
unstructured/init_3dwave.f90:203: (omega*(k2*p0*gam - omega**2))"
db,db,&inputnl,Miscellaneous,real,-1.,396,unstructured/ludef_t.f90(291); unstructured/electrostatic_potential.f90(25); unstructured/particle.f90(17); unstructured/particle_com.f90(11); unstructured/harned_mikic.f90(8); unstructured/init_conds.f90(8); unstructured/ludef_t_gpu.f90(8); unstructured/metricterms_new.f90(7),"源码引用 396 处；主要在 `ludef_t.f90` 291处, `electrostatic_potential.f90` 25处, `particle.f90` 17处, `particle_com.f90` 11处。","unstructured/electrostatic_potential.f90:393: if(itwofluid.eq.0 .or. db.eq.0.) then
unstructured/electrostatic_potential.f90:424: if(itwofluid.eq.0 .or. db.eq.0.) then
unstructured/electrostatic_potential.f90:458: if(itwofluid.eq.0 .or. db.eq.0.) then
unstructured/electrostatic_potential.f90:492: if(itwofluid.eq.0 .or. db.eq.0.) then
unstructured/electrostatic_potential.f90:523: if(itwofluid.eq.0 .or. db.eq.0.) then
unstructured/electrostatic_potential.f90:558: if(itwofluid.eq.0 .or. db.eq.0.) then
unstructured/electrostatic_potential.f90:661: +b4psipsid(trial,ps179,lin,ni79))*db
unstructured/electrostatic_potential.f90:665: temp = b4psibd(trial,lin,bz179,ni79)*db
unstructured/electrostatic_potential.f90:676: +b4psipsid(trial,ps079,lin,ni79))*db
unstructured/electrostatic_potential.f90:680: temp = b4psibd(trial,lin,bz079,ni79)*db"
db_fac,db_fac,&inputnl,Miscellaneous,real,0.,3,unstructured/input.f90(3),源码引用 3 处；主要在 `input.f90` 3处。,"unstructured/input.f90:384: ""Collisionless ion skin depth (overrides db_fac)"", misc_grp)
unstructured/input.f90:1826: print *, 'Scaled value of db = ', db*db_fac
unstructured/input.f90:1828: db = db*db_fac"
mass_ratio,mass_ratio,&inputnl,Miscellaneous,real,0.,8,unstructured/metricterms_new.f90(4); unstructured/metricterms_new_gpu.f90(4),"源码引用 8 处；主要在 `metricterms_new.f90` 4处, `metricterms_new_gpu.f90` 4处。","unstructured/metricterms_new.f90:5837: if(mass_ratio.eq.0. .or. db.eq.0.) then
unstructured/metricterms_new.f90:5847: b1psid = temp*me_mp*mass_ratio*db**2
unstructured/metricterms_new.f90:7831: if(mass_ratio.eq.0. .or. db.eq.0.) then
unstructured/metricterms_new.f90:7843: b2bd = temp*me_mp*mass_ratio*db**2
unstructured/metricterms_new_gpu.f90:12525: if(mass_ratio.eq.0. .or. db.eq.0.) then
unstructured/metricterms_new_gpu.f90:12536: temp79a= me_mp*mass_ratio*db**2
unstructured/metricterms_new_gpu.f90:16445: if(mass_ratio.eq.0. .or. db.eq.0.) then
unstructured/metricterms_new_gpu.f90:16458: temp79a=me_mp*mass_ratio*db**2"
lambdae,lambdae,&inputnl,Miscellaneous,real,0.,0,,未发现除注册/声明外的源码引用；可能是废弃参数、条件编译路径参数，或仅由外部工具/库间接使用。,
z_ion,z_ion,&inputnl,Miscellaneous,real,1.,39,unstructured/gradshafranov.f90(14); unstructured/input.f90(9); unstructured/mackenbach_profiles.f90(3); unstructured/auxiliary_fields.f90(2); unstructured/newpar.f90(2); unstructured/particle.f90(2); unstructured/particle_com.f90(2); unstructured/init_cyl.f90(1),"源码引用 39 处；主要在 `gradshafranov.f90` 14处, `input.f90` 9处, `mackenbach_profiles.f90` 3处, `auxiliary_fields.f90` 2处。","unstructured/auxiliary_fields.f90:490: call mult(ne, z_ion)
unstructured/auxiliary_fields.f90:517: temp79a = nt79(:,OP_1)*z_ion
unstructured/gradshafranov.f90:724: n0_spline%y(i) = pefac*pval/(z_ion*te_spline%y(i))
unstructured/gradshafranov.f90:743: yvals = yvals * 1e14 / n0_norm / z_ion
unstructured/gradshafranov.f90:750: yvals = yvals * 1e13 / n0_norm / z_ion
unstructured/gradshafranov.f90:758: yvals = yvals / n0_norm / z_ion
unstructured/gradshafranov.f90:770: yvals = yvals * 1e14 / n0_norm / z_ion
unstructured/gradshafranov.f90:779: yvals = yvals / 1e6 / n0_norm / z_ion
unstructured/gradshafranov.f90:804: (z_ion*te_spline%y(te_spline%n) + tiedge)
unstructured/gradshafranov.f90:819: teold = pefac*p0_spline%y(p0_spline%n)/n0_spline%y(n0_spline%n)/z_ion"
ion_mass,ion_mass,&inputnl,Miscellaneous,real,1.,20,unstructured/gradshafranov.f90(6); unstructured/init_conds.f90(2); unstructured/input.f90(2); unstructured/neutral_beam.f90(2); unstructured/particle.f90(2); unstructured/particle_com.f90(2); unstructured/auxiliary_fields.f90(1); unstructured/diagnostics.f90(1),"源码引用 20 处；主要在 `gradshafranov.f90` 6处, `init_conds.f90` 2处, `input.f90` 2处, `neutral_beam.f90` 2处。","unstructured/auxiliary_fields.f90:604: sir79 = sir79 + tm79*kprad_mz/ion_mass
unstructured/diagnostics.f90:2325: rho79 = rho79 + tm79*kprad_mz/ion_mass
unstructured/gradshafranov.f90:866: (b0_norm/sqrt(4.*pi*1.6726e-24*ion_mass*n0_norm)/l0_norm)
unstructured/gradshafranov.f90:874: (b0_norm/sqrt(4.*pi*1.6726e-24*ion_mass*n0_norm)/l0_norm)
unstructured/gradshafranov.f90:883: (b0_norm/sqrt(4.*pi*1.6726e-24*ion_mass*n0_norm)/l0_norm) &
unstructured/gradshafranov.f90:893: (b0_norm/sqrt(4.*pi*1.6726e-24*ion_mass*n0_norm)/l0_norm)
unstructured/gradshafranov.f90:905: (b0_norm/sqrt(4.*pi*1.6726e-24*ion_mass*n0_norm)/l0_norm)
unstructured/gradshafranov.f90:915: (b0_norm/sqrt(4.*pi*1.6726e-24*ion_mass*n0_norm)/l0_norm)
unstructured/init_conds.f90:346: vz = vtor / (b0_norm/sqrt(4.*pi*1.6726e-24*ion_mass*n0_norm)/l0_norm)
unstructured/init_conds.f90:347: vp = vpol / (b0_norm/sqrt(4.*pi*1.6726e-24*ion_mass*n0_norm)/l0_norm)"
lambda_coulomb,lambda_coulomb,&inputnl,Miscellaneous,real,17.,2,unstructured/input.f90(2),源码引用 2 处；主要在 `input.f90` 2处。,"unstructured/input.f90:1793: * e_c**4 * sqrt(m0_norm / m_e) * lambda_coulomb &
unstructured/input.f90:1799: krfac = (9.6 / (4. * sqrt(2.*pi) * sqrt(m_e) * lambda_coulomb * e_c**4)) &"
thermal_force_coeff,thermal_force_coeff,&inputnl,Miscellaneous,real,0.,1,unstructured/gradshafranov.f90(1),源码引用 1 处；主要在 `gradshafranov.f90` 1处。,unstructured/gradshafranov.f90:991: dia = db*(ppval/nval - z_ion*(1.+thermal_force_coeff)*tep &
ntor,ntor,&inputnl,Miscellaneous,integer,0,64,unstructured/coils.f90(18); unstructured/rmp.f90(13); unstructured/nintegrate_mod.f90(9); unstructured/read_schaffer_field.f90(7); unstructured/init_common.f90(4); unstructured/adapt.f90(2); unstructured/boundary.f90(2); unstructured/struct2vac.f90(2),"源码引用 64 处；主要在 `coils.f90` 18处, `rmp.f90` 13处, `nintegrate_mod.f90` 9处, `read_schaffer_field.f90` 7处。","unstructured/adapt.f90:164: if(iadapt_pack_rationals.gt.0 .and. ntor.ne.0) then
unstructured/adapt.f90:177: tmp = (q*ntor - j) / (q*ntor*adapt_pack_factor)
unstructured/boundary.f90:121: if(ntor.ne.0) imask(k+1) = 0
unstructured/boundary.f90:414: if(ntor.ne.0) then
unstructured/coils.f90:654: subroutine integral(npts,k2,ntor,f)
unstructured/coils.f90:676: f1 = cos(2.*ntor*(x+dx2))/sqrt((1.+k2*sin(x+dx2)**2)**3)
unstructured/coils.f90:677: f2 = cos(2.*ntor*(x+dx))/sqrt((1.+k2*sin(x+dx)**2)**3)
unstructured/coils.f90:686: subroutine coil(curr, r1, z1, npts, r0, z0, ntor, fr, fphi, fz)
unstructured/coils.f90:705: call integral(npts,k2,ntor,temp)
unstructured/coils.f90:708: call integral(npts,k2,ntor+1,co)"
mpol,mpol,&inputnl,Miscellaneous,integer,0,16,unstructured/rmp.f90(6); unstructured/init_common.f90(4); unstructured/init_circle.f90(1); unstructured/init_conds.f90(1); unstructured/init_frs.f90(1); unstructured/init_kstar.f90(1); unstructured/input.f90(1); unstructured/read_vmec.f90(1),"源码引用 16 处；主要在 `rmp.f90` 6处, `init_common.f90` 4处, `init_circle.f90` 1处, `init_conds.f90` 1处。","unstructured/init_circle.f90:33: print *, 'Analytic resonant frequency: ', j0*ntor*(q0 - mpol/ntor)/(2.*sqrt(den0))
unstructured/init_common.f90:65: phase = exp((0,1)*(ntor*phi - mpol*theta))
unstructured/init_common.f90:67: phase = exp((0,1)*(ntor*phi/rzero - mpol*theta))
unstructured/init_common.f90:71: phase = cos(ntor*phi - mpol*theta)
unstructured/init_common.f90:73: phase = cos(ntor*phi/rzero - mpol*theta)
unstructured/init_conds.f90:762: m = mpol
unstructured/init_frs.f90:59: m=mpol
unstructured/init_kstar.f90:198: m = mpol
unstructured/input.f90:586: &2: Apply mpol/ntor vacuum fields (itor=0 only)"", eq_grp)
unstructured/read_vmec.f90:249: ierr = nc_inq_varid(ncid, ""mpol""//c_null_char, id)"
ibform,idum,&inputnl,Deprecated,integer,-1,0,,兼容旧输入：读入到 dummy 变量 `idum`，未见模型计算使用。,
igs_method,idum,&inputnl,Deprecated,integer,-1,0,,兼容旧输入：读入到 dummy 变量 `idum`，未见模型计算使用。,
iwrite_restart,idum,&inputnl,Deprecated,integer,0,0,,兼容旧输入：读入到 dummy 变量 `idum`，未见模型计算使用。,
zeff,dum,&inputnl,Deprecated,real,0.,0,,兼容旧输入：读入到 dummy 变量 `dum`，未见模型计算使用。,
ivform,idum,&inputnl,Deprecated,integer,1,0,,兼容旧输入：读入到 dummy 变量 `idum`，未见模型计算使用。,
iwrite_adios,idum,&inputnl,Deprecated,integer,0,0,,兼容旧输入：读入到 dummy 变量 `idum`，未见模型计算使用。,
iglobalout,idum,&inputnl,Deprecated,integer,0,0,,兼容旧输入：读入到 dummy 变量 `idum`，未见模型计算使用。,
iglobalin,idum,&inputnl,Deprecated,integer,0,0,,兼容旧输入：读入到 dummy 变量 `idum`，未见模型计算使用。,
iread_adios,idum,&inputnl,Deprecated,integer,0,0,,兼容旧输入：读入到 dummy 变量 `idum`，未见模型计算使用。,
iread_hdf5,idum,&inputnl,Deprecated,integer,1,0,,兼容旧输入：读入到 dummy 变量 `idum`，未见模型计算使用。,
