order,name,internal_var,namelist,group,group_cn,dtype,default,size,description,usage,condition,source,line,source_use_count,source_use_files,source_usage_summary,source_use_examples
1,b0_norm,b0_norm,&inputnl,Normalizations,归一化,real,1.e4,1,Normalization magnetic field (in G),,,unstructured/input.f90,217,73,unstructured/gradshafranov.f90(16); unstructured/particle.f90(16); unstructured/particle_com.f90(12); unstructured/input.f90(7); unstructured/rmp.f90(6); unstructured/init_common.f90(3); unstructured/init_vmec.f90(3); unstructured/bootstrap.f90(2),"源码引用 73 处；主要在 `gradshafranov.f90` 16处, `particle.f90` 16处, `particle_com.f90` 12处, `input.f90` 7处。","unstructured/bootstrap.f90:1503: telec(i)=max(real(tet79(i,OP_1))*1e3/(1.6022e-9 * (4.*pi*n0_norm)/ (b0_norm**2)),eps_val)
unstructured/bootstrap.f90:1504: tion(i)=max(real(tit79(i,OP_1))*1e3/(1.6022e-9 * (4.*pi*n0_norm)/ (b0_norm**2)),eps_val)
unstructured/gradshafranov.f90:405: yvals = yvals * 10. / (b0_norm**2/(4.*pi))
unstructured/gradshafranov.f90:437: yvals = yvals * 1e6 / (b0_norm*l0_norm)
unstructured/gradshafranov.f90:569: yvals = yvals * 1.6022e-9 / (b0_norm**2/(4.*pi*n0_norm))
unstructured/gradshafranov.f90:576: yvals = yvals * 1.6022e-12 / (b0_norm**2/(4.*pi*n0_norm))
unstructured/gradshafranov.f90:584: yvals = yvals * 1.6022e-9 / (b0_norm**2/(4.*pi*n0_norm))
unstructured/gradshafranov.f90:596: yvals = yvals * 1.6022e-9 / (b0_norm**2/(4.*pi*n0_norm))
unstructured/gradshafranov.f90:605: yvals = yvals * 1.6022e-9 / (b0_norm**2/(4.*pi*n0_norm))
unstructured/gradshafranov.f90:866: (b0_norm/sqrt(4.*pi*1.6726e-24*ion_mass*n0_norm)/l0_norm)"
2,n0_norm,n0_norm,&inputnl,Normalizations,归一化,real,1.e14,1,Normalization density (in e-/cm3),,,unstructured/input.f90,219,109,unstructured/gradshafranov.f90(21); unstructured/particle.f90(15); unstructured/kprad_m3dc1.f90(12); unstructured/particle_com.f90(11); unstructured/pellet.f90(11); unstructured/init_common.f90(7); unstructured/input.f90(7); unstructured/transport.f90(7),"源码引用 109 处；主要在 `gradshafranov.f90` 21处, `particle.f90` 15处, `kprad_m3dc1.f90` 12处, `particle_com.f90` 11处。","unstructured/bootstrap.f90:1503: telec(i)=max(real(tet79(i,OP_1))*1e3/(1.6022e-9 * (4.*pi*n0_norm)/ (b0_norm**2)),eps_val)
unstructured/bootstrap.f90:1504: tion(i)=max(real(tit79(i,OP_1))*1e3/(1.6022e-9 * (4.*pi*n0_norm)/ (b0_norm**2)),eps_val)
unstructured/diagnostics.f90:1025: temp_pel(ip) = temp_pel(ip) + twopi*int2(temp79b,temp79a)*p0_norm/(1.6022e-12*n0_norm*tpifac)
unstructured/diagnostics.f90:1178: print *, "" particles injected = "", pellet_rate(ip)*dt*(n0_norm*l0_norm**3)
unstructured/gradshafranov.f90:569: yvals = yvals * 1.6022e-9 / (b0_norm**2/(4.*pi*n0_norm))
unstructured/gradshafranov.f90:576: yvals = yvals * 1.6022e-12 / (b0_norm**2/(4.*pi*n0_norm))
unstructured/gradshafranov.f90:584: yvals = yvals * 1.6022e-9 / (b0_norm**2/(4.*pi*n0_norm))
unstructured/gradshafranov.f90:596: yvals = yvals * 1.6022e-9 / (b0_norm**2/(4.*pi*n0_norm))
unstructured/gradshafranov.f90:605: yvals = yvals * 1.6022e-9 / (b0_norm**2/(4.*pi*n0_norm))
unstructured/gradshafranov.f90:657: yvals = yvals / n0_norm !rsae"
3,l0_norm,l0_norm,&inputnl,Normalizations,归一化,real,100.,1,Normalization length (in cm),,,unstructured/input.f90,221,53,unstructured/pellet.f90(19); unstructured/gradshafranov.f90(7); unstructured/input.f90(6); unstructured/diagnostics.f90(5); unstructured/kprad_m3dc1.f90(4); unstructured/neutral_beam.f90(4); unstructured/transport.f90(3); unstructured/init_conds.f90(2),"源码引用 53 处；主要在 `pellet.f90` 19处, `gradshafranov.f90` 7处, `input.f90` 6处, `diagnostics.f90` 5处。","unstructured/diagnostics.f90:1178: print *, "" particles injected = "", pellet_rate(ip)*dt*(n0_norm*l0_norm**3)
unstructured/diagnostics.f90:1179: print *, "" radius (in cm) = "", r_p(ip)*l0_norm
unstructured/diagnostics.f90:1182: print *, "" rpdot (in cm/s) = "", rpdot(ip)*l0_norm/t0_norm
unstructured/diagnostics.f90:1184: print *, "" R position: "", pellet_r(ip)*l0_norm
unstructured/diagnostics.f90:1186: print *, "" Z position: "", pellet_z(ip)*l0_norm
unstructured/gradshafranov.f90:437: yvals = yvals * 1e6 / (b0_norm*l0_norm)
unstructured/gradshafranov.f90:866: (b0_norm/sqrt(4.*pi*1.6726e-24*ion_mass*n0_norm)/l0_norm)
unstructured/gradshafranov.f90:874: (b0_norm/sqrt(4.*pi*1.6726e-24*ion_mass*n0_norm)/l0_norm)
unstructured/gradshafranov.f90:883: (b0_norm/sqrt(4.*pi*1.6726e-24*ion_mass*n0_norm)/l0_norm) &
unstructured/gradshafranov.f90:893: (b0_norm/sqrt(4.*pi*1.6726e-24*ion_mass*n0_norm)/l0_norm)"
536,nplanes,nplanes,&inputnl,Mesh,网格,integer,1,1,Number of toroidal planes,托卡马克：2D/complex 线性取 1，真实三维非线性取大于 1 的环向平面数。仿星器：表示所选环向计算域内的平面数，通常必须大于 1；需足以解析 VMEC/外场的最高环向模。3D+PETSc 当前要求 MPI 进程数等于 `nplanes`。,,unstructured/input.f90,1186,113,unstructured/basic_mesh.f90(30); unstructured/diagnostics.f90(15); unstructured/input.f90(11); m3dc1_scorec/src/m3dc1_matrix.cc(10); unstructured/scorec_mesh.f90(9); unstructured/output.f90(8); unstructured/restart_hdf5.f90(8); unstructured/particle_com.f90(4),"源码引用 113 处；主要在 `basic_mesh.f90` 30处, `diagnostics.f90` 15处, `input.f90` 11处, `m3dc1_matrix.cc` 10处。","unstructured/adapt.f90:451: if (nplanes .gt. 1) then
unstructured/basic_mesh.f90:54: subroutine load_sms_mesh(nplanes, inodes, ielms, nodes, elms)
unstructured/basic_mesh.f90:85: write(*,*) ' nplanes = ', nplanes
unstructured/basic_mesh.f90:86: if(nplanes.gt.1) then
unstructured/basic_mesh.f90:87: ielms = ielmspp*nplanes
unstructured/basic_mesh.f90:88: inodes = inodespp*nplanes
unstructured/basic_mesh.f90:176: do i=2, nplanes
unstructured/basic_mesh.f90:178: nodes((i-1)*inodespp+1:i*inodespp)%Phi = (i-1.)*twopi/nplanes
unstructured/basic_mesh.f90:187: do i=2, nplanes
unstructured/basic_mesh.f90:195: elms((nplanes-1)*ielmspp+i)%inode(4:6) = elms(i)%inode(1:3)"
537,nperiods,nperiods,&inputnl,Mesh,网格,integer,1,1,Number of field periods,托卡马克：通常取 1。仿星器：表示整环面被划分的周期数；当 `ifull_torus=0` 时实际只计算 `1/nperiods` 环面，且 VMEC 的 `nfp` 必须能被它整除。,,unstructured/input.f90,1188,33,unstructured/physical_mesh.f90(15); unstructured/diagnostics.f90(11); unstructured/scorec_mesh.f90(6); unstructured/output.f90(1),"源码引用 33 处；主要在 `physical_mesh.f90` 15处, `diagnostics.f90` 11处, `scorec_mesh.f90` 6处, `output.f90` 1处。","unstructured/diagnostics.f90:698: tpifac = twopi/nperiods
unstructured/diagnostics.f90:699: tpirzero = tpirzero/nperiods
unstructured/diagnostics.f90:836: co = cos(phi_79*twopi/(toroidal_period*nperiods))
unstructured/diagnostics.f90:837: sn = sin(phi_79*twopi/(toroidal_period*nperiods))
unstructured/diagnostics.f90:3121: xm = xm*2.*pi/nperiods/toroidal_period
unstructured/diagnostics.f90:3122: x0 = x0*2.*pi/nperiods/toroidal_period
unstructured/diagnostics.f90:3123: xp = xp*2.*pi/nperiods/toroidal_period
unstructured/diagnostics.f90:3178: xm = xm*2.*pi/nperiods/toroidal_period
unstructured/diagnostics.f90:3179: x0 = x0*2.*pi/nperiods/toroidal_period
unstructured/diagnostics.f90:3180: xp = xp*2.*pi/nperiods/toroidal_period"
538,ifull_torus,ifull_torus,&inputnl,Mesh,网格,integer,1,1,0 = one field period; 1 = full torus,托卡马克：通常取 1；取 0 只有在明确采用周期扇区时才有意义。仿星器：0 计算一个由 `nperiods` 定义的周期扇区，1 计算完整环面；它控制环向域长度，不改变 VMEC 几何本身。,,unstructured/input.f90,1190,7,unstructured/diagnostics.f90(3); unstructured/scorec_mesh.f90(3); unstructured/output.f90(1),"源码引用 7 处；主要在 `diagnostics.f90` 3处, `scorec_mesh.f90` 3处, `output.f90` 1处。","unstructured/diagnostics.f90:697: if(ifull_torus.eq.0) then
unstructured/diagnostics.f90:832: if(ifull_torus.eq.1) then
unstructured/diagnostics.f90:3593: if(ifull_torus.eq.1) then
unstructured/output.f90:842: call write_int_attr(mesh_group_id, ""ifull_torus"", ifull_torus, error)
unstructured/scorec_mesh.f90:103: if (mod(nfp, nperiods).ne.0 .and. ifull_torus.eq.0) then
unstructured/scorec_mesh.f90:114: if(ifull_torus.eq.0 .and. nperiods.ne.1) then
unstructured/scorec_mesh.f90:117: else if(ifull_torus.eq.1 .or. nperiods.eq.1) then"
539,iread_vmec,iread_vmec,&inputnl,Mesh,网格,integer,0,1,1 = read geometry from VMEC file,托卡马克：保持 0，gfile 不通过该参数读取。仿星器：1 时从 `vmec_filename` 读取 VMEC 几何，并在固定边界初始化中同时提供平衡磁场和压力；通常与 `igeometry=1` 配合。,,unstructured/input.f90,1192,6,unstructured/init_conds.f90(3); unstructured/physical_mesh.f90(2); unstructured/scorec_mesh.f90(1),"源码引用 6 处；主要在 `init_conds.f90` 3处, `physical_mesh.f90` 2处, `scorec_mesh.f90` 1处。","unstructured/init_conds.f90:641: if (igeometry.eq.1 .and. iread_vmec.eq.1 .and. bloat_factor.eq.0) then
unstructured/init_conds.f90:645: 'VMEC equilibrium needs igeometry=1, iread_vmec=1, and bloat_factor=0!'
unstructured/init_conds.f90:697: if(igeometry.eq.1 .and. iread_vmec.ge.1) then
unstructured/physical_mesh.f90:71: if (iread_vmec.ge.1) then ! use VMEC surfaces to calculate geometry
unstructured/physical_mesh.f90:234: if (iread_vmec.ge.1) then
unstructured/scorec_mesh.f90:101: if (iread_vmec.ge.1) then ! read geometry from VMEC file"
540,vmec_filename,vmec_filename,&inputnl,Mesh,网格,character(len=256),geometry.nc,1,name of vmec data file,托卡马克：不使用。仿星器：`iread_vmec=1` 时的 VMEC NetCDF 文件名；几何映射读取 R/Z 傅里叶系数、场周期和磁场系数，固定边界还使用其中的压力和磁场。 字符串值可写成 `name = value` 或带引号形式；解析器会去掉首尾引号。,,unstructured/input.f90,1194,4,unstructured/read_schaffer_field.f90(2); unstructured/read_vmec.f90(1); unstructured/rmp.f90(1),"源码引用 4 处；主要在 `read_schaffer_field.f90` 2处, `read_vmec.f90` 1处, `rmp.f90` 1处。","unstructured/read_schaffer_field.f90:676: subroutine load_mgrid_field(sf, mgrid_filename, vmec_filename, error)
unstructured/read_schaffer_field.f90:800: c_filename = trim(vmec_filename) // c_null_char
unstructured/read_vmec.f90:218: c_filename = trim(vmec_filename) // c_null_char
unstructured/rmp.f90:150: call load_mgrid_field(sf(iread_ext_field), field_name, vmec_filename, ierr)"
541,igeometry,igeometry,&inputnl,Mesh,网格,integer,0,1,"0: default, identity",托卡马克：标准物理 R-Z 网格取 0，网格坐标不再映射。仿星器：取 1，先把二维 mesh 坐标解释为逻辑圆盘，再由 VMEC/边界傅里叶数据映射为物理 R-Z；取 2 是求解 Laplace 几何的内部路径，不是常规 VMEC 设置。,,unstructured/input.f90,1196,39,unstructured/newpar.f90(6); unstructured/scorec_mesh.f90(6); unstructured/transport.f90(6); unstructured/init_common.f90(5); unstructured/gradshafranov.f90(4); unstructured/init_conds.f90(3); unstructured/geometry.f90(2); unstructured/output.f90(2),"源码引用 39 处；主要在 `newpar.f90` 6处, `scorec_mesh.f90` 6处, `transport.f90` 6处, `init_common.f90` 5处。","unstructured/diagnostics.f90:1271: if (igeometry.ge.1) return
unstructured/geometry.f90:40: select case(igeometry)
unstructured/geometry.f90:148: if (igeometry.eq.1) then
unstructured/gradshafranov.f90:1982: if (igeometry.eq.1) then ! use physical coordinates of magnetic axis
unstructured/gradshafranov.f90:2103: if (igeometry.eq.1) then ! use physical coordinates of magnetic axis
unstructured/gradshafranov.f90:2118: if (igeometry.eq.1) then ! use physical coordinates of magnetic axis
unstructured/gradshafranov.f90:2173: if (igeometry.eq.1) then ! use physical coordinates
unstructured/init_common.f90:174: if(igeometry.eq.1) then
unstructured/init_common.f90:335: if(igeometry.eq.1) then
unstructured/init_common.f90:340: if(myrank.eq.0) print *, 'idenfunc = 21 requires igeometry = 1'"
542,xcenter,xcenter,&inputnl,Mesh,网格,real,0.,1,center of logical mesh (x),托卡马克：`igeometry=0` 时不用于平衡与 mesh 对齐。仿星器：逻辑圆盘中心的 x 坐标，逻辑 rho 由 `sqrt((x-xcenter)^2+(z-zcenter)^2)` 计算；必须与生成逻辑 mesh 时采用的圆心一致。,,unstructured/input.f90,1197,19,unstructured/init_common.f90(9); unstructured/transport.f90(5); unstructured/physical_mesh.f90(3); unstructured/init_vmec.f90(2),"源码引用 19 处；主要在 `init_common.f90` 9处, `transport.f90` 5处, `physical_mesh.f90` 3处, `init_vmec.f90` 2处。","unstructured/init_common.f90:336: temp79b = sqrt((xl_79-xcenter)**2 + (zl_79-zcenter)**2 + regular**2)
unstructured/init_common.f90:346: temp79b = (xl_79-xcenter)**2 + (zl_79-zcenter)**2 + regular**2
unstructured/init_common.f90:503: temp79b = (xl_79-xcenter)**2 + (zl_79-zcenter)**2
unstructured/init_common.f90:529: temp79b = (xl_79-xcenter)**2 + (zl_79-zcenter)**2
unstructured/init_common.f90:545: temp79b = (xl_79-xcenter)**2 + (zl_79-zcenter)**2
unstructured/init_common.f90:586: temp79b = (xl_79 - xcenter)**2 + (zl_79 - zcenter)**2
unstructured/init_common.f90:629: temp79b = (xl_79 - xcenter)**2 + (zl_79 - zcenter)**2
unstructured/init_common.f90:653: temp79b = (xl_79 - xcenter)**2 + (zl_79 - zcenter)**2
unstructured/init_common.f90:678: temp79b = sqrt((xl_79-xcenter)**2 + (zl_79-zcenter)**2+1e-8)
unstructured/init_vmec.f90:313: r = sqrt((x - xcenter)**2 + (z - zcenter)**2 + regular**2)"
543,zcenter,zcenter,&inputnl,Mesh,网格,real,0.,1,center of logical mesh (z),托卡马克：`igeometry=0` 时不用于平衡与 mesh 对齐。仿星器：逻辑圆盘中心的 z 坐标，与 `xcenter` 共同定义 rho 和 theta；必须与逻辑 mesh 圆心一致。,,unstructured/input.f90,1198,19,unstructured/init_common.f90(9); unstructured/transport.f90(5); unstructured/physical_mesh.f90(3); unstructured/init_vmec.f90(2),"源码引用 19 处；主要在 `init_common.f90` 9处, `transport.f90` 5处, `physical_mesh.f90` 3处, `init_vmec.f90` 2处。","unstructured/init_common.f90:336: temp79b = sqrt((xl_79-xcenter)**2 + (zl_79-zcenter)**2 + regular**2)
unstructured/init_common.f90:346: temp79b = (xl_79-xcenter)**2 + (zl_79-zcenter)**2 + regular**2
unstructured/init_common.f90:503: temp79b = (xl_79-xcenter)**2 + (zl_79-zcenter)**2
unstructured/init_common.f90:529: temp79b = (xl_79-xcenter)**2 + (zl_79-zcenter)**2
unstructured/init_common.f90:545: temp79b = (xl_79-xcenter)**2 + (zl_79-zcenter)**2
unstructured/init_common.f90:586: temp79b = (xl_79 - xcenter)**2 + (zl_79 - zcenter)**2
unstructured/init_common.f90:629: temp79b = (xl_79 - xcenter)**2 + (zl_79 - zcenter)**2
unstructured/init_common.f90:653: temp79b = (xl_79 - xcenter)**2 + (zl_79 - zcenter)**2
unstructured/init_common.f90:678: temp79b = sqrt((xl_79-xcenter)**2 + (zl_79-zcenter)**2+1e-8)
unstructured/init_vmec.f90:313: r = sqrt((x - xcenter)**2 + (z - zcenter)**2 + regular**2)"
544,bloat_factor,bloat_factor,&inputnl,Mesh,网格,real,0.,1,factor to expand VMEC domain,托卡马克：不使用。仿星器：把 VMEC 几何径向外推到放大的计算边界；0 不按比例扩展。固定边界 `itaylor=40` 的检查要求它为 0；自由边界/外场域可非零。若同时给 `bloat_distance`，后者优先并把本参数置 0。,,unstructured/input.f90,1199,7,unstructured/read_vmec.f90(5); unstructured/init_conds.f90(2),"源码引用 7 处；主要在 `read_vmec.f90` 5处, `init_conds.f90` 2处。","unstructured/init_conds.f90:641: if (igeometry.eq.1 .and. iread_vmec.eq.1 .and. bloat_factor.eq.0) then
unstructured/init_conds.f90:645: 'VMEC equilibrium needs igeometry=1, iread_vmec=1, and bloat_factor=0!'
unstructured/read_vmec.f90:68: if(bloat_factor.ne.0 .or. bloat_distance.ne.0) then
unstructured/read_vmec.f90:118: if(bloat_factor.ne.0 .or. bloat_distance.ne.0) then
unstructured/read_vmec.f90:662: bloat_factor = 0 ! bloat_distance overrides bloat_factor
unstructured/read_vmec.f90:664: else if(bloat_factor.ne.0) then
unstructured/read_vmec.f90:667: s_bloat = s_vmec*bloat_factor**2"
545,bloat_distance,bloat_distance,&inputnl,Mesh,网格,real,0.,1,factor to expand VMEC domain,托卡马克：不使用。仿星器：沿 VMEC 磁面外法向按距离扩展计算边界，并覆盖 `bloat_factor` 的作用。固定边界 case 建议保持 0；外扩域不会自动生成真空、壁或 LCFS 的 zone 标签。,,unstructured/input.f90,1200,6,unstructured/read_vmec.f90(6),源码引用 6 处；主要在 `read_vmec.f90` 6处。,"unstructured/read_vmec.f90:68: if(bloat_factor.ne.0 .or. bloat_distance.ne.0) then
unstructured/read_vmec.f90:118: if(bloat_factor.ne.0 .or. bloat_distance.ne.0) then
unstructured/read_vmec.f90:651: if(bloat_distance.ne.0) then
unstructured/read_vmec.f90:653: + bloat_distance*sqrt(s_vmec(i))*dz/sqrt(dz**2+dr**2)
unstructured/read_vmec.f90:655: - bloat_distance*sqrt(s_vmec(i))*dr/sqrt(dz**2+dr**2)
unstructured/read_vmec.f90:661: if(bloat_distance.ne.0) then"
546,nzer_factor,nzer_factor,&inputnl,Mesh,网格,integer,-1,1,scale factor for order of VMEC interpolation,托卡马克：不使用。仿星器：控制 VMEC R/Z 几何转为 Zernike 径向表示的阶数；非负时取 `n_zer=mpol*nzer_factor`，但仅在 `nzer_manual<0` 时使用。-1 采用程序默认。,,unstructured/input.f90,1201,2,unstructured/read_vmec.f90(2),源码引用 2 处；主要在 `read_vmec.f90` 2处。,"unstructured/read_vmec.f90:128: if(nzer_factor.ge.0 .and. nzer_manual.lt.0) then
unstructured/read_vmec.f90:129: n_zer = m_pol*nzer_factor"
547,nzer_manual,nzer_manual,&inputnl,Mesh,网格,integer,-1,1,order of VMEC interpolation,托卡马克：不使用。仿星器：手动指定 VMEC 几何的 Zernike 径向阶数；只有不低于程序默认阶数时才覆盖默认值，且优先于 `nzer_factor`。主要用于分辨率测试。,,unstructured/input.f90,1203,3,unstructured/read_vmec.f90(3),源码引用 3 处；主要在 `read_vmec.f90` 3处。,"unstructured/read_vmec.f90:124: if(nzer_manual.ge.0 .and. nzer_manual.ge.n_zer) then
unstructured/read_vmec.f90:125: n_zer = nzer_manual
unstructured/read_vmec.f90:128: if(nzer_factor.ge.0 .and. nzer_manual.lt.0) then"
548,iread_planes,iread_planes,&inputnl,Mesh,网格,integer,0,1,Read positions of toroidal planes from plane_positions,托卡马克：3D 时 1 从 `plane_positions` 读取每个环向平面角度；否则均匀或按 toroidal packing 生成。仿星器：用法相同，但每个角度必须位于当前完整环面或周期扇区的范围内，文件行数必须等于 `nplanes`。,,unstructured/input.f90,1205,1,unstructured/scorec_mesh.f90(1),源码引用 1 处；主要在 `scorec_mesh.f90` 1处。,unstructured/scorec_mesh.f90:143: if(iread_planes.eq.1) then
549,xzero,xzero,&inputnl,Mesh,网格,real,0.,1,源码 `add_var_*` 注册说明为空；请结合所在逻辑组和下方源码使用位置判断。,托卡马克：某些解析初值、诊断和参考轴使用的 R 参考位置；不会移动 `mesh_filename` 中的节点，也不能用来使 mesh 对齐 gfile。仿星器：逻辑映射中心应使用 `xcenter`，本参数通常保持默认，仅少数测试/诊断使用。,,unstructured/input.f90,1207,32,unstructured/init_gmode.f90(6); unstructured/init_mri.f90(6); unstructured/read_jsolver.f90(3); unstructured/scorec_mesh.f90(3); unstructured/diagnostics.f90(2); unstructured/rmp.f90(2); unstructured/basic_mesh.f90(1); unstructured/geometry.f90(1),"源码引用 32 处；主要在 `init_gmode.f90` 6处, `init_mri.f90` 6处, `read_jsolver.f90` 3处, `scorec_mesh.f90` 3处。","unstructured/basic_mesh.f90:120: nodes(i)%R = nodes(i)%R + xzero
unstructured/diagnostics.f90:638: xrel = xzero
unstructured/diagnostics.f90:643: xrel = alx/2. + xzero
unstructured/geometry.f90:197: theta = atan2(z - zzero, x - xzero)
unstructured/init_common.f90:60: xx = x - xzero
unstructured/init_conds.f90:133: xx = x - xzero
unstructured/init_force_free.f90:26: x = x - alx*.5 - xzero
unstructured/init_gem.f90:33: x = x - alx*.5 - xzero
unstructured/init_gmode.f90:113: den1_l(1) = eps*sin(kx*(x-xzero))*sin(kz*(z-zzero))
unstructured/init_gmode.f90:114: den1_l(2) = eps*cos(kx*(x-xzero))*sin(kz*(z-zzero))*kx"
550,zzero,zzero,&inputnl,Mesh,网格,real,0.,1,源码 `add_var_*` 注册说明为空；请结合所在逻辑组和下方源码使用位置判断。,托卡马克：某些解析初值、诊断和参考轴使用的 Z 参考位置；不会平移已读入 mesh。仿星器：逻辑映射中心应使用 `zcenter`，本参数通常保持默认。,,unstructured/input.f90,1208,28,unstructured/init_gmode.f90(6); unstructured/init_mri.f90(6); unstructured/scorec_mesh.f90(3); unstructured/diagnostics.f90(2); unstructured/rmp.f90(2); unstructured/basic_mesh.f90(1); unstructured/geometry.f90(1); unstructured/init_common.f90(1),"源码引用 28 处；主要在 `init_gmode.f90` 6处, `init_mri.f90` 6处, `scorec_mesh.f90` 3处, `diagnostics.f90` 2处。","unstructured/basic_mesh.f90:121: nodes(i)%Z = nodes(i)%Z + zzero
unstructured/diagnostics.f90:639: zrel = alz/2. + zzero
unstructured/diagnostics.f90:644: zrel = alz/2. + zzero
unstructured/geometry.f90:197: theta = atan2(z - zzero, x - xzero)
unstructured/init_common.f90:61: zz = z - zzero
unstructured/init_conds.f90:134: zz = z - zzero
unstructured/init_force_free.f90:27: z = z - alz*.5 - zzero
unstructured/init_gem.f90:34: z = z - alz*.5 - zzero
unstructured/init_gmode.f90:113: den1_l(1) = eps*sin(kx*(x-xzero))*sin(kz*(z-zzero))
unstructured/init_gmode.f90:114: den1_l(2) = eps*cos(kx*(x-xzero))*sin(kz*(z-zzero))*kx"
551,tiltangled,tiltangled,&inputnl,Mesh,网格,real,0.,1,源码 `add_var_*` 注册说明为空；请结合所在逻辑组和下方源码使用位置判断。,托卡马克：给矩形测试网格的边界法向加入旋转角，不会旋转任意外部 mesh 的节点。仿星器：VMEC 曲边界使用映射几何法向，通常保持 0。,,unstructured/input.f90,1209,1,unstructured/scorec_mesh.f90(1),源码引用 1 处；主要在 `scorec_mesh.f90` 1处。,unstructured/scorec_mesh.f90:954: angler = tiltangled*pi/180.
552,mesh_filename,mesh_filename,&inputnl,Mesh,网格,character(len=256),struct-dmg.sms,1,源码 `add_var_*` 注册说明为空；请结合所在逻辑组和下方源码使用位置判断。,托卡马克：二维物理 R-Z 有限元 mesh 文件；几何范围应覆盖目标等离子体、真空和壁区域并落在所需平衡数据范围内。仿星器：二维逻辑圆盘 mesh 文件，通常外边界 rho=1，随后映射为三维物理几何。 字符串值可写成 `name = value` 或带引号形式；解析器会去掉首尾引号。,,unstructured/input.f90,1210,3,unstructured/scorec_mesh.f90(3),源码引用 3 处；主要在 `scorec_mesh.f90` 3处。,"unstructured/scorec_mesh.f90:27: character(len=256) mesh_filename
unstructured/scorec_mesh.f90:139: write(name_buff,""(A,A)"") mesh_filename(1:len_trim(mesh_filename)),0
unstructured/scorec_mesh.f90:203: write(name_buff,""(A,A)"") mesh_filename(1:len_trim(mesh_filename)),0"
553,mesh_model,mesh_model,&inputnl,Mesh,网格,character(len=256),struct.dmg,1,源码 `add_var_*` 注册说明为空；请结合所在逻辑组和下方源码使用位置判断。,托卡马克：与 `mesh_filename` 配套的几何模型，保存边界实体和 zone 拓扑。仿星器：与逻辑 mesh 配套的模型；模型标签定义逻辑分区，不会根据 VMEC 自动改成物理 plasma/vacuum/conductor 分区。 字符串值可写成 `name = value` 或带引号形式；解析器会去掉首尾引号。,,unstructured/input.f90,1212,3,unstructured/scorec_mesh.f90(3),源码引用 3 处；主要在 `scorec_mesh.f90` 3处。,"unstructured/scorec_mesh.f90:26: character(len=256) mesh_model
unstructured/scorec_mesh.f90:137: write(name_buff,""(A,A)"") mesh_model(1:len_trim(mesh_model)),0
unstructured/scorec_mesh.f90:197: write(name_buff,""(A,A)"") mesh_model(1:len_trim(mesh_model)),0"
554,model_info,model_info,&inputnl,Mesh,网格,character(len=256),dummyInfo,1,源码 `add_var_*` 注册说明为空；请结合所在逻辑组和下方源码使用位置判断。,托卡马克：仅 `USECADMODEL` 编译路径加载的额外 CAD model-info 文件，普通 `.dmg/.txt` 工作流不设置。仿星器：条件和用途相同，不参与 VMEC 几何映射。 字符串值可写成 `name = value` 或带引号形式；解析器会去掉首尾引号。,,unstructured/input.f90,1214,3,unstructured/scorec_mesh.f90(2); m3dc1_scorec/api/m3dc1_scorec.cc(1),"源码引用 3 处；主要在 `scorec_mesh.f90` 2处, `m3dc1_scorec.cc` 1处。","unstructured/scorec_mesh.f90:28: character(len=256) model_info
unstructured/scorec_mesh.f90:200: write(name_buff,""(A,A)"") model_info(1:len_trim(model_info)),0
m3dc1_scorec/api/m3dc1_scorec.cc:929: std::cout << ""Make sure to provide model_info file since model is .dmg\n"";"
555,ipartitioned,ipartitioned,&inputnl,Mesh,网格,integer,0,1,1 = the input mesh is partitioned,托卡马克：当前主源码只注册和保存该值，活动的 SCOREC `load_mesh` 没有按它分支。仿星器：行为相同，也不能用它切换逻辑 mesh 的装载方式；两者都应直接提供与运行方式匹配的 mesh 文件。,,unstructured/input.f90,1216,0,,未发现除注册/声明外的源码引用；可能是废弃参数、条件编译路径参数，或仅由外部工具/库间接使用。,
556,imatassemble,imatassemble,&inputnl,Mesh,网格,integer,0,1,0: use scorec matrix parallel assembly; 1 use petsc,托卡马克：0 使用 SCOREC、1 使用 PETSc 进行并行矩阵装配，不改变物理 R-Z mesh。仿星器：后端选择相同，不改变逻辑到物理的几何映射、区域或平衡场。,,unstructured/input.f90,1218,1,unstructured/newpar.f90(1),源码引用 1 处；主要在 `newpar.f90` 1处。,unstructured/newpar.f90:175: call m3dc1_matrix_setassembleoption(imatassemble)
557,is1_agg_blks,is1_agg_blk_cnt,&inputnl,Mesh,网格,integer,1,1,number of blocks to divide each node of dofs into for matrix s1,托卡马克：仅 `REORDERED` 编译时注册，设置 S1 矩阵每节点自由度聚合块数。仿星器：用法相同；只影响求解性能，不改变物理网格或 VMEC 映射。,ifdef REORDERED,unstructured/input.f90,1221,2,unstructured/time_step_split.f90(1); unstructured/time_step_unsplit.f90(1),"源码引用 2 处；主要在 `time_step_split.f90` 1处, `time_step_unsplit.f90` 1处。","unstructured/time_step_split.f90:192: call create_mat(s1_mat, vecsize_vel, vecsize_vel, icomplex, 1, is1_agg_blk_cnt, is1_agg_scp)
unstructured/time_step_unsplit.f90:59: call create_mat(s1_mat, vecsize_phi, vecsize_phi, icomplex, 1, is1_agg_blk_cnt, is1_agg_scp)"
558,is1_agg_scp,is1_agg_scp,&inputnl,Mesh,网格,integer,0,1,"0: per-rank aggregation, 1: per-plane aggregation, 2: global aggregation",托卡马克：仅 `REORDERED` 编译时注册；0 每 MPI rank、1 每环向平面、2 全局聚合。仿星器：取值相同，按所选周期域的平面组织聚合；不改变几何。,ifdef REORDERED,unstructured/input.f90,1223,2,unstructured/time_step_split.f90(1); unstructured/time_step_unsplit.f90(1),"源码引用 2 处；主要在 `time_step_split.f90` 1处, `time_step_unsplit.f90` 1处。","unstructured/time_step_split.f90:192: call create_mat(s1_mat, vecsize_vel, vecsize_vel, icomplex, 1, is1_agg_blk_cnt, is1_agg_scp)
unstructured/time_step_unsplit.f90:59: call create_mat(s1_mat, vecsize_phi, vecsize_phi, icomplex, 1, is1_agg_blk_cnt, is1_agg_scp)"
559,imulti_region,imulti_region,&inputnl,Mesh,网格,integer,0,1,1 = Mesh has multiple physical regions,托卡马克：0 时全部单元自动视为 plasma；1 时必须用 `boundary_type/zone_type` 明确等离子体、真空和导体区，适合第一壁/电阻壁计算。仿星器：语法相同，但标签只分类逻辑 mesh 的既有单元，程序不会根据 VMEC LCFS 或外场自动判定区域；必须先保证映射后的物理位置合理。,,unstructured/input.f90,1226,50,unstructured/metricterms_new_gpu.f90(39); unstructured/scorec_mesh.f90(5); unstructured/adapt.f90(1); unstructured/diagnostics.f90(1); unstructured/gradshafranov.f90(1); unstructured/init_eqdsk.f90(1); unstructured/input.f90(1); unstructured/output.f90(1),"源码引用 50 处；主要在 `metricterms_new_gpu.f90` 39处, `scorec_mesh.f90` 5处, `adapt.f90` 1处, `diagnostics.f90` 1处。","unstructured/adapt.f90:153: if(imulti_region.eq.1) then
unstructured/diagnostics.f90:841: if(imulti_region.eq.1 .and. izone.eq.ZONE_CONDUCTOR) then
unstructured/gradshafranov.f90:1137: if(imulti_region.eq.1) then
unstructured/init_eqdsk.f90:80: if(iread_eqdsk.eq.3 .or. idevice.eq.-1 .or. imulti_region.eq.1) then
unstructured/input.f90:1584: if(imulti_region.eq.1) then
unstructured/metricterms_new_gpu.f90:8646: if(inocurrent_pol.eq.1 .and. imulti_region.eq.0) then
unstructured/metricterms_new_gpu.f90:8675: if(inocurrent_pol.eq.1 .and. imulti_region.eq.0) then
unstructured/metricterms_new_gpu.f90:8704: if(inocurrent_pol.eq.1 .and. imulti_region.eq.0) then
unstructured/metricterms_new_gpu.f90:8738: if(inocurrent_tor.eq.1 .and. imulti_region.eq.0) then
unstructured/metricterms_new_gpu.f90:8768: if(inocurrent_tor.eq.1 .and. imulti_region.eq.0) then"
560,toroidal_pack_factor,toroidal_pack_factor,&inputnl,Mesh,网格,real,1.,1,ratio of longest to shortest toroidal element,托卡马克：3D 且 `iread_planes=0` 时，>1 在 `toroidal_pack_angle` 附近加密环向平面；1 均匀。仿星器：作用相同，但需在所选周期域内兼顾 VMEC/外场模数解析；不改变二维截面网格。,,unstructured/input.f90,1228,2,unstructured/scorec_mesh.f90(2),源码引用 2 处；主要在 `scorec_mesh.f90` 2处。,"unstructured/scorec_mesh.f90:163: if(toroidal_pack_factor.gt.1. .and. i.gt.0) then
unstructured/scorec_mesh.f90:164: beta = 2.*sqrt(alog(toroidal_pack_factor))"
561,toroidal_pack_angle,toroidal_pack_angle,&inputnl,Mesh,网格,real,0.,1,toroidal angle of maximum mesh packing,托卡马克：`toroidal_pack_factor>1` 且未读 `plane_positions` 时的最大环向加密角，必须位于托卡马克计算域内。仿星器：定义相同，但角度必须位于当前完整环面或场周期扇区内。,,unstructured/input.f90,1230,1,unstructured/scorec_mesh.f90(1),源码引用 1 处；主要在 `scorec_mesh.f90` 1处。,unstructured/scorec_mesh.f90:165: angle = toroidal_pack_angle + &
562,boundary_type,boundary_type,&inputnl,Mesh,网格,integer array,0,1000,Type of each mesh boundary.,托卡马克：`imulti_region=1` 时按几何边编号标记 1=第一壁、2=计算域外边界；它决定边界条件作用位置。仿星器：取值相同，但标记的是逻辑模型边，映射后才成为物理边界；不会自动等于 VMEC LCFS。 数组参数在 C1input 中使用 Fortran 一基索引，例如 `name(1)=...`；未赋值元素保持默认值。,,unstructured/input.f90,1232,20,unstructured/scorec_mesh.f90(17); unstructured/output.f90(3),"源码引用 20 处；主要在 `scorec_mesh.f90` 17处, `output.f90` 3处。","unstructured/output.f90:853: if(is_edge(1).ne.0) bound = bound + 1. + boundary_type(is_edge(1))*2**3
unstructured/output.f90:854: if(is_edge(2).ne.0) bound = bound + 2. + boundary_type(is_edge(2))*2**7
unstructured/output.f90:855: if(is_edge(3).ne.0) bound = bound + 4. + boundary_type(is_edge(3))*2**11
unstructured/scorec_mesh.f90:93: boundary_type(1) = BOUND_ANY
unstructured/scorec_mesh.f90:214: boundary_type(:) = BOUND_UNKNOWN
unstructured/scorec_mesh.f90:231: boundary_type(edges(j)) = BOUND_FIRSTWALL
unstructured/scorec_mesh.f90:249: boundary_type(edges(j)) = BOUND_DOMAIN
unstructured/scorec_mesh.f90:256: if(boundary_type(1).eq.BOUND_UNKNOWN) then
unstructured/scorec_mesh.f90:258: print *, 'Error: boundary_type(1) is not set'
unstructured/scorec_mesh.f90:261: if(.not.any(boundary_type(:).eq.BOUND_DOMAIN) .and. &"
563,zone_type,zone_type,&inputnl,Mesh,网格,integer array,0,100,Type of each mesh boundary.,托卡马克：`imulti_region=1` 时按 zone 编号标记 1=plasma、2=conductor、3=vacuum。仿星器：取值相同，但必须由用户确认逻辑 zone 经 VMEC/bloat 映射后确实落在相应物理区域；程序只检查标签是否存在，不检查与平衡的一致性。 数组参数在 C1input 中使用 Fortran 一基索引，例如 `name(1)=...`；未赋值元素保持默认值。,,unstructured/input.f90,1234,15,unstructured/scorec_mesh.f90(9); unstructured/diagnostics.f90(4); unstructured/transport.f90(2),"源码引用 15 处；主要在 `scorec_mesh.f90` 9处, `diagnostics.f90` 4处, `transport.f90` 2处。","unstructured/diagnostics.f90:824: izone = zone_type(izone_ind)
unstructured/diagnostics.f90:1227: izone = zone_type(izone_ind)
unstructured/diagnostics.f90:2628: izone = zone_type(izone_ind)
unstructured/diagnostics.f90:2996: izone = zone_type(izone_ind)
unstructured/scorec_mesh.f90:95: zone_type(1) = ZONE_PLASMA
unstructured/scorec_mesh.f90:267: if(zone_type(1).eq.ZONE_UNKNOWN) then
unstructured/scorec_mesh.f90:269: print *, 'Error: zone_type(1) is not set'
unstructured/scorec_mesh.f90:276: print *, 'ERROR: Default boundary_type and zone_type are no longer assigned'
unstructured/scorec_mesh.f90:284: print *, 'zone_type(i) = '
unstructured/scorec_mesh.f90:298: print *, ' zone_type(1) = 1 ! Plasma'"
4,iread_eqdsk,iread_eqdsk,&inputnl,Input,输入文件/剖面读入,integer,0,1,源码 `add_var_*` 注册说明为空；请结合所在逻辑组和下方源码使用位置判断。,托卡马克：轴对称 g-file 平衡入口。1 直接投影 `geqdsk`；2 读入 gfile 后在 GS 中改用默认压力/F；3 不使用 `psirz`，只取磁轴、电流和剖面重新求解 GS。仿星器：必须为 0，否则会在 `itaylor=40/41` 之前抢占初始化入口。,,unstructured/input.f90,225,10,unstructured/init_eqdsk.f90(6); unstructured/gradshafranov.f90(2); unstructured/init_conds.f90(1); unstructured/input.f90(1),"源码引用 10 处；主要在 `init_eqdsk.f90` 6处, `gradshafranov.f90` 2处, `init_conds.f90` 1处, `input.f90` 1处。","unstructured/gradshafranov.f90:1166: if(iread_eqdsk .eq. 1) psilim = psibound
unstructured/gradshafranov.f90:1274: if(iread_eqdsk.ne.1 .or. itnum.gt.1) then
unstructured/init_conds.f90:535: if(iread_eqdsk.ge.1) then
unstructured/init_eqdsk.f90:33: if(myrank.eq.0 .and. iprint.gt.0) print *, ""before load_eqdsk"", iread_eqdsk
unstructured/init_eqdsk.f90:77: if(iread_eqdsk.eq.3 .and. ifixedb.eq.0) then
unstructured/init_eqdsk.f90:80: if(iread_eqdsk.eq.3 .or. idevice.eq.-1 .or. imulti_region.eq.1) then
unstructured/init_eqdsk.f90:86: if(iread_eqdsk.eq.3) then
unstructured/init_eqdsk.f90:179: if(iread_eqdsk.eq.2) then
unstructured/init_eqdsk.f90:236: if(iread_eqdsk.eq.1 .or. iread_eqdsk.eq.2) then
unstructured/input.f90:1577: if(iread_eqdsk.ne.0 .and. igs_extend_p.eq.0 .and. irot.le.0) then"
5,iread_dskbal,iread_dskbal,&inputnl,Input,输入文件/剖面读入,integer,0,1,源码 `add_var_*` 注册说明为空；请结合所在逻辑组和下方源码使用位置判断。,托卡马克：旧 BAL 平衡入口。1 使用文件 psi、F、FF′、ne 并由 ne(Te+Ti) 计算压力；2 压力/F 改用默认剖面；两者都调用 GS。仿星器：必须为 0，否则屏蔽 VMEC/外场初始化。,,unstructured/input.f90,226,2,unstructured/init_conds.f90(1); unstructured/init_dskbal.f90(1),"源码引用 2 处；主要在 `init_conds.f90` 1处, `init_dskbal.f90` 1处。","unstructured/init_conds.f90:537: else if(iread_dskbal.ge.1) then
unstructured/init_dskbal.f90:60: if(iread_dskbal.eq.2) then"
6,iread_jsolver,iread_jsolver,&inputnl,Input,输入文件/剖面读入,integer,0,1,源码 `add_var_*` 注册说明为空；请结合所在逻辑组和下方源码使用位置判断。,托卡马克：旧 Jsolver 平衡入口，读取 `fixed`；`igs>0` 时 1 使用文件 p/F、2 改用默认 p/F，`igs=0` 时直接投影。仿星器：必须为 0，否则屏蔽 VMEC/外场初始化。,,unstructured/input.f90,227,2,unstructured/init_conds.f90(1); unstructured/init_jsolver.f90(1),"源码引用 2 处；主要在 `init_conds.f90` 1处, `init_jsolver.f90` 1处。","unstructured/init_conds.f90:539: else if(iread_jsolver.ge.1) then
unstructured/init_jsolver.f90:77: if(iread_jsolver.eq.2) then"
7,iread_omega,iread_omega,&inputnl,Input,输入文件/剖面读入,integer,0,1,源码 `add_var_*` 注册说明为空；请结合所在逻辑组和下方源码使用位置判断。,托卡马克：仅 GS 且 `irot!=0` 时读取，模式 1/2/3/4/5/20 分别对应 `profile_omega`、`dtrot.xy`、`profile_vphi`、rho 文件、带表头文件和 `iterdb`，之后乘 `vscale`。仿星器：VMEC 与 `itaylor=41` 路径均不读取。 源码用法：`iread_omega_e` 与 `iread_omega_ExB` 会在校验阶段映射到同一个内部选择量；`irot=0` 时不会读取文件。 运行时默认：`iread_omega_e` 或 `iread_omega_ExB` 非零时会写入同一个内部 `iread_omega`，且与已有 `iread_omega` 互斥。,,unstructured/input.f90,228,10,unstructured/input.f90(6); unstructured/gradshafranov.f90(2); unstructured/init_cyl.f90(2),"源码引用 10 处；主要在 `input.f90` 6处, `gradshafranov.f90` 2处, `init_cyl.f90` 2处。","unstructured/gradshafranov.f90:472: if(iread_te.eq.20 .or. iread_ne.eq.20 .or. iread_omega.eq.20) then
unstructured/gradshafranov.f90:857: select case(iread_omega)
unstructured/init_cyl.f90:110: if(iread_omega.eq.1) then
unstructured/init_cyl.f90:229: if(iread_omega.eq.0) then
unstructured/input.f90:230: ""Read electron rotation (same options as iread_omega)"", input_grp)
unstructured/input.f90:232: ""Read ExB rotation (same options as iread_omega)"", input_grp)
unstructured/input.f90:1615: if(iread_omega .ne. 0) then
unstructured/input.f90:1619: iread_omega = iread_omega_e
unstructured/input.f90:1622: if(iread_omega .ne. 0) then
unstructured/input.f90:1626: iread_omega = iread_omega_ExB"
8,iread_omega_e,iread_omega_e,&inputnl,Input,输入文件/剖面读入,integer,0,1,Read electron rotation (same options as iread_omega),托卡马克：文件模式同 `iread_omega`，随后扣除完整抗磁项换算为离子角频率。仿星器：不读取。与 `iread_omega`、`iread_omega_ExB` 严格互斥。,,unstructured/input.f90,229,4,unstructured/gradshafranov.f90(2); unstructured/input.f90(2),"源码引用 4 处；主要在 `gradshafranov.f90` 2处, `input.f90` 2处。","unstructured/gradshafranov.f90:962: if((iread_omega_e.ne.0 .or. iread_omega_ExB.ne.0) .and. db.ne.0.) then
unstructured/gradshafranov.f90:980: if(iread_omega_e.ne.0) then
unstructured/input.f90:1614: if(iread_omega_e .ne. 0) then
unstructured/input.f90:1619: iread_omega = iread_omega_e"
9,iread_omega_ExB,iread_omega_ExB,&inputnl,Input,输入文件/剖面读入,integer,0,1,Read ExB rotation (same options as iread_omega),托卡马克：文件模式同 `iread_omega`，随后扣除离子抗磁项换算为离子角频率。仿星器：不读取。与 `iread_omega`、`iread_omega_e` 严格互斥。,,unstructured/input.f90,231,4,unstructured/gradshafranov.f90(2); unstructured/input.f90(2),"源码引用 4 处；主要在 `gradshafranov.f90` 2处, `input.f90` 2处。","unstructured/gradshafranov.f90:962: if((iread_omega_e.ne.0 .or. iread_omega_ExB.ne.0) .and. db.ne.0.) then
unstructured/gradshafranov.f90:985: else if(iread_omega_ExB.ne.0) then
unstructured/input.f90:1621: if(iread_omega_ExB .ne. 0) then
unstructured/input.f90:1626: iread_omega = iread_omega_ExB"
10,iread_ne,iread_ne,&inputnl,Input,输入文件/剖面读入,integer,0,1,源码 `add_var_*` 注册说明为空；请结合所在逻辑组和下方源码使用位置判断。,托卡马克：GS 使用 1/2/4/10/20 读取 psi、rho、Corsica 或 iterdb 密度。仿星器：固定边界 VMEC 用 21 读取 `n_profile(s)`；21 不用于 `itaylor=41`，该路径可用 22 的 `n_profile(s)` 或 23 的 `n_profile_vs_p` 在平衡后重写密度。两种装置中 `den_edge>0` 均与非零值冲突。 源码用法：GS 路径的 1/2/4/10/20 建立磁通函数；VMEC/ST 的 21/22/23 分别在 VMEC 投影中或后续 `den_eq` 中写入密度。,,unstructured/input.f90,233,18,unstructured/init_common.f90(6); unstructured/init_vmec.f90(5); unstructured/gradshafranov.f90(3); unstructured/init_cyl.f90(2); unstructured/input.f90(2),"源码引用 18 处；主要在 `init_common.f90` 6处, `init_vmec.f90` 5处, `gradshafranov.f90` 3处, `init_cyl.f90` 2处。","unstructured/gradshafranov.f90:472: if(iread_te.eq.20 .or. iread_ne.eq.20 .or. iread_omega.eq.20) then
unstructured/gradshafranov.f90:713: if(iread_ne.ne.0) then
unstructured/gradshafranov.f90:732: select case(iread_ne)
unstructured/init_common.f90:260: .and. .not.(iread_ne.eq.22).and. .not.(iread_ne.eq.23)) return
unstructured/init_common.f90:271: if (iread_ne .eq. 22) then
unstructured/init_common.f90:283: if (iread_ne .eq. 23) then
unstructured/init_common.f90:304: if(iread_ne.eq.0) then
unstructured/init_common.f90:344: elseif(iread_ne .eq. 22) then
unstructured/init_common.f90:353: elseif(iread_ne .eq. 23) then
unstructured/init_cyl.f90:130: if(iread_ne.eq.1) then"
11,iread_te,iread_te,&inputnl,Input,输入文件/剖面读入,integer,0,1,源码 `add_var_*` 注册说明为空；请结合所在逻辑组和下方源码使用位置判断。,托卡马克：GS 使用 1/2/4/10/20 读取不同坐标和单位的 Te。仿星器：仅固定边界 VMEC 的 21 读取 `te_profile(s)`；自由边界路径不读取。两种装置中 `tedge>0` 均与非零值冲突。 源码用法：GS 路径的 1/2/4/10/20 分别采用 psi、rho、Corsica 或 iterdb 坐标；VMEC 的 21 采用逻辑 `s=rho^2`。,,unstructured/input.f90,234,11,unstructured/init_vmec.f90(5); unstructured/gradshafranov.f90(2); unstructured/init_cyl.f90(2); unstructured/input.f90(2),"源码引用 11 处；主要在 `init_vmec.f90` 5处, `gradshafranov.f90` 2处, `init_cyl.f90` 2处, `input.f90` 2处。","unstructured/gradshafranov.f90:472: if(iread_te.eq.20 .or. iread_ne.eq.20 .or. iread_omega.eq.20) then
unstructured/gradshafranov.f90:561: select case(iread_te)
unstructured/init_cyl.f90:148: if(iread_te.eq.1) then
unstructured/init_cyl.f90:244: else if(iread_te.eq.1) then
unstructured/init_vmec.f90:75: if(iread_te.eq.21) then
unstructured/init_vmec.f90:177: if(iread_te.eq.21) then
unstructured/init_vmec.f90:208: if(iread_te.eq.21) then
unstructured/init_vmec.f90:246: if(iread_te.eq.21) then
unstructured/init_vmec.f90:330: else if(iread_te.eq.21) then
unstructured/input.f90:1701: if(iread_te.ne.0) then"
12,iread_p,iread_p,&inputnl,Input,输入文件/剖面读入,integer,0,1,源码 `add_var_*` 注册说明为空；请结合所在逻辑组和下方源码使用位置判断。,"托卡马克：GS 中 1 读取 `profile_p(psi_N,p)`，替换 gfile/旧平衡或默认压力剖面。仿星器：固定边界 VMEC 中 21 读取 `p_profile(s,p)` 并替换 wout 的 `presf` 压力场，但不改变几何和磁场；自由边界路径不读取。 源码用法：GS 外部压力剖面会替换 gfile/dskbal/jsolver 或默认剖面；VMEC 外部压力只替换压力场，不改变 wout 的几何和磁场。",,unstructured/input.f90,235,11,unstructured/init_vmec.f90(7); unstructured/init_cyl.f90(3); unstructured/gradshafranov.f90(1),"源码引用 11 处；主要在 `init_vmec.f90` 7处, `init_cyl.f90` 3处, `gradshafranov.f90` 1处。","unstructured/gradshafranov.f90:397: select case(iread_p)
unstructured/init_cyl.f90:72: if(iread_p.eq.1) then
unstructured/init_cyl.f90:209: if(iread_p.eq.0) then
unstructured/init_cyl.f90:247: if(iread_p.eq.1) then
unstructured/init_vmec.f90:87: if(iread_p.eq.21) then
unstructured/init_vmec.f90:162: if(iread_p.eq.21) then
unstructured/init_vmec.f90:191: if(iread_p.eq.21) then
unstructured/init_vmec.f90:217: if(iread_p.eq.21) then
unstructured/init_vmec.f90:250: if(iread_p.eq.21) then
unstructured/init_vmec.f90:320: if(iread_p.eq.21) then"
13,iread_f,iread_f,&inputnl,Input,输入文件/剖面读入,integer,0,1,Read profile_f file containing F=R*B_phi vs Psi_N for GS solve,"托卡马克：GS 中 1 读取 `profile_f(psi_N,F)`，其中 F 满足 \(F=R B_\phi\)；该文件替换 F，并按最外点重设 `bzero`。仿星器：不读取，VMEC 磁场仍来自 wout，`itaylor=41` 磁场来自外场文件。",,unstructured/input.f90,236,3,unstructured/init_cyl.f90(2); unstructured/gradshafranov.f90(1),"源码引用 3 处；主要在 `init_cyl.f90` 2处, `gradshafranov.f90` 1处。","unstructured/gradshafranov.f90:429: select case(iread_f)
unstructured/init_cyl.f90:91: if(iread_f.eq.1) then
unstructured/init_cyl.f90:219: if(iread_f.eq.0) then"
14,iread_j,iread_j,&inputnl,Input,输入文件/剖面读入,integer,0,1,Read profile_j file containing toroidal J_phi(r) (basicj equilibrium only),"托卡马克：常规轴对称 GS 不使用；仅非托卡马克圆柱测试路径 `itor=0,itaylor=33` 读取 `profile_j(r,J_phi)`。仿星器：不使用。",,unstructured/input.f90,239,2,unstructured/init_cyl.f90(2),源码引用 2 处；主要在 `init_cyl.f90` 2处。,"unstructured/init_cyl.f90:54: if(iread_j.eq.1) then
unstructured/init_cyl.f90:198: if(iread_j.eq.0) then"
15,iread_heatsource,iread_heatsource,&inputnl,Input,输入文件/剖面读入,integer,0,1,源码 `add_var_*` 注册说明为空；请结合所在逻辑组和下方源码使用位置判断。,托卡马克：1 读取 `profile_heatsource(psi_N)`。仿星器：1 读取同名文件，但横坐标解释为逻辑 `s=xl^2+zl^2`。两者均把第二列乘 `ghs_rate` 并与其他热源相加，且只在非线性压力/温度方程中生效。,,unstructured/input.f90,242,2,unstructured/input.f90(1); unstructured/transport.f90(1),"源码引用 2 处；主要在 `input.f90` 1处, `transport.f90` 1处。","unstructured/input.f90:1670: iread_heatsource.eq.1 .or. &
unstructured/transport.f90:639: if(iread_heatsource.eq.1) then"
17,iread_particlesource,iread_particlesource,&inputnl,Input,输入文件/剖面读入,integer,0,1,源码 `add_var_*` 注册说明为空；请结合所在逻辑组和下方源码使用位置判断。,"托卡马克：1 读取 `profile_particlesource(psi_N)`。仿星器：1 读取同名文件，但横坐标解释为逻辑 `s=xl^2+zl^2`。两者均把第二列乘输入参数 `pellet_rate` 并与其他密度源相加，且要求 `idens=1,linear=0`。",,unstructured/input.f90,244,2,unstructured/input.f90(1); unstructured/transport.f90(1),"源码引用 2 处；主要在 `input.f90` 1处, `transport.f90` 1处。","unstructured/input.f90:1663: .or. ibeam.eq.2 .or. iread_particlesource.eq.1 &
unstructured/transport.f90:366: if(iread_particlesource.eq.1) then"
18,iread_neo,iread_neo,&inputnl,Input,输入文件/剖面读入,integer,0,1,Read velocity data from NEO output,托卡马克：1 读取三类 NEO 输出和 GYRO `input.profiles`；环向速度叠加到已有 `vz`，极向速度重写 `u/chi`，非 plasma 磁区置零。仿星器：没有与 VMEC 逻辑坐标配套的专用实现，建议保持 0。,,unstructured/input.f90,245,2,unstructured/init_conds.f90(2),源码引用 2 处；主要在 `init_conds.f90` 2处。,"unstructured/init_conds.f90:530: if(iread_neo.eq.1) then
unstructured/init_conds.f90:661: if(iread_neo.eq.1) then"
19,ineo_subtract_diamag,ineo_subtract_diamag,&inputnl,Input,输入文件/剖面读入,integer,0,1,Subtract diamag. term from input vel. when reading NEO vel.,"托卡马克：仅 `iread_neo=1,db!=0` 时从 NEO 环向速度扣除离子抗磁贡献。仿星器：随 `iread_neo` 保持 0。",,unstructured/input.f90,247,7,unstructured/init_conds.f90(7),源码引用 7 处；主要在 `init_conds.f90` 7处。,"unstructured/init_conds.f90:317: if(db.ne.0. .and. ineo_subtract_diamag.eq.1) call create_field(diamag)
unstructured/init_conds.f90:332: if(db.ne.0. .and. ineo_subtract_diamag.eq.1) then
unstructured/init_conds.f90:432: if(db.ne.0. .and. ineo_subtract_diamag.eq.1) then
unstructured/init_conds.f90:445: if(db.ne.0. .and. ineo_subtract_diamag.eq.1) then
unstructured/init_conds.f90:451: if(db.ne.0. .and. ineo_subtract_diamag.eq.1) call sum_shared(diamag%vec)
unstructured/init_conds.f90:461: if(db.ne.0. .and. ineo_subtract_diamag.eq.1) then
unstructured/init_conds.f90:479: if(db.ne.0. .and. ineo_subtract_diamag.eq.1) call destroy_field(diamag)"
191,itaylor,itaylor,&inputnl,Equilibrium,平衡与初始条件,integer,0,1,源码 `add_var_*` 注册说明为空；请结合所在逻辑组和下方源码使用位置判断。,托卡马克：当三个外部平衡入口均为 0 时选择内置初始化；`itaylor=1` 进入 GS，19 为 Solovev，24 为 RWM，29/31 为 basicJ，-1 为常量场。仿星器：40 直接投影固定边界 VMEC 平衡；41 从三维 total/external field 初始化，程序不求解 VMEC 自由边界平衡。 源码用法：主初始化分发开关；不同几何下选择 tilting cylinder、GS、VMEC/stellarator、fixed-q、basicJ、RWM、wave/diffusion tests 等分支。,,unstructured/input.f90,560,20,unstructured/transport.f90(4); unstructured/init_basicj.f90(3); unstructured/init_basicq.f90(3); unstructured/init_conds.f90(3); unstructured/rmp.f90(3); unstructured/ludef_t.f90(2); unstructured/output.f90(1); unstructured/restart_hdf5.f90(1),"源码引用 20 处；主要在 `transport.f90` 4处, `init_basicj.f90` 3处, `init_basicq.f90` 3处, `init_conds.f90` 3处。","unstructured/init_basicj.f90:34: select case(itaylor)
unstructured/init_basicj.f90:81: select case(itaylor)
unstructured/init_basicj.f90:122: select case(itaylor)
unstructured/init_basicq.f90:35: itaylor_qp = itaylor
unstructured/init_basicq.f90:106: if(itaylor.eq.22) call setupLZeqbm
unstructured/init_basicq.f90:185: if(itaylor.eq.27) then
unstructured/init_conds.f90:544: select case(itaylor)
unstructured/init_conds.f90:598: select case(itaylor)
unstructured/init_conds.f90:689: if(itaylor.eq.41 .and. extsubtract.eq.0) then
unstructured/ludef_t.f90:3523: if(iheat_sink.eq.1 .and. itaylor.eq.27) then"
192,iupstream,iupstream,&inputnl,Equilibrium,平衡与初始条件,integer,0,1,源码 `add_var_*` 注册说明为空；请结合所在逻辑组和下方源码使用位置判断。,托卡马克与仿星器：环向数值上风/稳定化开关，不选择平衡。0 关闭；1 把 `magus` 给出的人工环向二阶项加到已有系数；2 用该人工项替代相应系数。它在时间演化算子中生效。,,unstructured/input.f90,561,25,unstructured/metricterms_new.f90(12); unstructured/metricterms_new_gpu.f90(9); unstructured/parallel_heat_flux.f90(4),"源码引用 25 处；主要在 `metricterms_new.f90` 12处, `metricterms_new_gpu.f90` 9处, `parallel_heat_flux.f90` 4处。","unstructured/metricterms_new.f90:6106: if(iupstream.eq.1) then
unstructured/metricterms_new.f90:6109: elseif(iupstream.eq.2) then
unstructured/metricterms_new.f90:6139: if(iupstream.eq.1) then
unstructured/metricterms_new.f90:6147: elseif(iupstream.eq.2) then
unstructured/metricterms_new.f90:7547: if(iupstream.eq.1) then
unstructured/metricterms_new.f90:7550: elseif(iupstream.eq.2) then
unstructured/metricterms_new.f90:8702: if(iupstream.eq.1) then
unstructured/metricterms_new.f90:8707: if(iupstream.eq.2) then
unstructured/metricterms_new.f90:8770: if(iupstream.eq.1) then
unstructured/metricterms_new.f90:8775: if(iupstream.eq.2) then"
193,magus,magus,&inputnl,Equilibrium,平衡与初始条件,real,5.e-2,1,源码 `add_var_*` 注册说明为空；请结合所在逻辑组和下方源码使用位置判断。,托卡马克与仿星器：`iupstream=1/2` 时人工环向二阶稳定项的无量纲强度；常与局部场或速度绝对值相乘。0 不一定关闭，关闭应设 `iupstream=0`。,,unstructured/input.f90,562,25,unstructured/metricterms_new.f90(12); unstructured/metricterms_new_gpu.f90(9); unstructured/parallel_heat_flux.f90(4),"源码引用 25 处；主要在 `metricterms_new.f90` 12处, `metricterms_new_gpu.f90` 9处, `parallel_heat_flux.f90` 4处。","unstructured/metricterms_new.f90:6107: temp79a = abs(h(:,OP_1))*magus
unstructured/metricterms_new.f90:6110: temp79a = abs(h(:,OP_1))*magus
unstructured/metricterms_new.f90:6140: temp79a = abs(h(:,OP_1))*magus
unstructured/metricterms_new.f90:6148: temp79a = abs(h(:,OP_1))*magus
unstructured/metricterms_new.f90:7548: temp79a = abs(h(:,OP_1))*magus
unstructured/metricterms_new.f90:7551: temp79a = abs(h(:,OP_1))*magus
unstructured/metricterms_new.f90:8703: temp79a = temp79a + abs(i(:,OP_1))*magus
unstructured/metricterms_new.f90:8708: temp79a = abs(i(:,OP_1))*magus
unstructured/metricterms_new.f90:8771: temp79a = temp79a + abs(h(:,OP_1))*magus
unstructured/metricterms_new.f90:8776: temp79a = abs(h(:,OP_1))*magus"
194,iflip,iflip,&inputnl,Equilibrium,平衡与初始条件,integer,0,1,源码 `add_var_*` 注册说明为空；请结合所在逻辑组和下方源码使用位置判断。,托卡马克与仿星器：新启动时把坐标系手性翻转，统一反号 psi、环向场、速度势和环向速度，并反号 `vloop/tcur`；这是整体坐标约定变换，不等同于单独反转 B、J 或 V。restart 路径不再次调用该初始翻转。,,unstructured/input.f90,563,2,unstructured/input.f90(1); unstructured/newpar.f90(1),"源码引用 2 处；主要在 `input.f90` 1处, `newpar.f90` 1处。","unstructured/input.f90:1571: if(iflip.eq.1) then
unstructured/newpar.f90:237: if(iflip.eq.1) then"
195,iflip_b,iflip_b,&inputnl,Equilibrium,平衡与初始条件,integer,0,1,Reverse equilibrium toroidal field,托卡马克：平衡和已构造外场的环向磁场反号。仿星器：固定 VMEC 或外场初始化后同样反转环向场分量；必须确保输入场、诊断和模数符号约定一致。,,unstructured/input.f90,564,2,unstructured/init_conds.f90(1); unstructured/rmp.f90(1),"源码引用 2 处；主要在 `init_conds.f90` 1处, `rmp.f90` 1处。","unstructured/init_conds.f90:713: if(iflip_b.eq.1) call mult(bz_field(0), -1.)
unstructured/rmp.f90:669: if(iflip_b.eq.1) then"
196,iflip_j,iflip_j,&inputnl,Equilibrium,平衡与初始条件,integer,0,1,Reverse equilibrium toroidal current,托卡马克：反转平衡极向磁通，从而反转环向电流；`icsubtract=1` 时线圈磁通也反号。gfile 负电流已自动处理，`iflip_j=1` 会中止并提示用 2 强制覆盖。仿星器：同样反转 psi 表示，通常不应把它当作重新求解电流剖面。,,unstructured/input.f90,566,6,unstructured/init_eqdsk.f90(3); unstructured/gradshafranov.f90(1); unstructured/init_conds.f90(1); unstructured/rmp.f90(1),"源码引用 6 处；主要在 `init_eqdsk.f90` 3处, `gradshafranov.f90` 1处, `init_conds.f90` 1处, `rmp.f90` 1处。","unstructured/gradshafranov.f90:997: if(iflip_j.eq.1) dia = -dia
unstructured/init_conds.f90:714: if(iflip_j.gt.0) then
unstructured/init_eqdsk.f90:55: if(current.lt.0 .and. iflip_j.eq.1) then
unstructured/init_eqdsk.f90:57: print *, 'WARNING: iflip_j = 1 for case with negative current.'
unstructured/init_eqdsk.f90:60: print *, 'iflip_j = 2.'
unstructured/rmp.f90:672: if(iflip_j.eq.1) then"
197,iflip_v,iflip_v,&inputnl,Equilibrium,平衡与初始条件,integer,0,1,Reverse equilibrium toroidal velocity,托卡马克与仿星器：1 反转平衡环向速度；-1 把平衡环向速度清零；0 保持初始化结果。它在平衡与 NEO 速度处理完成后执行。,,unstructured/input.f90,568,3,unstructured/init_conds.f90(2); unstructured/gradshafranov.f90(1),"源码引用 3 处；主要在 `init_conds.f90` 2处, `gradshafranov.f90` 1处。","unstructured/gradshafranov.f90:998: if(iflip_v.eq.1) dia = -dia
unstructured/init_conds.f90:720: if(iflip_v.eq.1) call mult(vz_field(0), -1.)
unstructured/init_conds.f90:721: if(iflip_v.eq.-1) call mult(vz_field(0), 0.)"
198,iflip_z,iflip_z,&inputnl,Equilibrium,平衡与初始条件,integer,0,1,源码 `add_var_*` 注册说明为空；请结合所在逻辑组和下方源码使用位置判断。,托卡马克：当前源码只在 gfile 初始化中令 `zmaxis=-zmaxis`，并未同时镜像 `psirz`、mesh 或其它场，不能视为完整的上下翻转。仿星器：VMEC/外场路径没有活动使用。,,unstructured/input.f90,570,1,unstructured/init_eqdsk.f90(1),源码引用 1 处；主要在 `init_eqdsk.f90` 1处。,unstructured/init_eqdsk.f90:65: if(iflip_z.eq.1) zmaxis = -zmaxis
199,icsym,icsym,&inputnl,Equilibrium,平衡与初始条件,integer,0,1,源码 `add_var_*` 注册说明为空；请结合所在逻辑组和下方源码使用位置判断。,"托卡马克：控制 `eps` 初始扰动的上下对称性，0 无约束，1 仅给 U 加奇对称扰动，2 仅给 U 加偶对称扰动，3 使用确定性的 (1,1) 型扰动。仿星器：取值相同，但随机形状在逻辑网格坐标中构造后映射到物理空间。",,unstructured/input.f90,571,2,unstructured/init_common.f90(1); unstructured/init_conds.f90(1),"源码引用 2 处；主要在 `init_common.f90` 1处, `init_conds.f90` 1处。","unstructured/init_common.f90:77: select case (icsym)
unstructured/init_conds.f90:150: select case (icsym)"
200,bzero,bzero,&inputnl,Equilibrium,平衡与初始条件,real,1.,1,源码 `add_var_*` 注册说明为空；请结合所在逻辑组和下方源码使用位置判断。,托卡马克：解析/GS 初始化的参考环向场，通常表示 `rzero` 处 Bphi；gfile 会以最外层 `fpol/rmaxis` 覆盖它，`profile_f` 与 GS 磁场缩放还可再次改写。仿星器：固定 VMEC 的 B 直接来自 wout，三维外场来自场文件，本参数不替代这些数据；TF 倾斜/平移解析误差场仍会用到它。,,unstructured/input.f90,572,99,unstructured/gradshafranov.f90(23); unstructured/init_3dwave.f90(17); unstructured/init_basicj.f90(7); unstructured/init_mri.f90(4); unstructured/init_rotating_cylinder.f90(4); unstructured/init_rwm.f90(4); unstructured/init_wave.f90(4); unstructured/init_conds.f90(3),"源码引用 99 处；主要在 `gradshafranov.f90` 23处, `init_3dwave.f90` 17处, `init_basicj.f90` 7处, `init_mri.f90` 4处。","unstructured/gradshafranov.f90:444: bzero = yvals(nvals)/rzero
unstructured/gradshafranov.f90:483: bzero = bzero*bscale
unstructured/gradshafranov.f90:507: if(bzero.gt.0) then
unstructured/gradshafranov.f90:510: (1.-bpscale)*bpscale*bzero*rzero / &
unstructured/gradshafranov.f90:511: sqrt(2.*g0_spline%y(:)+(bzero*rzero)**2))
unstructured/gradshafranov.f90:513: .5*bpscale*(sqrt(2.*g0_spline%y(:)+(bzero*rzero)**2)-(bzero*rzero)) &
unstructured/gradshafranov.f90:514: *(2.*bzero*rzero &
unstructured/gradshafranov.f90:515: + (sqrt(2.*g0_spline%y(:)+(bzero*rzero)**2)-(bzero*rzero))*bpscale)
unstructured/gradshafranov.f90:519: (1.-bpscale)*bpscale*bzero*rzero / &
unstructured/gradshafranov.f90:520: sqrt(2.*g0_spline%y(:)+(bzero*rzero)**2))"
201,bx0,bx0,&inputnl,Equilibrium,平衡与初始条件,real,0.,1,源码 `add_var_*` 注册说明为空；请结合所在逻辑组和下方源码使用位置判断。,托卡马克：仅 wave、3D diffusion 等内置测试平衡的初始 x 向磁场幅值，gfile/GS 生产路径不使用。仿星器：`itaylor=40/41` 不使用。,,unstructured/input.f90,573,27,unstructured/init_3dwave.f90(16); unstructured/init_3ddiffusion.f90(6); unstructured/init_wave.f90(5),"源码引用 27 处；主要在 `init_3dwave.f90` 16处, `init_3ddiffusion.f90` 6处, `init_wave.f90` 5处。","unstructured/init_3ddiffusion.f90:59: psi0_l(1) = bx0*sin(kx*x)*sin(kz*z)
unstructured/init_3ddiffusion.f90:60: psi0_l(2) = bx0*cos(kx*x)*sin(kz*z)*kx
unstructured/init_3ddiffusion.f90:61: psi0_l(3) = bx0*sin(kx*x)*cos(kz*z)*kz
unstructured/init_3ddiffusion.f90:62: psi0_l(4) =-bx0*sin(kx*x)*sin(kz*z)*kx**2
unstructured/init_3ddiffusion.f90:63: psi0_l(5) = bx0*cos(kx*x)*cos(kz*z)*kx*kz
unstructured/init_3ddiffusion.f90:64: psi0_l(6) =-bx0*sin(kx*x)*sin(kz*z)*kz**2
unstructured/init_3dwave.f90:30: kB = kx*Bx0 + kphi*bzero
unstructured/init_3dwave.f90:31: b2 = bzero**2 + Bx0**2
unstructured/init_3dwave.f90:52: omega = bx0*kx*kB + 0.5*b2*kphi**2 &
unstructured/init_3dwave.f90:53: + 0.5*sqrt((2.*bx0*kx*kB + B2*kphi**2)**2 &"
202,vzero,vzero,&inputnl,Equilibrium,平衡与初始条件,real,0.,1,源码 `add_var_*` 注册说明为空；请结合所在逻辑组和下方源码使用位置判断。,托卡马克：若干解析初始化的环向/轴向速度标度；basicJ 用作核心平坦转动值，`itaylor=-1` 直接作为均匀环向速度。gfile/GS 的文件旋转由 Input 组控制。仿星器：VMEC/外场路径不从本参数建立旋转。,,unstructured/input.f90,574,8,unstructured/init_rotating_cylinder.f90(4); unstructured/init_basicj.f90(2); unstructured/init_conds.f90(1); unstructured/init_cyl.f90(1),"源码引用 8 处；主要在 `init_rotating_cylinder.f90` 4处, `init_basicj.f90` 2处, `init_conds.f90` 1处, `init_cyl.f90` 1处。","unstructured/init_basicj.f90:59: vz = vzero
unstructured/init_basicj.f90:61: vz = vzero*exp(-(r - basicj_voff)**2/(basicj_vdelt*ln)**2) &
unstructured/init_conds.f90:601: vz_field(0) = vzero
unstructured/init_cyl.f90:230: temp79a = vzero
unstructured/init_rotating_cylinder.f90:55: vz0_l(1) = vzero*x**2
unstructured/init_rotating_cylinder.f90:56: vz0_l(2) = 2.*vzero*x
unstructured/init_rotating_cylinder.f90:58: vz0_l(4) = 2.*vzero
unstructured/init_rotating_cylinder.f90:74: den0_l(1) = 2.*(bzero/vzero)**2"
203,phizero,phizero,&inputnl,Equilibrium,平衡与初始条件,real,0.,1,源码 `add_var_*` 注册说明为空；请结合所在逻辑组和下方源码使用位置判断。,托卡马克：FRS、FTZ、eigen 等测试初始化中速度流函数 U 的扰动幅值；常规 gfile/GS 不使用。仿星器：`itaylor=40/41` 不使用。,,unstructured/input.f90,575,3,unstructured/init_eigen.f90(1); unstructured/init_frs.f90(1); unstructured/init_ftz.f90(1),"源码引用 3 处；主要在 `init_eigen.f90` 1处, `init_frs.f90` 1处, `init_ftz.f90` 1处。","unstructured/init_eigen.f90:88: u1_l = phizero*vmask
unstructured/init_frs.f90:216: u1_l = phizero*vmask
unstructured/init_ftz.f90:120: u1_l = phizero*vmask"
204,verzero,verzero,&inputnl,Equilibrium,平衡与初始条件,real,0.,1,源码 `add_var_*` 注册说明为空；请结合所在逻辑组和下方源码使用位置判断。,托卡马克与仿星器：在 `init_perturbations` 中向 plasma zone 的扰动速度势加入 `R*verzero`，用于给定初始竖直速度；它是扰动层，不会改变读入平衡或 LCFS。,,unstructured/input.f90,576,1,unstructured/init_common.f90(1),源码引用 1 处；主要在 `init_common.f90` 1处。,"unstructured/init_common.f90:183: ph179(:,OP_1) = ph179(:,OP_1) + r_79*verzero"
205,v0_cyl,v0_cyl,&inputnl,Equilibrium,平衡与初始条件,real,0.,1,源码 `add_var_*` 注册说明为空；请结合所在逻辑组和下方源码使用位置判断。,托卡马克：只在 fixed-q/cylindrical 测试剖面中作为中心轴向速度常数项；gfile/GS 不使用。仿星器：`itaylor=40/41` 不使用。,,unstructured/input.f90,577,1,unstructured/init_basicq.f90(1),源码引用 1 处；主要在 `init_basicq.f90` 1处。,unstructured/init_basicq.f90:42: v0_qp = v0_cyl
206,v1_cyl,v1_cyl,&inputnl,Equilibrium,平衡与初始条件,real,0.,1,源码 `add_var_*` 注册说明为空；请结合所在逻辑组和下方源码使用位置判断。,托卡马克：只在 fixed-q/cylindrical 测试剖面中作为随归一化磁通变化的速度幅值，形式为 `v0_cyl+v1_cyl*psi^beta`。仿星器：`itaylor=40/41` 不使用。,,unstructured/input.f90,578,1,unstructured/init_basicq.f90(1),源码引用 1 处；主要在 `init_basicq.f90` 1处。,unstructured/init_basicq.f90:43: v1_qp = v1_cyl
207,idevice,idevice,&inputnl,Equilibrium,平衡与初始条件,integer,0,1,源码 `add_var_*` 注册说明为空；请结合所在逻辑组和下方源码使用位置判断。,托卡马克：只服务 GS/PF 线圈场。当前源码实际实现 -1 读取 `coil.dat/current.dat`，0 使用 generic dipole；其它值进入无 PF 线圈的默认分支。仿星器：VMEC/三维场初始化不使用该设备选择。,,unstructured/input.f90,579,5,unstructured/gradshafranov.f90(4); unstructured/init_eqdsk.f90(1),"源码引用 5 处；主要在 `gradshafranov.f90` 4处, `init_eqdsk.f90` 1处。","unstructured/gradshafranov.f90:267: select case(idevice)
unstructured/gradshafranov.f90:338: if(idevice .eq. 0) then
unstructured/gradshafranov.f90:1232: if(idevice .eq. -1) then
unstructured/gradshafranov.f90:3413: if(idevice .eq. 0 .and. ifixedb .eq. 0 .and. feedfac.ne.0.) then
unstructured/init_eqdsk.f90:80: if(iread_eqdsk.eq.3 .or. idevice.eq.-1 .or. imulti_region.eq.1) then"
208,iwave,iwave,&inputnl,Equilibrium,平衡与初始条件,integer,0,1,源码 `add_var_*` 注册说明为空；请结合所在逻辑组和下方源码使用位置判断。,托卡马克与仿星器生产平衡均不使用；只为 wave 测试初始化选择波支，具体可用取值随二维/三维测试例程而异。,,unstructured/input.f90,580,16,unstructured/init_3dwave.f90(13); unstructured/init_wave.f90(3),"源码引用 16 处；主要在 `init_3dwave.f90` 13处, `init_wave.f90` 3处。","unstructured/init_3dwave.f90:35: select case(iwave)
unstructured/init_3dwave.f90:41: print *, 'Error: iwave must be one of the following:'
unstructured/init_3dwave.f90:42: print *, ' iwave = 0: Shear Alfven wave'
unstructured/init_3dwave.f90:48: select case(iwave)
unstructured/init_3dwave.f90:67: print *, 'Error: iwave must be one of the following:'
unstructured/init_3dwave.f90:68: print *, ' iwave = 0: Shear Alfven wave'
unstructured/init_3dwave.f90:69: print *, ' iwave = 1: Fast wave'
unstructured/init_3dwave.f90:80: select case(iwave)
unstructured/init_3dwave.f90:101: print *, 'Error: iwave must be one of the following:'
unstructured/init_3dwave.f90:102: print *, ' iwave = 0: Shear Alfven wave'"
209,eps,eps,&inputnl,Equilibrium,平衡与初始条件,real,0.01,1,Magnitude of initial perturbations*,"托卡马克：初始随机/确定性扰动幅度；`itor=0,irmp=2` 时还作为解析 m/n 真空场幅度。仿星器：固定 VMEC 和 total-field 路径也可用它给 plasma zone 添加初始流扰动，但不改变 wout/外场基态。",,unstructured/input.f90,581,84,unstructured/init_conds.f90(36); unstructured/init_3dwave.f90(12); unstructured/init_gem.f90(6); unstructured/init_gmode.f90(6); unstructured/init_strauss.f90(6); unstructured/init_wave.f90(6); unstructured/init_common.f90(5); unstructured/rmp.f90(3),"源码引用 84 处；主要在 `init_conds.f90` 36处, `init_3dwave.f90` 12处, `init_gem.f90` 6处, `init_gmode.f90` 6处。","unstructured/coils.f90:262: x=1.-rksq + eps
unstructured/init_3ddiffusion.f90:83: ex = eps*exp(-(rzero*phi/ln)**2-(x/ln)**2-(z/ln)**2)
unstructured/init_3dwave.f90:168: val(1) = eps*sin(kx*x)*sin(kz*z)*cos(kphi*phi)
unstructured/init_3dwave.f90:169: val(2) = eps*cos(kx*x)*sin(kz*z)*cos(kphi*phi)*kx
unstructured/init_3dwave.f90:170: val(3) = eps*sin(kx*x)*cos(kz*z)*cos(kphi*phi)*kz
unstructured/init_3dwave.f90:171: val(4) =-eps*sin(kx*x)*sin(kz*z)*cos(kphi*phi)*kx**2
unstructured/init_3dwave.f90:172: val(5) = eps*cos(kx*x)*cos(kz*z)*cos(kphi*phi)*kx*kz
unstructured/init_3dwave.f90:173: val(6) =-eps*sin(kx*x)*sin(kz*z)*cos(kphi*phi)*kz**2
unstructured/init_3dwave.f90:175: val(7) =-eps*sin(kx*x)*sin(kz*z)*sin(kphi*phi)*kphi
unstructured/init_3dwave.f90:176: val(8) =-eps*cos(kx*x)*sin(kz*z)*sin(kphi*phi)*kphi*kx"
210,maxn,maxn,&inputnl,Equilibrium,平衡与初始条件,integer,200,1,源码 `add_var_*` 注册说明为空；请结合所在逻辑组和下方源码使用位置判断。,托卡马克与仿星器：`icsym=0/1/2` 随机初始扰动的模循环上限，值越大包含的平面波越多、初始化代价越高；不控制 M3D-C1 实际环向网格分辨率。,,unstructured/input.f90,583,10,unstructured/init_common.f90(6); unstructured/init_conds.f90(4),"源码引用 10 处；主要在 `init_common.f90` 6处, `init_conds.f90` 4处。","unstructured/init_common.f90:80: do i=1,maxn
unstructured/init_common.f90:82: do j=1, maxn
unstructured/init_common.f90:99: do i=1,maxn
unstructured/init_common.f90:101: do j=1, maxn/2
unstructured/init_common.f90:112: do i=1,maxn
unstructured/init_common.f90:114: do j=1, maxn/2
unstructured/init_conds.f90:148: do i=1,maxn
unstructured/init_conds.f90:153: do j=1, maxn
unstructured/init_conds.f90:167: do j=1, maxn/2
unstructured/init_conds.f90:177: do j=1, maxn/2"
211,irmp,irmp,&inputnl,Equilibrium,平衡与初始条件,integer,0,1,1: Apply nonaxisym. fields throughout plasma； 2: Apply mpol/ntor vacuum fields (itor=0 only),"托卡马克：1 读取/计算 RMP 与 error field 并投影到整个计算域；2 仅 `itor=0` 可用，在整个域评价解析 mpol/ntor 真空场。仿星器：`itaylor=41,type_ext_field=1,extsubtract=0` 已装入 total field 后会跳过第二次 RMP；固定 VMEC 或 subtraction 路径可另行调用外场处理。",,unstructured/input.f90,584,10,unstructured/rmp.f90(4); unstructured/input.f90(2); unstructured/init_basicj.f90(1); unstructured/init_conds.f90(1); unstructured/init_cyl.f90(1); unstructured/restart_hdf5.f90(1),"源码引用 10 处；主要在 `rmp.f90` 4处, `input.f90` 2处, `init_basicj.f90` 1处, `init_conds.f90` 1处。","unstructured/init_basicj.f90:355: if(irmp.ne.2) call init_perturbations
unstructured/init_conds.f90:685: if(irmp.ge.1 .or. iread_ext_field.ge.1 .or. &
unstructured/init_cyl.f90:321: if(irmp.ne.2) call init_perturbations
unstructured/input.f90:588: ""Additional exponential decay of RMP field from r=1 for irmp=2"", eq_grp)
unstructured/input.f90:1714: if(irmp.eq.0 .and. iread_ext_field.eq.0 &
unstructured/restart_hdf5.f90:350: if(irmp.ge.1 .or. iread_ext_field.ge.1 .or. &
unstructured/rmp.f90:231: select case(irmp)
unstructured/rmp.f90:275: if(myrank.eq.0) print *, 'ERROR: irmp==2 only implemented for itor=0'
unstructured/rmp.f90:316: if(myrank.eq.0) print *, 'Error: Option not recognized: irmp = ', irmp
unstructured/rmp.f90:447: if(irmp.eq.1) then"
212,rmp_atten,rmp_atten,&inputnl,Equilibrium,平衡与初始条件,real,0.,1,Additional exponential decay of RMP field from r=1 for irmp=2,"托卡马克与仿星器环形生产路径不使用；只在 `itor=0,irmp=2` 中控制解析真空扰动从 r=1 起的指数因子。0 表示不加该衰减/增长因子。",,unstructured/input.f90,587,2,unstructured/rmp.f90(2),源码引用 2 处；主要在 `rmp.f90` 2处。,"unstructured/rmp.f90:294: if(rmp_atten.ne.0) then
unstructured/rmp.f90:295: atten = exp((r-1.)/rmp_atten)"
213,tf_tilt,tf_tilt,&inputnl,Equilibrium,平衡与初始条件,real,0.,1,Angle of TF from vertical (in degrees),托卡马克：TF 线圈相对竖直方向的小倾斜角，单位度；源码据此构造非轴对称误差场并在基态后加入，不移动 mesh。仿星器：不是 VMEC 场线圈几何参数，通常保持 0。,,unstructured/input.f90,589,6,unstructured/rmp.f90(3); unstructured/init_conds.f90(1); unstructured/input.f90(1); unstructured/restart_hdf5.f90(1),"源码引用 6 处；主要在 `rmp.f90` 3处, `init_conds.f90` 1处, `input.f90` 1处, `restart_hdf5.f90` 1处。","unstructured/init_conds.f90:686: tf_tilt.ne.0. .or. tf_shift.ne.0. .or. &
unstructured/input.f90:1715: .and. tf_tilt.eq.0. .and. tf_shift.eq.0. &
unstructured/restart_hdf5.f90:351: tf_tilt.ne.0. .or. tf_shift.ne.0. .or. &
unstructured/rmp.f90:686: if(tf_tilt.ne.0. .or. tf_shift.ne.0.) call tf_shift_tilt
unstructured/rmp.f90:732: tilt_sn = tf_tilt*deg2rad*exp(-(0,1)*tf_tilt_angle*deg2rad )*(0,-1)
unstructured/rmp.f90:735: tilt_sn = tf_tilt*deg2rad*sin(phi_79 - tf_tilt_angle*deg2rad)"
214,tf_tilt_angle,tf_tilt_angle,&inputnl,Equilibrium,平衡与初始条件,real,0.,1,Axis of rotation for TF tilt (in degrees),托卡马克：`tf_tilt` 的旋转轴环向方位，单位度，只在 `tf_tilt!=0` 时生效。仿星器：通常不使用。,,unstructured/input.f90,591,2,unstructured/rmp.f90(2),源码引用 2 处；主要在 `rmp.f90` 2处。,"unstructured/rmp.f90:732: tilt_sn = tf_tilt*deg2rad*exp(-(0,1)*tf_tilt_angle*deg2rad )*(0,-1)
unstructured/rmp.f90:735: tilt_sn = tf_tilt*deg2rad*sin(phi_79 - tf_tilt_angle*deg2rad)"
215,tf_shift,tf_shift,&inputnl,Equilibrium,平衡与初始条件,real,0.,1,Horizontal shift of TF coil,托卡马克：TF 线圈水平平移幅度，用解析式生成误差场，不改变 mesh 或 GS 线圈坐标。仿星器：通常不使用。,,unstructured/input.f90,593,6,unstructured/rmp.f90(3); unstructured/init_conds.f90(1); unstructured/input.f90(1); unstructured/restart_hdf5.f90(1),"源码引用 6 处；主要在 `rmp.f90` 3处, `init_conds.f90` 1处, `input.f90` 1处, `restart_hdf5.f90` 1处。","unstructured/init_conds.f90:686: tf_tilt.ne.0. .or. tf_shift.ne.0. .or. &
unstructured/input.f90:1715: .and. tf_tilt.eq.0. .and. tf_shift.eq.0. &
unstructured/restart_hdf5.f90:351: tf_tilt.ne.0. .or. tf_shift.ne.0. .or. &
unstructured/rmp.f90:686: if(tf_tilt.ne.0. .or. tf_shift.ne.0.) call tf_shift_tilt
unstructured/rmp.f90:733: shift_co = tf_shift*exp(-(0,1)*tf_shift_angle*deg2rad)
unstructured/rmp.f90:736: shift_co = tf_shift*cos(phi_79 - tf_shift_angle*deg2rad)"
216,tf_shift_angle,tf_shift_angle,&inputnl,Equilibrium,平衡与初始条件,real,0.,1,Direction of TF shift (in degrees),托卡马克：`tf_shift` 的平移方向方位角，单位度，只在 `tf_shift!=0` 时生效。仿星器：通常不使用。,,unstructured/input.f90,595,2,unstructured/rmp.f90(2),源码引用 2 处；主要在 `rmp.f90` 2处。,"unstructured/rmp.f90:733: shift_co = tf_shift*exp(-(0,1)*tf_shift_angle*deg2rad)
unstructured/rmp.f90:736: shift_co = tf_shift*cos(phi_79 - tf_shift_angle*deg2rad)"
217,pf_tilt,pf_tilt,&inputnl,Equilibrium,平衡与初始条件,real array,0.,2000,Angle of PF from vertical (in degrees),托卡马克：PF 线圈逐线圈倾斜角数组，单位度；只有已经由 GS/`idevice=-1` 装载到 PF 线圈表的线圈才会产生误差场。仿星器：VMEC/外场路径没有 PF 线圈表，通常不使用。 数组参数在 C1input 中使用 Fortran 一基索引，例如 `name(1)=...`；未赋值元素保持默认值。,,unstructured/input.f90,597,9,unstructured/rmp.f90(6); unstructured/init_conds.f90(1); unstructured/input.f90(1); unstructured/restart_hdf5.f90(1),"源码引用 9 处；主要在 `rmp.f90` 6处, `init_conds.f90` 1处, `input.f90` 1处, `restart_hdf5.f90` 1处。","unstructured/init_conds.f90:687: any(pf_tilt.ne.0.) .or. any(pf_shift.ne.0.)) then
unstructured/input.f90:1716: .and. all(pf_tilt.eq.0.) .and. all(pf_shift.eq.0.)) then
unstructured/restart_hdf5.f90:352: any(pf_tilt.ne.0.) .or. any(pf_shift.ne.0.)) then
unstructured/rmp.f90:345: if(pf_tilt(j).ne.0. .or. pf_shift(j).ne.0.) then
unstructured/rmp.f90:348: tilt_co = pf_tilt(j)*deg2rad* &
unstructured/rmp.f90:350: tilt_sn = pf_tilt(j)*deg2rad* &
unstructured/rmp.f90:357: tilt_co = pf_tilt(j)*deg2rad* &
unstructured/rmp.f90:359: tilt_sn = pf_tilt(j)*deg2rad* &
unstructured/rmp.f90:451: if((any(pf_tilt.ne.0.) .or. any(pf_shift.ne.0.)) &"
218,pf_tilt_angle,pf_tilt_angle,&inputnl,Equilibrium,平衡与初始条件,real array,0.,2000,Axis of rotation for PF tilt (in degrees),托卡马克：每个 `pf_tilt(i)` 的旋转轴方位角数组，单位度，索引对应线圈组标签。仿星器：通常不使用。 数组参数在 C1input 中使用 Fortran 一基索引，例如 `name(1)=...`；未赋值元素保持默认值。,,unstructured/input.f90,599,4,unstructured/rmp.f90(4),源码引用 4 处；主要在 `rmp.f90` 4处。,"unstructured/rmp.f90:349: exp(-(0,1)*pf_tilt_angle(j)*deg2rad )
unstructured/rmp.f90:351: exp(-(0,1)*pf_tilt_angle(j)*deg2rad )*(0,-1)
unstructured/rmp.f90:358: cos(phi - pf_tilt_angle(j)*deg2rad)
unstructured/rmp.f90:360: sin(phi - pf_tilt_angle(j)*deg2rad)"
219,pf_shift,pf_shift,&inputnl,Equilibrium,平衡与初始条件,real array,0.,2000,Horizontal shift of PF coil,托卡马克：PF 线圈逐线圈水平平移数组；基于已加载线圈场导数构造非轴对称误差场，不修改轴对称 GS 线圈位置。仿星器：通常不使用。 数组参数在 C1input 中使用 Fortran 一基索引，例如 `name(1)=...`；未赋值元素保持默认值。,,unstructured/input.f90,601,9,unstructured/rmp.f90(6); unstructured/init_conds.f90(1); unstructured/input.f90(1); unstructured/restart_hdf5.f90(1),"源码引用 9 处；主要在 `rmp.f90` 6处, `init_conds.f90` 1处, `input.f90` 1处, `restart_hdf5.f90` 1处。","unstructured/init_conds.f90:687: any(pf_tilt.ne.0.) .or. any(pf_shift.ne.0.)) then
unstructured/input.f90:1716: .and. all(pf_tilt.eq.0.) .and. all(pf_shift.eq.0.)) then
unstructured/restart_hdf5.f90:352: any(pf_tilt.ne.0.) .or. any(pf_shift.ne.0.)) then
unstructured/rmp.f90:345: if(pf_tilt(j).ne.0. .or. pf_shift(j).ne.0.) then
unstructured/rmp.f90:352: shift_co = pf_shift(j)* &
unstructured/rmp.f90:354: shift_sn = pf_shift(j)* &
unstructured/rmp.f90:361: shift_co = pf_shift(j)* &
unstructured/rmp.f90:363: shift_sn = pf_shift(j)* &
unstructured/rmp.f90:451: if((any(pf_tilt.ne.0.) .or. any(pf_shift.ne.0.)) &"
220,pf_shift_angle,pf_shift_angle,&inputnl,Equilibrium,平衡与初始条件,real array,0.,2000,Direction of PF shift (in degrees),托卡马克：每个 `pf_shift(i)` 的平移方向方位角数组，单位度。仿星器：通常不使用。 数组参数在 C1input 中使用 Fortran 一基索引，例如 `name(1)=...`；未赋值元素保持默认值。,,unstructured/input.f90,603,4,unstructured/rmp.f90(4),源码引用 4 处；主要在 `rmp.f90` 4处。,"unstructured/rmp.f90:353: exp(-(0,1)*pf_shift_angle(j)*deg2rad)
unstructured/rmp.f90:355: exp(-(0,1)*pf_shift_angle(j)*deg2rad)*(0,-1)
unstructured/rmp.f90:362: cos(phi - pf_shift_angle(j)*deg2rad)
unstructured/rmp.f90:364: sin(phi - pf_shift_angle(j)*deg2rad)"
221,iread_ext_field,iread_ext_field,&inputnl,Equilibrium,平衡与初始条件,integer,0,1,1: Read external field,托卡马克：对 `type_ext_field<=0` 表示要读的 error-field 数据组数；1 读 `error_field`，大于 1 读 `error_field01...`。仿星器：`itaylor=41` 必须非零，当前读取器实际只装载索引 `iread_ext_field`，常规用法应取 1。,,unstructured/input.f90,606,20,unstructured/rmp.f90(16); unstructured/init_conds.f90(2); unstructured/input.f90(1); unstructured/restart_hdf5.f90(1),"源码引用 20 处；主要在 `rmp.f90` 16处, `init_conds.f90` 2处, `input.f90` 1处, `restart_hdf5.f90` 1处。","unstructured/init_conds.f90:650: if(iread_ext_field.eq.0) then
unstructured/init_conds.f90:685: if(irmp.ge.1 .or. iread_ext_field.ge.1 .or. &
unstructured/input.f90:1714: if(irmp.eq.0 .and. iread_ext_field.eq.0 &
unstructured/restart_hdf5.f90:350: if(irmp.ge.1 .or. iread_ext_field.ge.1 .or. &
unstructured/rmp.f90:38: if(iread_ext_field.ge.1) allocate(sf(iread_ext_field))
unstructured/rmp.f90:39: do l=1, iread_ext_field
unstructured/rmp.f90:40: if(iread_ext_field.eq.1) then
unstructured/rmp.f90:63: allocate(sf(iread_ext_field))
unstructured/rmp.f90:97: allocate(sf(iread_ext_field))
unstructured/rmp.f90:143: call load_fieldlines_field(sf(iread_ext_field), field_name,ierr)"
222,isample_ext_field,isample_ext_field,&inputnl,Equilibrium,平衡与初始条件,integer,1,1,Factor to down-sample external field data toroidally,托卡马克：Schaffer error-field 数据的环向降采样因子。仿星器：仅场文件回退到 Schaffer 格式时使用；FIELDLINES/MGRID/HINT/MIPS 专用读取器不使用该因子。,,unstructured/input.f90,608,2,unstructured/rmp.f90(2),源码引用 2 处；主要在 `rmp.f90` 2处。,"unstructured/rmp.f90:45: call load_schaffer_field(sf(l),ext_field_name,isample_ext_field, &
unstructured/rmp.f90:154: call load_schaffer_field(sf(iread_ext_field),field_name,isample_ext_field, &"
223,isample_ext_field_pol,isample_ext_field_pol,&inputnl,Equilibrium,平衡与初始条件,integer,1,1,Factor to down-sample external field data poloidally,托卡马克：Schaffer error-field 数据的极向降采样因子。仿星器：仅 Schaffer 回退格式使用，专用三维场读取器不使用。,,unstructured/input.f90,610,2,unstructured/rmp.f90(2),源码引用 2 处；主要在 `rmp.f90` 2处。,"unstructured/rmp.f90:46: isample_ext_field_pol,ierr)
unstructured/rmp.f90:155: isample_ext_field_pol,ierr)"
224,scale_ext_field,scale_ext_field,&inputnl,Equilibrium,平衡与初始条件,real,1.,1,Factor to scale external field,托卡马克与仿星器：投影已读场数据时统一乘的幅值因子；会作用于该读取器装入的 `file_total_field/file_ext_field/error_field`，但不缩放 gfile 或 `itaylor=40` 直接读取的 wout 基态，也不重新求解平衡。,,unstructured/input.f90,612,6,unstructured/rmp.f90(6),源码引用 6 处；主要在 `rmp.f90` 6处。,"unstructured/rmp.f90:391: br = br + (1e4/b0_norm)*fr *scale_ext_field*sfac
unstructured/rmp.f90:392: bphi = bphi + (1e4/b0_norm)*fphi*scale_ext_field*sfac
unstructured/rmp.f90:393: bz = bz + (1e4/b0_norm)*fz *scale_ext_field*sfac
unstructured/rmp.f90:398: br = br + (1e4/b0_norm)*gr *scale_ext_field
unstructured/rmp.f90:399: bphi = bphi + (1e4/b0_norm)*gphi*scale_ext_field
unstructured/rmp.f90:400: bz = bz + (1e4/b0_norm)*gz *scale_ext_field"
225,shift_ext_field,shift_ext_field,&inputnl,Equilibrium,平衡与初始条件,real array,0.,8,Toroidal shift (in deg) of external fields,托卡马克与仿星器：各外场数据组的环向相位平移数组，单位度；3D 中通过改变取样角实现，complex 中转化为所选 `ntor` 的相位因子。 数组参数在 C1input 中使用 Fortran 一基索引，例如 `name(1)=...`；未赋值元素保持默认值。,,unstructured/input.f90,614,2,unstructured/rmp.f90(2),源码引用 2 处；主要在 `rmp.f90` 2处。,"unstructured/rmp.f90:389: sfac = exp(-cmplx(0.,1.)*ntor*shift_ext_field(i)*pi/180.)
unstructured/rmp.f90:396: x,phi-shift_ext_field(i)*pi/180.,z,&"
226,type_ext_field,type_ext_field,&inputnl,Equilibrium,平衡与初始条件,integer,-1,1,type of external field file,托卡马克：<=0 走 RMP/error-field；3 可从 `external_j` 电流数据求外场。仿星器：1 在 `itaylor=41` 中直接把 `file_total_field` 作为 total field；2 要求 `extsubtract=1`，先装 total field、再读 `file_ext_field` 并保存/扣除外场。 源码用法：`<=0` 用 tokamak RMP/error-field 分支，`=1/2` 用 stellarator/free-boundary 场文件，`=3` 从电流计算外场。,,unstructured/input.f90,616,11,unstructured/rmp.f90(10); unstructured/init_conds.f90(1),"源码引用 11 处；主要在 `rmp.f90` 10处, `init_conds.f90` 1处。","unstructured/init_conds.f90:655: if(type_ext_field.ge.1) &
unstructured/rmp.f90:37: if(type_ext_field.le.0) then ! RMP field
unstructured/rmp.f90:62: else if(type_ext_field.eq.2) then ! Stellarator/3D vacuum field
unstructured/rmp.f90:71: else if(type_ext_field.eq.3) then
unstructured/rmp.f90:77: 'ERROR: RMP fields require type_ext_field < 0 or =2.'
unstructured/rmp.f90:99: if(type_ext_field.eq.1) then ! Free boundary stellarator (no field subtraction)
unstructured/rmp.f90:105: else if(type_ext_field.eq.2 .and. extsubtract.eq.1) then ! With field substraction
unstructured/rmp.f90:115: else if(type_ext_field.eq.2 .and. extsubtract.eq.0) then
unstructured/rmp.f90:117: 'ERROR: type_ext_field=2 requires extsubtract=1 when itaylor=41'
unstructured/rmp.f90:635: if (type_ext_field.ge.1 .and. (itaylor.eq.40 .or. itaylor.eq.41)) then"
227,file_ext_field,file_ext_field,&inputnl,Equilibrium,平衡与初始条件,character(len=256),error_field,1,name of external field file,托卡马克：`type_ext_field<=0` 时此名称被忽略，文件名固定为 `error_field` 或 `error_fieldNN`。仿星器：`type_ext_field=2` 的真空/外部场文件；文件名前缀选择 FIELDLINES、MIPS、HINT、MGRID 读取器，其它名称按 Schaffer 格式。 字符串值可写成 `name = value` 或带引号形式；解析器会去掉首尾引号。,,unstructured/input.f90,618,1,unstructured/rmp.f90(1),源码引用 1 处；主要在 `rmp.f90` 1处。,unstructured/rmp.f90:64: call read_stellarator_field(file_ext_field)
228,file_total_field,file_total_field,&inputnl,Equilibrium,平衡与初始条件,character(len=256),total_field,1,name of total field file for ST,"托卡马克：常规 RMP/GS 不使用。仿星器：`itaylor=41,type_ext_field=1/2` 的总磁场文件；1 直接作为基态，2 与 `file_ext_field` 组成 total-minus-external 的演化场分解。 字符串值可写成 `name = value` 或带引号形式；解析器会去掉首尾引号。",,unstructured/input.f90,620,2,unstructured/rmp.f90(2),源码引用 2 处；主要在 `rmp.f90` 2处。,"unstructured/rmp.f90:101: call read_stellarator_field(file_total_field)
unstructured/rmp.f90:109: call read_stellarator_field(file_total_field)"
229,beta,beta,&inputnl,Equilibrium,平衡与初始条件,real,0.,1,源码 `add_var_*` 注册说明为空；请结合所在逻辑组和下方源码使用位置判断。,托卡马克：仅 tilting/fixed-q 等模型平衡或测试问题中的无量纲形状/速度幂参数，不是由 gfile 得到的等离子体 beta，也不会覆盖压力。仿星器：`itaylor=40/41` 不使用。,,unstructured/input.f90,622,58,unstructured/mackenbach_profiles.f90(23); m3dc1_scorec/src/ReducedQuinticImplicit.cc(10); unstructured/metricterms_new.f90(8); unstructured/metricterms_new_gpu.f90(8); unstructured/init_tilt.f90(3); unstructured/scorec_mesh.f90(3); unstructured/nintegrate_mod.f90(2); unstructured/init_basicq.f90(1),"源码引用 58 处；主要在 `mackenbach_profiles.f90` 23处, `ReducedQuinticImplicit.cc` 10处, `metricterms_new.f90` 8处, `metricterms_new_gpu.f90` 8处。","unstructured/init_basicq.f90:44: beta_qp = beta
unstructured/init_tilt.f90:107: kb = k**2*(1.-beta)
unstructured/init_tilt.f90:125: kb = k**2*beta*pefac
unstructured/init_tilt.f90:133: kb = k**2*beta
unstructured/mackenbach_profiles.f90:68: real function rho0(gamma,beta,drho,t_end) result(y)
unstructured/mackenbach_profiles.f90:76: g_bucket(2) = -(gamma + gamma*beta*exheat(0.0))/(2*k(0.0))*drho
unstructured/mackenbach_profiles.f90:86: gamma*beta*exheat(rho-drho) + dk(rho-drho)*g_bucket(1) + &
unstructured/mackenbach_profiles.f90:96: real function gamma_final(beta,drho,t_end) result(y)
unstructured/mackenbach_profiles.f90:102: rhoarr(1) = rho0(gamma0(1),beta,drho,t_end)
unstructured/mackenbach_profiles.f90:103: rhoarr(2) = rho0(gamma0(2),beta,drho,t_end)"
230,ln,ln,&inputnl,Equilibrium,平衡与初始条件,real,0.,1,源码 `add_var_*` 注册说明为空；请结合所在逻辑组和下方源码使用位置判断。,托卡马克：多个解析/测试平衡的特征径向尺度；basicJ 中是电流剖面半径，Solovev 中控制横向尺寸。它不是自然对数。仿星器：VMEC/外场平衡不使用，但 `icsym=3` 扰动包络仍可能引用。,,unstructured/input.f90,623,64,unstructured/init_conds.f90(17); unstructured/init_solovev.f90(12); unstructured/init_basicj.f90(10); unstructured/init_3ddiffusion.f90(7); unstructured/init_circle.f90(5); unstructured/init_gmode.f90(4); unstructured/input.f90(3); unstructured/init_common.f90(1),"源码引用 64 处；主要在 `init_conds.f90` 17处, `init_solovev.f90` 12处, `init_basicj.f90` 10处, `init_3ddiffusion.f90` 7处。","unstructured/init_3ddiffusion.f90:83: ex = eps*exp(-(rzero*phi/ln)**2-(x/ln)**2-(z/ln)**2)
unstructured/init_3ddiffusion.f90:86: p1_l(2) = -2.*ex*x/ln**2
unstructured/init_3ddiffusion.f90:87: p1_l(3) = -2.*ex*z/ln**2
unstructured/init_3ddiffusion.f90:88: p1_l(4) = 4.*ex*x**2/ln**4 - 2.*ex*ln**2
unstructured/init_3ddiffusion.f90:89: p1_l(5) = 4.*ex*x*z/ln**4
unstructured/init_3ddiffusion.f90:90: p1_l(6) = 4.*ex*z**2/ln**4 - 2.*ex*ln**2
unstructured/init_3ddiffusion.f90:92: p1_l(7:12) = -2.*phi*p1_l(1:6)*(rzero/ln)**2
unstructured/init_basicj.f90:36: where(r2.lt.ln**2)
unstructured/init_basicj.f90:37: jphi = basicj_j0*(1.-(r2/ln**2))**basicj_nu
unstructured/init_basicj.f90:43: jphi = basicj_j0*(1. + (r2/ln**2)**basicj_nu)**(-(1.+1./basicj_nu))"
231,elongation,elongation,&inputnl,Equilibrium,平衡与初始条件,real,1.,1,源码 `add_var_*` 注册说明为空；请结合所在逻辑组和下方源码使用位置判断。,托卡马克：仅 `itaylor=19` Solovev 解析平衡的伸长率。仿星器：VMEC 几何由傅里叶系数给出，本参数不使用。,,unstructured/input.f90,624,8,unstructured/init_solovev.f90(8),源码引用 8 处；主要在 `init_solovev.f90` 8处。,"unstructured/init_solovev.f90:127: g = (x_79*z_79/elongation)**2 + &
unstructured/init_solovev.f90:143: p079(:,OP_1) = pedge - g * (1. + elongation**2) &
unstructured/init_solovev.f90:145: p079(:,OP_1) = pedge - ps079(:,OP_1) * (1. + elongation**2) &
unstructured/init_solovev.f90:146: / (elongation*rzero**3*q0)
unstructured/init_solovev.f90:192: z(i) = rzero*ln*elongation*sin(theta) / r(i)
unstructured/init_solovev.f90:200: b(i+npts) = ln*elongation* &
unstructured/init_solovev.f90:238: j0 = -(1.+elongation**2)/(q0*rzero**3*elongation)
unstructured/init_solovev.f90:251: zmax = elongation*sqrt((2.*ln*rzero)**2-(r0**2-rzero**2)**2)/(2.*r0)"
232,basicj_nu,basicj_nu,&inputnl,Equilibrium,平衡与初始条件,real,1.,1,Exponent in basicj equilibrium,托卡马克：`itaylor=29/31` 电流剖面指数；若 `basicj_qa!=0` 会由 q0/qa 关系覆盖。仿星器：`itaylor=40/41` 不使用。,,unstructured/input.f90,625,6,unstructured/init_basicj.f90(5); unstructured/input.f90(1),"源码引用 6 处；主要在 `init_basicj.f90` 5处, `input.f90` 1处。","unstructured/init_basicj.f90:37: jphi = basicj_j0*(1.-(r2/ln**2))**basicj_nu
unstructured/init_basicj.f90:43: jphi = basicj_j0*(1. + (r2/ln**2)**basicj_nu)**(-(1.+1./basicj_nu))
unstructured/init_basicj.f90:86: p = p0*(1.+(r2/ln**2)**basicj_nu)**(-(2./3.)*(1.+1./basicj_nu))
unstructured/init_basicj.f90:124: basicj_nu = basicj_qa/basicj_q0 - 1.
unstructured/init_basicj.f90:127: basicj_nu = log(2.)/log(basicj_qa/basicj_q0)
unstructured/input.f90:632: ""Edge safety factor in basicj equilibrium (supersedes basicj_nu)"", eq_grp)"
233,basicj_j0,basicj_j0,&inputnl,Equilibrium,平衡与初始条件,real,1.,1,On-axis current density in basicj equilibrium,托卡马克：basicJ 轴上电流密度幅值；若 `basicj_q0!=0`，源码用 `2*bzero/(rzero*q0)` 覆盖本值。仿星器：不使用。,,unstructured/input.f90,627,9,unstructured/init_basicj.f90(8); unstructured/input.f90(1),"源码引用 9 处；主要在 `init_basicj.f90` 8处, `input.f90` 1处。","unstructured/init_basicj.f90:37: jphi = basicj_j0*(1.-(r2/ln**2))**basicj_nu
unstructured/init_basicj.f90:43: jphi = basicj_j0*(1. + (r2/ln**2)**basicj_nu)**(-(1.+1./basicj_nu))
unstructured/init_basicj.f90:117: if(basicj_j0 .ne. 0.) basicj_q0 = 2.*bzero/(rzero*basicj_j0)
unstructured/init_basicj.f90:119: basicj_j0 = 2.*bzero/(rzero*basicj_q0)
unstructured/init_basicj.f90:209: if(basicj_j0 .eq. 0.) ibound = BOUNDARY_NONE
unstructured/init_basicj.f90:225: if(basicj_j0.eq.0.) then
unstructured/init_basicj.f90:235: if(basicj_j0.eq.0.) then
unstructured/init_basicj.f90:264: if(basicj_j0.ne.0.) call boundary_dc(jphi_vec%vec, jphi_vec%vec, dr_matrix)
unstructured/input.f90:630: ""On-axis safety factor in basicj equilibrium (supersedes basicj_j0)"", eq_grp)"
234,basicj_q0,basicj_q0,&inputnl,Equilibrium,平衡与初始条件,real,0.,1,On-axis safety factor in basicj equilibrium (supersedes basicj_j0),托卡马克：basicJ 轴上安全因子；非零时优先于 `basicj_j0` 并反算轴上电流。0 表示由 `basicj_j0` 反算 q0。仿星器：不使用。,,unstructured/input.f90,629,5,unstructured/init_basicj.f90(5),源码引用 5 处；主要在 `init_basicj.f90` 5处。,"unstructured/init_basicj.f90:116: if(basicj_q0 .eq. 0.) then
unstructured/init_basicj.f90:117: if(basicj_j0 .ne. 0.) basicj_q0 = 2.*bzero/(rzero*basicj_j0)
unstructured/init_basicj.f90:119: basicj_j0 = 2.*bzero/(rzero*basicj_q0)
unstructured/init_basicj.f90:124: basicj_nu = basicj_qa/basicj_q0 - 1.
unstructured/init_basicj.f90:127: basicj_nu = log(2.)/log(basicj_qa/basicj_q0)"
235,basicj_qa,basicj_qa,&inputnl,Equilibrium,平衡与初始条件,real,0.,1,Edge safety factor in basicj equilibrium (supersedes basicj_nu),托卡马克：basicJ 目标边缘安全因子；非零时覆盖 `basicj_nu`。`itaylor=31` 且显式给 `xlim!=0` 时源码会报错。仿星器：不使用。,,unstructured/input.f90,631,4,unstructured/init_basicj.f90(4),源码引用 4 处；主要在 `init_basicj.f90` 4处。,"unstructured/init_basicj.f90:121: if(basicj_qa .ne. 0.) then
unstructured/init_basicj.f90:124: basicj_nu = basicj_qa/basicj_q0 - 1.
unstructured/init_basicj.f90:127: basicj_nu = log(2.)/log(basicj_qa/basicj_q0)
unstructured/init_basicj.f90:129: if(myrank.eq.0) print *, 'Error: basicj_qa not available when xlim != 0'"
236,basicj_voff,basicj_voff,&inputnl,Equilibrium,平衡与初始条件,real,1.,1,Radial extent of flat toroidal rotation in basicj equilibrium,托卡马克：basicJ 核心平坦环向速度区的径向范围；范围内速度基值为 `vzero`。仿星器：不使用。,,unstructured/input.f90,633,3,unstructured/init_basicj.f90(3),源码引用 3 处；主要在 `init_basicj.f90` 3处。,"unstructured/init_basicj.f90:58: where(r.lt.basicj_voff)
unstructured/init_basicj.f90:61: vz = vzero*exp(-(r - basicj_voff)**2/(basicj_vdelt*ln)**2) &
unstructured/init_basicj.f90:62: + alpha1*exp(-(r**2 - basicj_voff**2)**2/(basicj_vdelt*ln)**4)"
237,basicj_vdelt,basicj_vdelt,&inputnl,Equilibrium,平衡与初始条件,real,1.,1,"Width of velocity drop-off, as fraction of ln, in basicj equilibrium",托卡马克：basicJ 平坦转动区外速度衰减宽度相对 `ln` 的系数，进入高斯型衰减分母。仿星器：不使用。,,unstructured/input.f90,635,2,unstructured/init_basicj.f90(2),源码引用 2 处；主要在 `init_basicj.f90` 2处。,"unstructured/init_basicj.f90:61: vz = vzero*exp(-(r - basicj_voff)**2/(basicj_vdelt*ln)**2) &
unstructured/init_basicj.f90:62: + alpha1*exp(-(r**2 - basicj_voff**2)**2/(basicj_vdelt*ln)**4)"
238,basicj_dexp,basicj_dexp,&inputnl,Equilibrium,平衡与初始条件,real,1.,1,源码 `add_var_*` 注册说明为空；请结合所在逻辑组和下方源码使用位置判断。,托卡马克：basicJ 专用输运系数径向缩放函数的幂指数，配合 `basicj_dvac` 使黏性/热传导向外变化；不改变初始密度场本身。仿星器：不使用。,,unstructured/input.f90,637,1,unstructured/init_basicj.f90(1),源码引用 1 处；主要在 `init_basicj.f90` 1处。,unstructured/init_basicj.f90:365: basicj_dscale = (1. + (sqrt(basicj_dvac) - 1.)*(sqrt(rsq)/ln)**basicj_dexp)**2
239,basicj_dvac,basicj_dvac,&inputnl,Equilibrium,平衡与初始条件,real,1.,1,源码 `add_var_*` 注册说明为空；请结合所在逻辑组和下方源码使用位置判断。,托卡马克：basicJ 专用输运系数缩放函数在 `r=ln` 处的目标倍率，影响相关黏性与热传导系数，不是外部真空区密度。仿星器：不使用。,,unstructured/input.f90,638,1,unstructured/init_basicj.f90(1),源码引用 1 处；主要在 `init_basicj.f90` 1处。,unstructured/init_basicj.f90:365: basicj_dscale = (1. + (sqrt(basicj_dvac) - 1.)*(sqrt(rsq)/ln)**basicj_dexp)**2
240,ibasicj_solvep,ibasicj_solvep,&inputnl,Equilibrium,平衡与初始条件,integer,0,1,"0: Uniform pressure, solve for F.  1: Uniform F, solve for pressure",托卡马克：仅 `itaylor=29/31`。0 使用解析压力并由给定 J 求 F；1 令 F 均匀并由 J 求压力。`itaylor=29` 的解析压力为常数，`itaylor=31` 的解析压力随半径衰减。仿星器：不使用。,,unstructured/input.f90,639,10,unstructured/init_basicj.f90(10),源码引用 10 处；主要在 `init_basicj.f90` 10处。,"unstructured/init_basicj.f90:138: if(ibasicj_solvep.eq.0) then
unstructured/init_basicj.f90:166: if(ibasicj_solvep.eq.0) then
unstructured/init_basicj.f90:179: if(ibasicj_solvep.eq.0) then
unstructured/init_basicj.f90:196: if(ibasicj_solvep.eq.0) then
unstructured/init_basicj.f90:233: if(ibasicj_solvep.eq.1) then
unstructured/init_basicj.f90:267: if(ibasicj_solvep.eq.1) then
unstructured/init_basicj.f90:279: if(ibasicj_solvep.eq.0) then
unstructured/init_basicj.f90:299: if(ibasicj_solvep.eq.0) then
unstructured/init_basicj.f90:310: if(ibasicj_solvep.eq.0) then
unstructured/init_basicj.f90:319: if(ibasicj_solvep.eq.0) then"
241,inumgs,inumgs,&inputnl,Grad-Shafranov Solver,Grad-Shafranov 求解器,integer,0,1,源码 `add_var_*` 注册说明为空；请结合所在逻辑组和下方源码使用位置判断。,托卡马克：0 使用源码内置解析 p、p'、F、FF' 形状；1 从固定文件 `profiles-p` 与 `profiles-g` 读取完整剖面并约束 GS。若 gfile 或 `iread_p/f` 已建立剖面，本开关不会再生效。仿星器：`itaylor=40/41` 不调用 GS，不使用。,,unstructured/input.f90,643,1,unstructured/gradshafranov.f90(1),源码引用 1 处；主要在 `gradshafranov.f90` 1处。,unstructured/gradshafranov.f90:461: if(inumgs .eq. 1) then
242,igs,igs,&inputnl,Grad-Shafranov Solver,Grad-Shafranov 求解器,integer,80,1,源码 `add_var_*` 注册说明为空；请结合所在逻辑组和下方源码使用位置判断。,托卡马克：GS 最大 Picard 迭代次数；必须取正整数才会执行当前源码的 `1...igs` 循环，0 表示不求解。达到 `tol_gs` 可提前结束；负值在当前实现中不会产生迭代。仿星器：`itaylor=40/41` 不调用 GS，不使用。,,unstructured/input.f90,644,9,unstructured/gradshafranov.f90(4); unstructured/init_conds.f90(1); unstructured/init_eqdsk.f90(1); unstructured/init_jsolver.f90(1); unstructured/init_kstar.f90(1); unstructured/newvar.f90(1),"源码引用 9 处；主要在 `gradshafranov.f90` 4处, `init_conds.f90` 1处, `init_eqdsk.f90` 1处, `init_jsolver.f90` 1处。","unstructured/gradshafranov.f90:105: if(igs.ne.0) call gradshafranov_solve()
unstructured/gradshafranov.f90:1261: if(igs.ne.0) call lcfs(psi_vec, iwall_is_limiter.eq.1, &
unstructured/gradshafranov.f90:1269: mainloop: do itnum=1, igs
unstructured/gradshafranov.f90:1402: if(igs.ne.0) call lcfs(psi_vec, iwall_is_limiter.eq.1)
unstructured/init_conds.f90:763: n = igs
unstructured/init_eqdsk.f90:178: if(igs.ne.0) then
unstructured/init_jsolver.f90:76: if(igs.gt.0) then
unstructured/init_kstar.f90:199: n = igs
unstructured/newvar.f90:119: if(igs.ne.0) then"
243,igs_pp_ffp_rescale,igs_pp_ffp_rescale,&inputnl,Grad-Shafranov Solver,Grad-Shafranov 求解器,integer,0,1,Rescale p' and FF' to match p and F,托卡马克：1 仅在由 gfile 的 p、p'、F、FF' 建立约束剖面时，把 p' 与 FF' 的积分分别重标度到给定 p 与 F；同时改变 `batemanscale` 的应用顺序。0 保留文件导数。仿星器：不使用。,,unstructured/input.f90,645,4,unstructured/gradshafranov.f90(2); unstructured/init_eqdsk.f90(2),"源码引用 4 处；主要在 `gradshafranov.f90` 2处, `init_eqdsk.f90` 2处。","unstructured/gradshafranov.f90:1409: if(igs_pp_ffp_rescale.ne.0 .and. batemanscale.ne.1.) then
unstructured/gradshafranov.f90:2783: if(igs_pp_ffp_rescale.eq.1) then
unstructured/init_eqdsk.f90:171: if(igs_pp_ffp_rescale.ne.1) fpol(nw) = fpol(nw)*batemanscale
unstructured/init_eqdsk.f90:188: if(batemanscale.eq.1.0 .or. igs_pp_ffp_rescale.eq.1) cycle"
244,igs_extend_p,igs_extend_p,&inputnl,Grad-Shafranov Solver,Grad-Shafranov 求解器,integer,0,1,Extend p past Psi=1 using ne and Te profiles,托卡马克：非零时，若 ne 或 Te 剖面延伸到压力剖面末端之外，就用电子压力加保持末端 Ti 不变的离子压力延伸总压力，并重新计算 p'。0 不延伸。仿星器：不使用。,,unstructured/input.f90,647,2,unstructured/gradshafranov.f90(1); unstructured/input.f90(1),"源码引用 2 处；主要在 `gradshafranov.f90` 1处, `input.f90` 1处。","unstructured/gradshafranov.f90:792: if(igs_extend_p.ne.0) call extend_pressure
unstructured/input.f90:1577: if(iread_eqdsk.ne.0 .and. igs_extend_p.eq.0 .and. irot.le.0) then"
245,igs_extend_diamag,igs_extend_diamag,&inputnl,Grad-Shafranov Solver,Grad-Shafranov 求解器,integer,1,1,Extend diamagnetic rotation Psi=1,托卡马克：读取电子或 E×B 转动并换算离子转动时，0 在归一化磁通大于等于 1 处停止加入抗磁修正；非零则继续到转动样条末端。仿星器：不使用。,,unstructured/input.f90,649,1,unstructured/gradshafranov.f90(1),源码引用 1 处；主要在 `gradshafranov.f90` 1处。,unstructured/gradshafranov.f90:971: if(omega_spline%x(i).ge.1. .and. igs_extend_diamag.eq.0) cycle
246,igs_start_xpoint_search,igs_start_xpoint_search,&inputnl,Grad-Shafranov Solver,Grad-Shafranov 求解器,integer,0,1,Number of GS its. before searching for xpoint,托卡马克：前 N 次 GS 迭代只在给定 `xnull/znull` 位置评价磁通，从第 N 次起才在其附近搜索真正鞍点；0 表示初始化 LCFS 时即搜索。仿星器：不使用。,,unstructured/input.f90,651,2,unstructured/gradshafranov.f90(2),源码引用 2 处；主要在 `gradshafranov.f90` 2处。,"unstructured/gradshafranov.f90:1262: igs_start_xpoint_search.eq.0)
unstructured/gradshafranov.f90:1323: itnum.ge.igs_start_xpoint_search)"
247,igs_forcefree_lcfs,igs_forcefree_lcfs,&inputnl,Grad-Shafranov Solver,Grad-Shafranov 求解器,integer,-1,1,Ensure that GS solution is force-free at LCFS,托卡马克：控制 LCFS 外剖面处理。0 允许剖面按样条继续；1 在非 plasma magnetic region 令 p'、FF'、转动均为 0；2 令 p'、FF' 为 0，并把外侧转动保持为 LCFS 值。-1 会在校验时自动选 0 或 2。仿星器：不使用。,,unstructured/input.f90,653,8,unstructured/gradshafranov.f90(5); unstructured/input.f90(3),"源码引用 8 处；主要在 `gradshafranov.f90` 5处, `input.f90` 3处。","unstructured/gradshafranov.f90:1006: if(igs_forcefree_lcfs.eq.1) then
unstructured/gradshafranov.f90:1008: else if(igs_forcefree_lcfs.eq.2) then
unstructured/gradshafranov.f90:2441: if(igs_forcefree_lcfs.ge.1 .and. mr.ne.REGION_PLASMA) then
unstructured/gradshafranov.f90:3032: if(igs_forcefree_lcfs.ge.1 .and. mr.ne.REGION_PLASMA) then
unstructured/gradshafranov.f90:3353: if(igs_forcefree_lcfs.eq.1 .and. mr.ne.REGION_PLASMA) then
unstructured/input.f90:1576: if(igs_forcefree_lcfs.eq.-1) then
unstructured/input.f90:1578: igs_forcefree_lcfs = 2
unstructured/input.f90:1580: igs_forcefree_lcfs = 0"
248,nv1equ,nv1equ,&inputnl,Grad-Shafranov Solver,Grad-Shafranov 求解器,integer,0,1,源码 `add_var_*` 注册说明为空；请结合所在逻辑组和下方源码使用位置判断。,托卡马克：1 使非约束解析 GS 路径把 `gamma2/gamma3/gamma4` 全部置 0，跳过 q0、dJ/dpsi 和总电流约束；0 正常计算这些约束。名称中的 numvar 说明已不能完整代表当前行为。仿星器：不使用。,,unstructured/input.f90,655,1,unstructured/gradshafranov.f90(1),源码引用 1 处；主要在 `gradshafranov.f90` 1处。,unstructured/gradshafranov.f90:1908: if(nv1equ.eq.1) then
249,igs_feedfac,igs_feedfac,&inputnl,Grad-Shafranov Solver,Grad-Shafranov 求解器,integer,1,1,源码 `add_var_*` 注册说明为空；请结合所在逻辑组和下方源码使用位置判断。,托卡马克：只按是否等于 1 作为 generic `idevice=0` 双 limiter 外场反馈开关；1 在第二轮以后根据两 limiter 的磁通差修正外边界场，其他值关闭。它不是连续比例系数。仿星器：不使用。,,unstructured/input.f90,656,1,unstructured/gradshafranov.f90(1),源码引用 1 处；主要在 `gradshafranov.f90` 1处。,unstructured/gradshafranov.f90:1276: if(itnum.gt.1 .and. gnorm.ne.0 .and. xlim2.ne.0 .and. igs_feedfac.eq.1) then
250,eta_gs,eta_gs,&inputnl,Grad-Shafranov Solver,Grad-Shafranov 求解器,real,1e3,1,Factor for smoothing nonaxisymmetries in psi in GS solve,托卡马克：仅 USE3D 编译中给 GS 矩阵加入环向导数惩罚，平滑 psi 的非轴对称分量；常规轴对称二维求解中无作用。仿星器：不使用。,,unstructured/input.f90,657,1,unstructured/gradshafranov.f90(1),源码引用 1 处；主要在 `gradshafranov.f90` 1处。,"unstructured/gradshafranov.f90:1190: temp = temp - eta_gs*intxx3(mu79(:,:,OP_DP),nu79(:,:,OP_DP),ri3_79)"
251,tcuro,tcuro,&inputnl,Grad-Shafranov Solver,Grad-Shafranov 求解器,real,1.,1,Total current in initial current filament,托卡马克：无 gfile 时是初始电流丝/高斯电流的总电流，也是非约束解析 GS 用 `gamma4` 保持的目标总等离子体电流；gfile 路径会用文件总电流覆盖。完整 p/F 约束路径不再用它重调总电流。仿星器：不使用。,,unstructured/input.f90,659,20,unstructured/gradshafranov.f90(8); unstructured/init_eqdsk.f90(7); unstructured/init_jsolver.f90(4); unstructured/init_dskbal.f90(1),"源码引用 20 处；主要在 `gradshafranov.f90` 8处, `init_eqdsk.f90` 7处, `init_jsolver.f90` 4处, `init_dskbal.f90` 1处。","unstructured/gradshafranov.f90:96: if(myrank.eq.0 .and. iprint.gt.0) write(*,1001) xmag,zmag,tcuro,sigma0
unstructured/gradshafranov.f90:97: 1001 format(' in gradshafranov_init',/,' xmag,zmag,tcuro,sigma0',1p4e12.4)
unstructured/gradshafranov.f90:99: call deltafun(xmag,zmag,tcuro,jphi_field)
unstructured/gradshafranov.f90:101: call gaussianfun(xmag,zmag,tcuro,sigma0,jphi_field)
unstructured/gradshafranov.f90:255: fac = tcuro/twopi
unstructured/gradshafranov.f90:256: fac2 = tcuro / (8.*pi**2*xmag)
unstructured/gradshafranov.f90:362: ic(1) = tcuro/(2.*pi)
unstructured/gradshafranov.f90:1995: g4 = -(-tcuro + gamma2*gsint2 + gamma3*gsint3 + gsint1)/gsint4
unstructured/init_dskbal.f90:67: call deltafun(xmag,zmag,tcuro,jphi_field)
unstructured/init_eqdsk.f90:67: tcuro = current"
252,xmag,xmag,&inputnl,Grad-Shafranov Solver,Grad-Shafranov 求解器,real,1.,1,R-coordinate of initial current filament,托卡马克：初始电流丝的 R 位置及磁轴搜索初猜；每次 LCFS 搜索后会更新为求得的磁轴 R。gfile 会先用 `rmaxis` 覆盖。仿星器：不使用。,,unstructured/input.f90,661,100,unstructured/gradshafranov.f90(15); unstructured/diagnostics.f90(11); unstructured/init_eqdsk.f90(7); unstructured/init_jsolver.f90(6); unstructured/init_rwm.f90(5); unstructured/readgato.f90(5); unstructured/transport.f90(5); unstructured/init_basicj.f90(4),"源码引用 100 处；主要在 `gradshafranov.f90` 15处, `diagnostics.f90` 11处, `init_eqdsk.f90` 7处, `init_jsolver.f90` 6处。","unstructured/diagnostics.f90:1146: call evaluate(xmag,0.,zmag,dum1,psi_field(1),itri,ier)
unstructured/diagnostics.f90:1294: rl = sqrt((x-xmag)**2 + (z-zmag)**2)
unstructured/diagnostics.f90:1300: al = (real(psix)*(x-xmag) + real(psiz)*(z-zmag))/(pl*rl)
unstructured/diagnostics.f90:1304: if((x-xmag)*(xnull-xmag) + (z-zmag)*(znull-zmag) .gt. 0.) then
unstructured/diagnostics.f90:1308: rl.gt.sqrt((xmag-xnull)**2 + (zmag-znull)**2)) then
unstructured/diagnostics.f90:1319: if((x-xmag)*(xnull2-xmag) + (z-zmag)*(znull2-zmag) .gt. 0.) then
unstructured/diagnostics.f90:1323: rl.gt.sqrt((xmag-xnull2)**2 + (zmag-znull2)**2)) then
unstructured/diagnostics.f90:2076: call magaxis(xmag,zmag,temp_field,psim,0,ier)
unstructured/diagnostics.f90:2081: write(*,'(A,2E12.4)') ' magnetic axis: ', xmag, zmag
unstructured/diagnostics.f90:2086: write(*,'(A,2E12.4)') ' no magnetic axis found near ', xmag, zmag"
253,zmag,zmag,&inputnl,Grad-Shafranov Solver,Grad-Shafranov 求解器,real,0.,1,Z-coordinate of initial current filament,托卡马克：初始电流丝的 Z 位置及磁轴搜索初猜；迭代中更新为求得的磁轴 Z，gfile 会先用 `zmaxis` 覆盖。仿星器：不使用。,,unstructured/input.f90,663,92,unstructured/diagnostics.f90(12); unstructured/gradshafranov.f90(10); unstructured/init_eqdsk.f90(7); unstructured/init_jsolver.f90(6); unstructured/readgato.f90(5); unstructured/transport.f90(5); unstructured/init_basicj.f90(4); unstructured/init_rwm.f90(4),"源码引用 92 处；主要在 `diagnostics.f90` 12处, `gradshafranov.f90` 10处, `init_eqdsk.f90` 7处, `init_jsolver.f90` 6处。","unstructured/diagnostics.f90:1146: call evaluate(xmag,0.,zmag,dum1,psi_field(1),itri,ier)
unstructured/diagnostics.f90:1294: rl = sqrt((x-xmag)**2 + (z-zmag)**2)
unstructured/diagnostics.f90:1300: al = (real(psix)*(x-xmag) + real(psiz)*(z-zmag))/(pl*rl)
unstructured/diagnostics.f90:1304: if((x-xmag)*(xnull-xmag) + (z-zmag)*(znull-zmag) .gt. 0.) then
unstructured/diagnostics.f90:1308: rl.gt.sqrt((xmag-xnull)**2 + (zmag-znull)**2)) then
unstructured/diagnostics.f90:1319: if((x-xmag)*(xnull2-xmag) + (z-zmag)*(znull2-zmag) .gt. 0.) then
unstructured/diagnostics.f90:1323: rl.gt.sqrt((xmag-xnull2)**2 + (zmag-znull2)**2)) then
unstructured/diagnostics.f90:2076: call magaxis(xmag,zmag,temp_field,psim,0,ier)
unstructured/diagnostics.f90:2081: write(*,'(A,2E12.4)') ' magnetic axis: ', xmag, zmag
unstructured/diagnostics.f90:2086: write(*,'(A,2E12.4)') ' no magnetic axis found near ', xmag, zmag"
254,xmag0,xmag0,&inputnl,Grad-Shafranov Solver,Grad-Shafranov 求解器,real,0.,1,Target R-coordinate of magnetic axis for feedback,托卡马克：`idevice=-1` 线圈反馈的目标磁轴 R；磁轴反馈数组非零而本值为 0 时，自动取初始 `xmag`。还可被部分诊断参数引用。仿星器：不使用 GS 线圈反馈。,,unstructured/input.f90,665,11,unstructured/gradshafranov.f90(6); unstructured/newpar.f90(3); unstructured/init_eqdsk.f90(2),"源码引用 11 处；主要在 `gradshafranov.f90` 6处, `newpar.f90` 3处, `init_eqdsk.f90` 2处。","unstructured/gradshafranov.f90:143: print *, 'Doing feedback', xmag-xmag0, zmag-zmag0,xnull-xnull0,znull-znull0
unstructured/gradshafranov.f90:147: xmagi = xmagi + (xmag-xmag0)
unstructured/gradshafranov.f90:167: if((xmag0.gt.0.).and.(do_feedback)) then
unstructured/gradshafranov.f90:171: +gs_radial_feedback(coil_mask(i))*(xmag-xmag0) &
unstructured/gradshafranov.f90:1245: if(xmag0.eq.0) then
unstructured/gradshafranov.f90:1246: xmag0 = xmag
unstructured/init_eqdsk.f90:70: if(xmag0.eq.0.) then
unstructured/init_eqdsk.f90:71: xmag0 = rmaxis
unstructured/newpar.f90:778: call te_max2(xmag0,zmag0,te_field(0),temax,0,ier)
unstructured/newpar.f90:797: call te_max2(xmag0,zmag0,te_temp,temax,0,ier)"
255,zmag0,zmag0,&inputnl,Grad-Shafranov Solver,Grad-Shafranov 求解器,real,0.,1,Target Z-coordinate of magnetic axis for feedback,托卡马克：`idevice=-1` 线圈反馈的目标磁轴 Z；与 `xmag0` 配套，反馈是否启用由反馈数组决定。仿星器：不使用 GS 线圈反馈。,,unstructured/input.f90,667,8,unstructured/gradshafranov.f90(4); unstructured/newpar.f90(3); unstructured/init_eqdsk.f90(1),"源码引用 8 处；主要在 `gradshafranov.f90` 4处, `newpar.f90` 3处, `init_eqdsk.f90` 1处。","unstructured/gradshafranov.f90:143: print *, 'Doing feedback', xmag-xmag0, zmag-zmag0,xnull-xnull0,znull-znull0
unstructured/gradshafranov.f90:148: zmagi = zmagi + (zmag-zmag0)
unstructured/gradshafranov.f90:170: (gs_vertical_feedback(coil_mask(i))*(zmag-zmag0) &
unstructured/gradshafranov.f90:1247: zmag0 = zmag
unstructured/init_eqdsk.f90:72: zmag0 = zmaxis
unstructured/newpar.f90:778: call te_max2(xmag0,zmag0,te_field(0),temax,0,ier)
unstructured/newpar.f90:797: call te_max2(xmag0,zmag0,te_temp,temax,0,ier)
unstructured/newpar.f90:810: call te_max2(xmag0,zmag0,te_field(1),temax,0,ier)"
256,xlim,xlim,&inputnl,Grad-Shafranov Solver,Grad-Shafranov 求解器,real,0.,1,R-coordinate of limiter #1,托卡马克：内部 limiter #1 的物理 R 坐标；LCFS 候选取该点磁通。0 表示不设内部 limiter，并沿用第一壁/X 点给出的当前边界磁通。generic PF 场还用它估计小半径。仿星器：不使用。,,unstructured/input.f90,669,21,unstructured/init_basicj.f90(4); unstructured/init_solovev.f90(3); unstructured/diagnostics.f90(2); unstructured/gradshafranov.f90(2); unstructured/init_cyl.f90(2); unstructured/init_rwm.f90(2); unstructured/output.f90(2); unstructured/init_circle.f90(1),"源码引用 21 处；主要在 `init_basicj.f90` 4处, `init_solovev.f90` 3处, `diagnostics.f90` 2处, `gradshafranov.f90` 2处。","unstructured/diagnostics.f90:2203: if(xlim.eq.0.) then
unstructured/diagnostics.f90:2209: call evaluate(xlim,0.,zlim,dum1,temp_field,itri,ier)
unstructured/gradshafranov.f90:258: aminor = abs(xmag-xlim)
unstructured/gradshafranov.f90:341: xp = xlim
unstructured/init_basicj.f90:126: if(xlim.eq.0) then
unstructured/init_basicj.f90:129: if(myrank.eq.0) print *, 'Error: basicj_qa not available when xlim != 0'
unstructured/init_basicj.f90:347: if(xlim.eq.0) then
unstructured/init_basicj.f90:348: xlim = xmag + ln
unstructured/init_circle.f90:29: xlim = xmag + ln
unstructured/init_cyl.f90:307: if(xlim.eq.0) then"
257,zlim,zlim,&inputnl,Grad-Shafranov Solver,Grad-Shafranov 求解器,real,0.,1,Z-coordinate of limiter #1,托卡马克：内部 limiter #1 的物理 Z 坐标，仅在 `xlim!=0` 时与之配套评价磁通。仿星器：不使用。,,unstructured/input.f90,671,13,unstructured/init_solovev.f90(2); unstructured/output.f90(2); unstructured/diagnostics.f90(1); unstructured/gradshafranov.f90(1); unstructured/init_basicj.f90(1); unstructured/init_circle.f90(1); unstructured/init_cyl.f90(1); unstructured/init_frs.f90(1),"源码引用 13 处；主要在 `init_solovev.f90` 2处, `output.f90` 2处, `diagnostics.f90` 1处, `gradshafranov.f90` 1处。","unstructured/diagnostics.f90:2209: call evaluate(xlim,0.,zlim,dum1,temp_field,itri,ier)
unstructured/gradshafranov.f90:342: zp = zlim
unstructured/init_basicj.f90:349: zlim = zmag
unstructured/init_circle.f90:30: zlim = zmag
unstructured/init_cyl.f90:309: zlim = zmag
unstructured/init_frs.f90:57: rs=zlim! Position of singular surface
unstructured/init_rwm.f90:29: zlim = zmag
unstructured/init_solovev.f90:33: zlim = 0.
unstructured/init_solovev.f90:35: z = zlim
unstructured/output.f90:314: call write_real_attr(root_id, ""zlim"" , zlim, error)"
258,xlim2,xlim2,&inputnl,Grad-Shafranov Solver,Grad-Shafranov 求解器,real,0.,1,R-coordinate of limiter #2,"托卡马克：内部 limiter #2 的物理 R 坐标；大于 0 时作为第二个 LCFS 候选。`idevice=0,igs_feedfac=1` 时还与 limiter #1 的磁通差构成外场反馈。仿星器：不使用。",,unstructured/input.f90,673,10,unstructured/diagnostics.f90(2); unstructured/gradshafranov.f90(2); unstructured/output.f90(2); unstructured/particle.f90(1); unstructured/particle_com.f90(1); unstructured/restart_hdf5.f90(1); unstructured/runaway_advection.f90(1),"源码引用 10 处；主要在 `diagnostics.f90` 2处, `gradshafranov.f90` 2处, `output.f90` 2处, `particle.f90` 1处。","unstructured/diagnostics.f90:2218: if(xlim2.gt.0) then
unstructured/diagnostics.f90:2220: call evaluate(xlim2,0.,zlim2,dum1,temp_field,itri,ier)
unstructured/gradshafranov.f90:344: xp = xlim2
unstructured/gradshafranov.f90:1276: if(itnum.gt.1 .and. gnorm.ne.0 .and. xlim2.ne.0 .and. igs_feedfac.eq.1) then
unstructured/output.f90:315: call write_real_attr(root_id, ""xlim2"" , xlim2, error)
unstructured/output.f90:362: call write_real_attr(root_id, ""xlim2"", xlim2, error)
unstructured/particle.f90:289: print *, 'xlim2 = ', xlim2
unstructured/particle_com.f90:287: print *, 'xlim2 = ', xlim2
unstructured/restart_hdf5.f90:128: call read_real_attr(root_id, ""xlim2"", xlim2, error)
unstructured/runaway_advection.f90:208: print *, 'xlim2 = ', xlim2"
259,zlim2,zlim2,&inputnl,Grad-Shafranov Solver,Grad-Shafranov 求解器,real,0.,1,Z-coordinate of limiter #2,托卡马克：内部 limiter #2 的物理 Z 坐标，仅在 `xlim2>0` 时使用。仿星器：不使用。,,unstructured/input.f90,675,5,unstructured/output.f90(2); unstructured/diagnostics.f90(1); unstructured/gradshafranov.f90(1); unstructured/restart_hdf5.f90(1),"源码引用 5 处；主要在 `output.f90` 2处, `diagnostics.f90` 1处, `gradshafranov.f90` 1处, `restart_hdf5.f90` 1处。","unstructured/diagnostics.f90:2220: call evaluate(xlim2,0.,zlim2,dum1,temp_field,itri,ier)
unstructured/gradshafranov.f90:345: zp = zlim2
unstructured/output.f90:316: call write_real_attr(root_id, ""zlim2"" , zlim2, error)
unstructured/output.f90:363: call write_real_attr(root_id, ""zlim2"", zlim2, error)
unstructured/restart_hdf5.f90:129: call read_real_attr(root_id, ""zlim2"", zlim2, error)"
260,rzero,rzero,&inputnl,Grad-Shafranov Solver,Grad-Shafranov 求解器,real,-1.,1,源码 `add_var_*` 注册说明为空；请结合所在逻辑组和下方源码使用位置判断。,托卡马克：参考大半径，进入 F=R Bphi、旋转平衡指数和归一化；读入默认 -1，校验时环形几何改取 `xzero`，gfile 又会用 `rmaxis` 覆盖。仿星器：VMEC/外场基态不由它定义。 运行时默认：`rzero=-1` 时，toroidal 几何取 `xzero`，其它几何取 1；若最终 `rzero<=0` 只给 warning。,,unstructured/input.f90,677,130,unstructured/gradshafranov.f90(29); unstructured/init_frs.f90(19); unstructured/init_solovev.f90(15); unstructured/init_ftz.f90(10); unstructured/input.f90(6); unstructured/rmp.f90(6); unstructured/init_rwm.f90(5); unstructured/init_basicj.f90(4),"源码引用 130 处；主要在 `gradshafranov.f90` 29处, `init_frs.f90` 19处, `init_solovev.f90` 15处, `init_ftz.f90` 10处。","unstructured/auxiliary_fields.f90:969: if(itor.eq.0) temp79a = temp79a/rzero
unstructured/diagnostics.f90:686: tpifac = 1./rzero
unstructured/diagnostics.f90:695: tpirzero = twopi*rzero
unstructured/gradshafranov.f90:444: bzero = yvals(nvals)/rzero
unstructured/gradshafranov.f90:510: (1.-bpscale)*bpscale*bzero*rzero / &
unstructured/gradshafranov.f90:511: sqrt(2.*g0_spline%y(:)+(bzero*rzero)**2))
unstructured/gradshafranov.f90:513: .5*bpscale*(sqrt(2.*g0_spline%y(:)+(bzero*rzero)**2)-(bzero*rzero)) &
unstructured/gradshafranov.f90:514: *(2.*bzero*rzero &
unstructured/gradshafranov.f90:515: + (sqrt(2.*g0_spline%y(:)+(bzero*rzero)**2)-(bzero*rzero))*bpscale)
unstructured/gradshafranov.f90:519: (1.-bpscale)*bpscale*bzero*rzero / &"
261,psifrac,psifrac,&inputnl,Grad-Shafranov Solver,Grad-Shafranov 求解器,real,1.,1,Fraction of poloidal flux from psimin to psibound used for the mesh,托卡马克：把实际归一化磁通乘以该因子后再查询所有剖面，即 `psi_profile=(psi-psiaxis)/(psiLCFS-psiaxis)*psifrac`。小于 1 会让 LCFS 只用到剖面表的内侧部分，并非裁剪 mesh。仿星器：不使用 GS 剖面坐标。,,unstructured/input.f90,678,12,unstructured/gradshafranov.f90(12),源码引用 12 处；主要在 `gradshafranov.f90` 12处。,"unstructured/gradshafranov.f90:2185: pso = (temp(1) - psimin)*dpsii*psifrac
unstructured/gradshafranov.f90:2434: pso = (ps079(i,OP_1)-psimin)*dpsii*psifrac
unstructured/gradshafranov.f90:2971: psii = (real(ps0(1)) - psimin)/(psibound - psimin)*psifrac
unstructured/gradshafranov.f90:3028: psii = (real(ps0(1)) - psimin)/(psibound - psimin)*psifrac
unstructured/gradshafranov.f90:3088: psii = (real(ps0(1)) - psimin)/(psibound - psimin)*psifrac
unstructured/gradshafranov.f90:3133: psii = (real(ps0(1)) - psimin)/(psibound - psimin)*psifrac
unstructured/gradshafranov.f90:3169: psii = (real(ps0(1)) - psimin)/(psibound - psimin)*psifrac
unstructured/gradshafranov.f90:3201: psii = (real(ps0(1)) - psimin)/(psibound - psimin)*psifrac
unstructured/gradshafranov.f90:3237: psii = (real(ps0(1)) - psimin)/(psibound - psimin)*psifrac
unstructured/gradshafranov.f90:3269: psii = (real(ps0(1)) - psimin)/(psibound - psimin)*psifrac"
262,libetap,libetap,&inputnl,Grad-Shafranov Solver,Grad-Shafranov 求解器,real,1.2,1,源码 `add_var_*` 注册说明为空；请结合所在逻辑组和下方源码使用位置判断。,托卡马克：只在 `idevice=0` generic 自由边界初值中，作为 Shafranov 竖直场估算的 `li/2+beta_p`；不会由一般 `idevice=-1` 线圈求解自动满足。仿星器：不使用。,,unstructured/input.f90,679,7,unstructured/gradshafranov.f90(3); unstructured/init_basicq.f90(1); unstructured/metricterms_new.f90(1); unstructured/metricterms_new_gpu.f90(1); unstructured/transport.f90(1),"源码引用 7 处；主要在 `gradshafranov.f90` 3处, `init_basicq.f90` 1处, `metricterms_new.f90` 1处, `metricterms_new_gpu.f90` 1处。","unstructured/gradshafranov.f90:260: bv = alog(8.*xmag/aminor) - 1.5 + libetap
unstructured/gradshafranov.f90:261: libetapeff = libetap
unstructured/gradshafranov.f90:1394: if(feedfac.ne.0) print *, ""init&fin(effective) libetap"", libetap, libetapeff
unstructured/init_basicq.f90:37: q6_qp = libetap
unstructured/metricterms_new.f90:8351: temp79b = 1. + tanh((r-libetap)/p1)
unstructured/metricterms_new_gpu.f90:17354: temp79b = 1. + tanh((r-libetap)/p1)
unstructured/transport.f90:676: temp79a = temp79a*(1. + tanh((r-libetap)/p1))"
263,p0,p0,&inputnl,Grad-Shafranov Solver,Grad-Shafranov 求解器,real,0.01,1,源码 `add_var_*` 注册说明为空；请结合所在逻辑组和下方源码使用位置判断。,托卡马克：内置解析压力剖面的轴上总压力幅值，也是密度幂律归一化和电子/离子压力分配的参考；gfile 或 `profile_p` 建立完整剖面后，其形状不再由本值控制，但直接 gfile 投影仍以它归一化解析密度。仿星器：GS 不使用；其它解析测试平衡可能复用该全局量。,,unstructured/input.f90,680,132,unstructured/init_3dwave.f90(19); unstructured/init_frs.f90(14); unstructured/gradshafranov.f90(13); unstructured/init_wave.f90(9); unstructured/interpolate.f90(9); unstructured/init_gem.f90(7); unstructured/init_tilt.f90(6); unstructured/init_ftz.f90(5),"源码引用 132 处；主要在 `init_3dwave.f90` 19处, `init_frs.f90` 14处, `gradshafranov.f90` 13处, `init_wave.f90` 9处。","unstructured/gradshafranov.f90:1054: pe_spline%y(i) = p0_val*(p0-pi0)/p0*(n_val/n0_val)
unstructured/gradshafranov.f90:1983: g2 = -xmagp**2*p0*p1 - 2.*abs(g0)/(xmagp*q0*abs(dpsii))
unstructured/gradshafranov.f90:1984: g3 = -4.*(abs(g0)/xmagp)*djdpsi/dpsii - xmagp**2*p0*p2
unstructured/gradshafranov.f90:1987: g2 = -xmag**2*p0*p1 - 2.*abs(g0)/(xmag*q0*abs(dpsii))
unstructured/gradshafranov.f90:1988: g3 = -4.*(abs(g0)/xmag)*djdpsi/dpsii - xmag**2*p0*p2
unstructured/gradshafranov.f90:2272: + p0*alphap**2*x*r2))
unstructured/gradshafranov.f90:2288: + p0*alphap**2*x*r2))
unstructured/gradshafranov.f90:2297: + p0*alphap**2*x*r2))
unstructured/gradshafranov.f90:2554: p0 = pres0(1)
unstructured/gradshafranov.f90:2617: pres0(j) = p0*(1.+p1*psii+p2*psii**2 &"
264,pi0,pi0,&inputnl,Grad-Shafranov Solver,Grad-Shafranov 求解器,real,0.005,1,源码 `add_var_*` 注册说明为空；请结合所在逻辑组和下方源码使用位置判断。,托卡马克：轴上离子压力参考值；校验阶段以 `(p0-pi0)/p0` 计算电子压力份额 `pefac`，压力外延没有 Te 文件时也用它。它不直接进入 GS 磁通源。仿星器：VMEC 初始化会从总压和 `pefac` 重设该量，GS 不使用。,,unstructured/input.f90,681,18,unstructured/init_tilt.f90(3); unstructured/init_wave.f90(3); unstructured/init_mri.f90(2); unstructured/gradshafranov.f90(1); unstructured/init_3ddiffusion.f90(1); unstructured/init_3dwave.f90(1); unstructured/init_force_free.f90(1); unstructured/init_gmode.f90(1),"源码引用 18 处；主要在 `init_tilt.f90` 3处, `init_wave.f90` 3处, `init_mri.f90` 2处, `gradshafranov.f90` 1处。","unstructured/gradshafranov.f90:1054: pe_spline%y(i) = p0_val*(p0-pi0)/p0*(n_val/n0_val)
unstructured/init_3ddiffusion.f90:69: call constant_field(pe0_l, p0-pi0)
unstructured/init_3dwave.f90:150: call constant_field(pe0_l, p0-pi0)
unstructured/init_force_free.f90:71: call constant_field( pe0_l, p0-pi0)
unstructured/init_gmode.f90:62: fac1 = p0 - pi0
unstructured/init_mri.f90:53: nu = db*0.5*gyro*pi0/bzero
unstructured/init_mri.f90:78: call constant_field( pe0_l,p0 - pi0)
unstructured/init_rotating_cylinder.f90:70: pe0_l(1) = p0 - pi0
unstructured/init_strauss.f90:72: call constant_field(pe0_l, p0 - pi0)
unstructured/init_taylor.f90:60: call constant_field( pe0_l, p0-pi0)"
265,p1,p1,&inputnl,Grad-Shafranov Solver,Grad-Shafranov 求解器,real,0.,1,源码 `add_var_*` 注册说明为空；请结合所在逻辑组和下方源码使用位置判断。,托卡马克：内置解析压力关于归一化磁通的轴上一次形状系数；实际 `p'(0)=p0*p1`，并参与 q0 约束系数。完整 p/F 剖面约束时不控制压力。仿星器：不使用 GS。,,unstructured/input.f90,682,68,unstructured/metricterms_new_gpu.f90(31); unstructured/gradshafranov.f90(12); unstructured/read_schaffer_field.f90(10); unstructured/read_vmec.f90(7); unstructured/read_namelist.cpp(3); unstructured/init_basicq.f90(1); unstructured/init_conds.f90(1); unstructured/init_kstar.f90(1),"源码引用 68 处；主要在 `metricterms_new_gpu.f90` 31处, `gradshafranov.f90` 12处, `read_schaffer_field.f90` 10处, `read_vmec.f90` 7处。","unstructured/gradshafranov.f90:1983: g2 = -xmagp**2*p0*p1 - 2.*abs(g0)/(xmagp*q0*abs(dpsii))
unstructured/gradshafranov.f90:1987: g2 = -xmag**2*p0*p1 - 2.*abs(g0)/(xmag*q0*abs(dpsii))
unstructured/gradshafranov.f90:2617: pres0(j) = p0*(1.+p1*psii+p2*psii**2 &
unstructured/gradshafranov.f90:2618: - (20. + 10.*p1 + 4.*p2)*psii**3 &
unstructured/gradshafranov.f90:2619: + (45. + 20.*p1 + 6.*p2)*psii**4 &
unstructured/gradshafranov.f90:2620: - (36. + 15.*p1 + 4.*p2)*psii**5 &
unstructured/gradshafranov.f90:2621: + (10. + 4.*p1 + p2)*psii**6)
unstructured/gradshafranov.f90:2622: ppn(j) = p0*(p1+2.*p2*psii &
unstructured/gradshafranov.f90:2623: - 3.*(20. + 10.*p1 + 4.*p2)*psii**2 &
unstructured/gradshafranov.f90:2624: + 4.*(45. + 20.*p1 + 6.*p2)*psii**3 &"
266,p2,p2,&inputnl,Grad-Shafranov Solver,Grad-Shafranov 求解器,real,0.,1,源码 `add_var_*` 注册说明为空；请结合所在逻辑组和下方源码使用位置判断。,托卡马克：内置解析压力的轴上二次形状系数；实际 `p''(0)=2*p0*p2`，并参与轴上电流梯度约束。完整 p/F 剖面约束时不生效。仿星器：不使用 GS。,,unstructured/input.f90,683,32,unstructured/metricterms_new_gpu.f90(14); unstructured/gradshafranov.f90(12); unstructured/read_namelist.cpp(3); unstructured/init_basicq.f90(1); unstructured/init_conds.f90(1); unstructured/init_kstar.f90(1),"源码引用 32 处；主要在 `metricterms_new_gpu.f90` 14处, `gradshafranov.f90` 12处, `read_namelist.cpp` 3处, `init_basicq.f90` 1处。","unstructured/gradshafranov.f90:1984: g3 = -4.*(abs(g0)/xmagp)*djdpsi/dpsii - xmagp**2*p0*p2
unstructured/gradshafranov.f90:1988: g3 = -4.*(abs(g0)/xmag)*djdpsi/dpsii - xmag**2*p0*p2
unstructured/gradshafranov.f90:2617: pres0(j) = p0*(1.+p1*psii+p2*psii**2 &
unstructured/gradshafranov.f90:2618: - (20. + 10.*p1 + 4.*p2)*psii**3 &
unstructured/gradshafranov.f90:2619: + (45. + 20.*p1 + 6.*p2)*psii**4 &
unstructured/gradshafranov.f90:2620: - (36. + 15.*p1 + 4.*p2)*psii**5 &
unstructured/gradshafranov.f90:2621: + (10. + 4.*p1 + p2)*psii**6)
unstructured/gradshafranov.f90:2622: ppn(j) = p0*(p1+2.*p2*psii &
unstructured/gradshafranov.f90:2623: - 3.*(20. + 10.*p1 + 4.*p2)*psii**2 &
unstructured/gradshafranov.f90:2624: + 4.*(45. + 20.*p1 + 6.*p2)*psii**3 &"
267,pedge,pedge,&inputnl,Grad-Shafranov Solver,Grad-Shafranov 求解器,real,0.,1,Pressure outside separatrix (ignore if <= 0),托卡马克：GS 路径中大于 0 时平移整个压力样条，使最外剖面点等于该总压力；直接 gfile 且不求 GS 时，非负值则作为常数直接加到投影压力。它不是给真空 zone 单独增加一条压力方程；`tiedge` 可随后覆盖，`tedge` 也可据密度推算。仿星器：不通过 GS 使用。,,unstructured/input.f90,684,39,unstructured/gradshafranov.f90(7); unstructured/input.f90(7); unstructured/init_rwm.f90(3); unstructured/init_solovev.f90(3); unstructured/rmp.f90(3); unstructured/init_circle.f90(2); unstructured/init_common.f90(2); unstructured/init_vmec.f90(2),"源码引用 39 处；主要在 `gradshafranov.f90` 7处, `input.f90` 7处, `init_rwm.f90` 3处, `init_solovev.f90` 3处。","unstructured/gradshafranov.f90:555: if(pedge.gt.0.) p0_spline%y = p0_spline%y - p0_spline%y(p0_spline%n) + pedge
unstructured/gradshafranov.f90:797: if(pedge.gt.0. .and. myrank.eq.0) then
unstructured/gradshafranov.f90:798: print *, 'Warning: tiedge is overriding setting for pedge.'
unstructured/gradshafranov.f90:803: pedge = n0_spline%y(n0_spline%n)* &
unstructured/gradshafranov.f90:807: pedge = n0_spline%y(n0_spline%n)*tiedge / (1. - pefac)
unstructured/gradshafranov.f90:810: p0_spline%y = p0_spline%y - p0_spline%y(p0_spline%n) + pedge
unstructured/gradshafranov.f90:822: if(pedge.le.0.) then
unstructured/init_basicq.f90:30: pedge_qp = pedge
unstructured/init_circle.f90:119: p079(:,OP_1) = j0**2*(ln**2 - r2) + pedge
unstructured/init_circle.f90:122: p079(:,OP_1) = pedge"
268,tedge,tedge,&inputnl,Grad-Shafranov Solver,Grad-Shafranov 求解器,real,0.,1,Electron temperature outside separatrix (ignore if <= 0),托卡马克：大于 0 时设置最外电子温度；不能同时读取 Te。源码会平移 Te，并在 `pedge<=0` 时试图相应平移总压力以保持离子温度，当前实现该压力修正含明显索引/数值问题，使用前应验证。仿星器：不通过 GS 使用。,,unstructured/input.f90,686,10,unstructured/input.f90(6); unstructured/gradshafranov.f90(3); unstructured/model.f90(1),"源码引用 10 处；主要在 `input.f90` 6处, `gradshafranov.f90` 3处, `model.f90` 1处。","unstructured/gradshafranov.f90:814: if(tedge.gt.0.) then
unstructured/gradshafranov.f90:817: te_spline%y = te_spline%y - teold + tedge
unstructured/gradshafranov.f90:823: p0_spline%y = p0_spline%y + n0_spline%n*(tedge - teold)*z_ion
unstructured/input.f90:1685: if(den_edge.gt.0 .and. pedge.gt.0 .and. tedge.gt.0) then
unstructured/input.f90:1686: print *, 'ERROR: pedge, den_edge, and tedge cannot all be set'
unstructured/input.f90:1700: if(tedge.gt.0.) then
unstructured/input.f90:1702: if(myrank.eq.0) print *, 'Error: tedge is incompatible with iread_te'
unstructured/input.f90:1706: pedge = de*tedge/pefac
unstructured/input.f90:1709: den_edge = pedge*pefac/tedge
unstructured/model.f90:734: if(eqsubtract.eq.0 .and. idiff.eq.0) temp(1) = tedge"
269,tiedge,tiedge,&inputnl,Grad-Shafranov Solver,Grad-Shafranov 求解器,real,0.,1,Outermost ion temperature (ignore if <= 0),托卡马克：大于 0 时按最外密度和 Te 重新计算 `pedge`，因此覆盖用户给定的 `pedge`，再平移总压力使最外离子温度达到目标。仿星器：不使用 GS。,,unstructured/input.f90,688,4,unstructured/gradshafranov.f90(4),源码引用 4 处；主要在 `gradshafranov.f90` 4处。,"unstructured/gradshafranov.f90:796: if(tiedge.gt.0.) then
unstructured/gradshafranov.f90:798: print *, 'Warning: tiedge is overriding setting for pedge.'
unstructured/gradshafranov.f90:804: (z_ion*te_spline%y(te_spline%n) + tiedge)
unstructured/gradshafranov.f90:807: pedge = n0_spline%y(n0_spline%n)*tiedge / (1. - pefac)"
270,expn,expn,&inputnl,Grad-Shafranov Solver,Grad-Shafranov 求解器,real,0.,1,Density profile = p^expn,托卡马克：未读入 ne 时密度随压力的幂指数；0 给常密度，非零构造近似 `n∝p^expn`，可叠加 `den_edge`。直接 gfile 投影也用它从投影压力构造初始密度；它不进入静态无旋转 GS 方程。仿星器：GS 不使用。,,unstructured/input.f90,690,12,unstructured/gradshafranov.f90(3); unstructured/init_common.f90(2); unstructured/init_eqdsk.f90(2); unstructured/input.f90(2); unstructured/pellet.f90(2); unstructured/init_basicq.f90(1),"源码引用 12 处；主要在 `gradshafranov.f90` 3处, `init_common.f90` 2处, `init_eqdsk.f90` 2处, `input.f90` 2处。","unstructured/gradshafranov.f90:2649: if(expn.eq.0.) then
unstructured/gradshafranov.f90:2653: n0_spline%y = den0*((p0_spline%y-p0_spline%y(p0_spline%n))/p0)**expn + den_edge
unstructured/gradshafranov.f90:2655: n0_spline%y = den0*(p0_spline%y/p0)**expn
unstructured/init_basicq.f90:144: if(linear.eq.0) temp79e = den0*(temp79c/p0_qp)**expn + den_edge
unstructured/init_common.f90:323: if(expn.eq.0.) then
unstructured/init_common.f90:331: n079(:,OP_1) = den0*(temp79a/p0)**expn + den_edge
unstructured/init_eqdsk.f90:323: if(expn.eq.0.) then
unstructured/init_eqdsk.f90:326: n079(:,OP_1) = (p079(:,OP_1)/p0)**expn
unstructured/input.f90:691: ""Density profile = p^expn"", gs_grp)
unstructured/input.f90:1691: de = den0*(pedge/p0)**expn"
271,q0,q0,&inputnl,Grad-Shafranov Solver,Grad-Shafranov 求解器,real,1.,1,源码 `add_var_*` 注册说明为空；请结合所在逻辑组和下方源码使用位置判断。,托卡马克：非约束解析 GS 中目标轴上安全因子，用于计算 `gamma2`；完整 gfile/profile p-F 约束或 `nv1equ=1` 时不再用它调解。仿星器：不使用。,,unstructured/input.f90,692,37,unstructured/init_frs.f90(17); unstructured/init_solovev.f90(5); unstructured/init_rwm.f90(3); unstructured/gradshafranov.f90(2); unstructured/init_circle.f90(2); unstructured/init_conds.f90(2); unstructured/init_kstar.f90(2); unstructured/mackenbach_profiles.f90(2),"源码引用 37 处；主要在 `init_frs.f90` 17处, `init_solovev.f90` 5处, `init_rwm.f90` 3处, `gradshafranov.f90` 2处。","unstructured/gradshafranov.f90:1983: g2 = -xmagp**2*p0*p1 - 2.*abs(g0)/(xmagp*q0*abs(dpsii))
unstructured/gradshafranov.f90:1987: g2 = -xmag**2*p0*p1 - 2.*abs(g0)/(xmag*q0*abs(dpsii))
unstructured/init_basicq.f90:25: q0_qp = q0
unstructured/init_circle.f90:28: j0 = 2.*bzero/(q0*rzero)
unstructured/init_circle.f90:33: print *, 'Analytic resonant frequency: ', j0*ntor*(q0 - mpol/ntor)/(2.*sqrt(den0))
unstructured/init_conds.f90:807: ((1+fA/E**((-r1+r/a)**2/r2**2))*q0*R0* &
unstructured/init_conds.f90:808: (1+((r*Abs(-1+(m/(n*q0))**u)**(1/(2.*u)))/(a*rA))**(2*u))**(1/u))
unstructured/init_frs.f90:171: psi0_l(1) = -.5/q0*(1.-.5*r**2)**2
unstructured/init_frs.f90:172: psi0_l(2) = x/q0*(1.-.5*r**2)
unstructured/init_frs.f90:173: psi0_l(3) = z/q0*(1.-.5*r**2)"
272,sigma0,sigma0,&inputnl,Grad-Shafranov Solver,Grad-Shafranov 求解器,real,0.,1,源码 `add_var_*` 注册说明为空；请结合所在逻辑组和下方源码使用位置判断。,"托卡马克：初始等离子体电流猜测的物理 R-Z 高斯宽度；0 使用位于 `xmag,zmag` 的 delta 电流，非零使用高斯。它只影响 GS 初猜，不是最终电流剖面宽度。仿星器：不使用。",,unstructured/input.f90,693,10,unstructured/gradshafranov.f90(4); unstructured/init_eqdsk.f90(4); unstructured/init_jsolver.f90(2),"源码引用 10 处；主要在 `gradshafranov.f90` 4处, `init_eqdsk.f90` 4处, `init_jsolver.f90` 2处。","unstructured/gradshafranov.f90:96: if(myrank.eq.0 .and. iprint.gt.0) write(*,1001) xmag,zmag,tcuro,sigma0
unstructured/gradshafranov.f90:97: 1001 format(' in gradshafranov_init',/,' xmag,zmag,tcuro,sigma0',1p4e12.4)
unstructured/gradshafranov.f90:98: if(sigma0 .eq.0) then
unstructured/gradshafranov.f90:101: call gaussianfun(xmag,zmag,tcuro,sigma0,jphi_field)
unstructured/init_eqdsk.f90:90: if(myrank.eq.0 .and. iprint.gt.0) write(*,1001) xmag,zmag,tcuro,sigma0
unstructured/init_eqdsk.f90:91: 1001 format(' in gradshafranov_init',/,' xmag,zmag,tcuro,sigma0',1p4e12.4)
unstructured/init_eqdsk.f90:92: if(sigma0 .eq.0) then
unstructured/init_eqdsk.f90:95: call gaussianfun(xmag,zmag,tcuro,sigma0,jphi_field)
unstructured/init_jsolver.f90:99: if(sigma0.eq.0) then
unstructured/init_jsolver.f90:102: call gaussianfun(xmag,zmag,tcuro,sigma0,jphi_field)"
273,djdpsi,djdpsi,&inputnl,Grad-Shafranov Solver,Grad-Shafranov 求解器,real,0.,1,源码 `add_var_*` 注册说明为空；请结合所在逻辑组和下方源码使用位置判断。,托卡马克：非约束解析 GS 的目标轴上环向电流对实际磁通的导数，通过 `gamma3` 调节额外 FF' 基函数；完整剖面约束或 `nv1equ=1` 时不生效。仿星器：不使用。,,unstructured/input.f90,694,3,unstructured/gradshafranov.f90(2); unstructured/init_basicq.f90(1),"源码引用 3 处；主要在 `gradshafranov.f90` 2处, `init_basicq.f90` 1处。","unstructured/gradshafranov.f90:1984: g3 = -4.*(abs(g0)/xmagp)*djdpsi/dpsii - xmagp**2*p0*p2
unstructured/gradshafranov.f90:1988: g3 = -4.*(abs(g0)/xmag)*djdpsi/dpsii - xmag**2*p0*p2
unstructured/init_basicq.f90:40: q12_qp = djdpsi"
274,th_gs,th_gs,&inputnl,Grad-Shafranov Solver,Grad-Shafranov 求解器,real,0.8,1,Implicitness of GS Picard iterations,托卡马克：从第二个已求解迭代起的 Picard 松弛权重，`psi_new=th_gs*psi_solved+(1-th_gs)*psi_old`；通常应在 0 到 1 之间。仿星器：不使用。,,unstructured/input.f90,695,3,unstructured/gradshafranov.f90(2); unstructured/init_basicq.f90(1),"源码引用 3 处；主要在 `gradshafranov.f90` 2处, `init_basicq.f90` 1处。","unstructured/gradshafranov.f90:1311: call mult(b2vecini_vec,th_gs)
unstructured/gradshafranov.f90:1313: call mult(psi_vec,1.-th_gs)
unstructured/init_basicq.f90:24: r1_qp = th_gs"
275,tol_gs,tol_gs,&inputnl,Grad-Shafranov Solver,Grad-Shafranov 求解器,real,1.e-8,1,源码 `add_var_*` 注册说明为空；请结合所在逻辑组和下方源码使用位置判断。,托卡马克：第二轮以后 GS 解变化误差 `error2` 的提前停止阈值；约束剖面的残差另用于输出/诊断，但退出判断仍看 `error2`。仿星器：不使用。,,unstructured/input.f90,697,1,unstructured/gradshafranov.f90(1),源码引用 1 处；主要在 `gradshafranov.f90` 1处。,unstructured/gradshafranov.f90:1357: if(itnum .gt. 1 .and. error2 .lt. tol_gs) exit mainloop
276,psiscale,psiscale,&inputnl,Grad-Shafranov Solver,Grad-Shafranov 求解器,real,1.,1,源码 `add_var_*` 注册说明为空；请结合所在逻辑组和下方源码使用位置判断。,托卡马克：当前源码只检查大于 1 时把它重置为 1，之后没有活动计算使用；不能依靠它缩放或截取磁通剖面，相关用户作用实际由 `psifrac` 完成。仿星器：不使用。,,unstructured/input.f90,698,3,unstructured/input.f90(3),源码引用 3 处；主要在 `input.f90` 3处。,"unstructured/input.f90:1547: if(psiscale.gt.1.) then
unstructured/input.f90:1548: if(myrank.eq.0) print*, 'Warning: psiscale > 1 not supported'
unstructured/input.f90:1549: psiscale = 1."
277,pscale,pscale,&inputnl,Grad-Shafranov Solver,Grad-Shafranov 求解器,real,1.,1,Factor multiplying pressure profile,托卡马克：在剖面来源确定后统一乘 p 与 p'；随后 `profile_pscale`、边缘压力/温度设置仍可进一步修改。仿星器：不经过 GS；固定 VMEC 压力覆盖不使用本开关。,,unstructured/input.f90,699,2,unstructured/gradshafranov.f90(2),源码引用 2 处；主要在 `gradshafranov.f90` 2处。,"unstructured/gradshafranov.f90:479: p0_spline%y = p0_spline%y*pscale
unstructured/gradshafranov.f90:480: pprime_spline%y = pprime_spline%y*pscale"
278,bscale,bscale,&inputnl,Grad-Shafranov Solver,Grad-Shafranov 求解器,real,1.,1,Factor multiplying toroidal field profile,托卡马克：统一缩放 F=R Bphi 的幅值；内部对 g=(F^2-Fedge^2)/2 与 FF' 乘 `bscale^2`，对 `bzero` 乘 `bscale`，随后仍可应用 `bpscale/profile_bscale`。仿星器：不使用。,,unstructured/input.f90,701,3,unstructured/gradshafranov.f90(3),源码引用 3 处；主要在 `gradshafranov.f90` 3处。,"unstructured/gradshafranov.f90:481: g0_spline%y = g0_spline%y*bscale**2
unstructured/gradshafranov.f90:482: ffprime_spline%y = ffprime_spline%y*bscale**2
unstructured/gradshafranov.f90:483: bzero = bzero*bscale"
279,batemanscale,batemanscale,&inputnl,Grad-Shafranov Solver,Grad-Shafranov 求解器,real,1.,1,Bateman scaling factor for TF (keeping current density fixed),托卡马克：gfile 路径的 Bateman 环向场缩放，目标是在改变 F/Bphi 时保持给定 FF' 或电流源关系；与 `igs_pp_ffp_rescale` 的组合决定是在读入时重构 F，还是在 GS 后缩放 `bzero`。仿星器：不使用。,,unstructured/input.f90,703,4,unstructured/gradshafranov.f90(2); unstructured/init_eqdsk.f90(2),"源码引用 4 处；主要在 `gradshafranov.f90` 2处, `init_eqdsk.f90` 2处。","unstructured/gradshafranov.f90:1409: if(igs_pp_ffp_rescale.ne.0 .and. batemanscale.ne.1.) then
unstructured/gradshafranov.f90:1410: if(myrank.eq.0) bzero = bzero*batemanscale
unstructured/init_eqdsk.f90:171: if(igs_pp_ffp_rescale.ne.1) fpol(nw) = fpol(nw)*batemanscale
unstructured/init_eqdsk.f90:188: if(batemanscale.eq.1.0 .or. igs_pp_ffp_rescale.eq.1) cycle"
280,bpscale,bpscale,&inputnl,Grad-Shafranov Solver,Grad-Shafranov 求解器,real,1.,1,Factor multiplying F' (keeping F0 constant),托卡马克：在保持边缘 `F0=bzero*rzero` 不变的条件下缩放 F 的偏离量，从而一致更新 g 与 FF'；不是简单给整个 Bphi 乘常数。仿星器：不使用。,,unstructured/input.f90,705,8,unstructured/gradshafranov.f90(8),源码引用 8 处；主要在 `gradshafranov.f90` 8处。,"unstructured/gradshafranov.f90:509: (bpscale**2 + &
unstructured/gradshafranov.f90:510: (1.-bpscale)*bpscale*bzero*rzero / &
unstructured/gradshafranov.f90:513: .5*bpscale*(sqrt(2.*g0_spline%y(:)+(bzero*rzero)**2)-(bzero*rzero)) &
unstructured/gradshafranov.f90:515: + (sqrt(2.*g0_spline%y(:)+(bzero*rzero)**2)-(bzero*rzero))*bpscale)
unstructured/gradshafranov.f90:518: (bpscale**2 - &
unstructured/gradshafranov.f90:519: (1.-bpscale)*bpscale*bzero*rzero / &
unstructured/gradshafranov.f90:522: .5*bpscale*(-sqrt(2.*g0_spline%y(:)+(bzero*rzero)**2)-(bzero*rzero))&
unstructured/gradshafranov.f90:524: + (-sqrt(2.*g0_spline%y(:)+(bzero*rzero)**2)-(bzero*rzero))*bpscale)"
281,iread_bscale,iread_bscale,&inputnl,Grad-Shafranov Solver,Grad-Shafranov 求解器,integer,0,1,1: read profile_bscale for factor to scale F,"托卡马克：1 读取两列 `profile_bscale(psi_N,scale)`，逐点乘 F 后重新计算 g 与 FF'；它在常数 `bscale/bpscale` 之后执行。仿星器：不使用。",,unstructured/input.f90,707,1,unstructured/gradshafranov.f90(1),源码引用 1 处；主要在 `gradshafranov.f90` 1处。,unstructured/gradshafranov.f90:527: if(iread_bscale.eq.1) then
282,iread_pscale,iread_pscale,&inputnl,Grad-Shafranov Solver,Grad-Shafranov 求解器,integer,0,1,1: read profile_pscale for factor to scale p and p',"托卡马克：1 读取两列 `profile_pscale(psi_N,scale)`，令 p→pS，并按乘积法则令 p'→p'S+pS'；在常数 `pscale` 之后执行。仿星器：不使用。",,unstructured/input.f90,709,1,unstructured/gradshafranov.f90(1),源码引用 1 处；主要在 `gradshafranov.f90` 1处。,unstructured/gradshafranov.f90:485: if(iread_pscale.eq.1) then
283,vscale,vscale,&inputnl,Grad-Shafranov Solver,Grad-Shafranov 求解器,real,1.,1,Factor multiplying toroidal rotation profile,托卡马克：`irot!=0` 时统一乘读入或解析的基础环向角频率，之后才加入可选电子/E×B 抗磁换算。仿星器：VMEC/外场初始化不读取 GS 转动剖面。,,unstructured/input.f90,711,1,unstructured/gradshafranov.f90(1),源码引用 1 处；主要在 `gradshafranov.f90` 1处。,unstructured/gradshafranov.f90:928: omega_spline_0%y = omega_spline_0%y*vscale
284,gs_vertical_feedback,gs_vertical_feedback,&inputnl,Grad-Shafranov Solver,Grad-Shafranov 求解器,real array,0.,2000,Proportional feedback of each coil to vertical displacements,托卡马克：`idevice=-1` 时按线圈组给出的磁轴 Z 误差比例反馈系数数组；索引对应 `coil.dat` 的 coil group，电流在每轮 GS 后更新。仿星器：不使用。 数组参数在 C1input 中使用 Fortran 一基索引，例如 `name(1)=...`；未赋值元素保持默认值。,,unstructured/input.f90,713,2,unstructured/gradshafranov.f90(2),源码引用 2 处；主要在 `gradshafranov.f90` 2处。,"unstructured/gradshafranov.f90:170: (gs_vertical_feedback(coil_mask(i))*(zmag-zmag0) &
unstructured/gradshafranov.f90:1234: if((gs_vertical_feedback(i) .ne. 0) .or. &"
285,gs_radial_feedback,gs_radial_feedback,&inputnl,Grad-Shafranov Solver,Grad-Shafranov 求解器,real array,0.,2000,Proportional feedback of each coil to radial displacements,托卡马克：`idevice=-1` 时按线圈组给出的磁轴 R 误差比例反馈系数数组，与 `xmag-xmag0` 相乘。仿星器：不使用。 数组参数在 C1input 中使用 Fortran 一基索引，例如 `name(1)=...`；未赋值元素保持默认值。,,unstructured/input.f90,716,2,unstructured/gradshafranov.f90(2),源码引用 2 处；主要在 `gradshafranov.f90` 2处。,"unstructured/gradshafranov.f90:171: +gs_radial_feedback(coil_mask(i))*(xmag-xmag0) &
unstructured/gradshafranov.f90:1235: (gs_radial_feedback(i) .ne. 0)) then"
286,gs_vertical_feedback_i,gs_vertical_feedback_i,&inputnl,Grad-Shafranov Solver,Grad-Shafranov 求解器,real array,0.,2000,Integral feedback of each coil to vertical displacements,托卡马克：磁轴 Z 误差的积分反馈系数数组；误差逐 GS 迭代累加，不含时间步长。仿星器：不使用。 数组参数在 C1input 中使用 Fortran 一基索引，例如 `name(1)=...`；未赋值元素保持默认值。,,unstructured/input.f90,719,1,unstructured/gradshafranov.f90(1),源码引用 1 处；主要在 `gradshafranov.f90` 1处。,unstructured/gradshafranov.f90:172: +gs_vertical_feedback_i(coil_mask(i))*zmagi &
287,gs_radial_feedback_i,gs_radial_feedback_i,&inputnl,Grad-Shafranov Solver,Grad-Shafranov 求解器,real array,0.,2000,Integral feedback of each coil to radial displacements,托卡马克：磁轴 R 误差的积分反馈系数数组；误差逐 GS 迭代累加，不含时间步长。仿星器：不使用。 数组参数在 C1input 中使用 Fortran 一基索引，例如 `name(1)=...`；未赋值元素保持默认值。,,unstructured/input.f90,722,1,unstructured/gradshafranov.f90(1),源码引用 1 处；主要在 `gradshafranov.f90` 1处。,unstructured/gradshafranov.f90:173: +gs_radial_feedback_i(coil_mask(i))*xmagi)
288,gs_vertical_feedback_x,gs_vertical_feedback_x,&inputnl,Grad-Shafranov Solver,Grad-Shafranov 求解器,real array,0.,2000,Proportional feedback of each coil to vertical displacements,托卡马克：X 点 Z 误差的比例线圈反馈系数数组；仅 `idevice=-1`、X 点反馈数组非零且迭代次数大于 10 时生效。仿星器：不使用。 数组参数在 C1input 中使用 Fortran 一基索引，例如 `name(1)=...`；未赋值元素保持默认值。,,unstructured/input.f90,725,2,unstructured/gradshafranov.f90(2),源码引用 2 处；主要在 `gradshafranov.f90` 2处。,"unstructured/gradshafranov.f90:180: (gs_vertical_feedback_x(coil_mask(i))*(znull-znull0) &
unstructured/gradshafranov.f90:1238: if((gs_vertical_feedback_x(i) .ne. 0) .or. &"
289,gs_radial_feedback_x,gs_radial_feedback_x,&inputnl,Grad-Shafranov Solver,Grad-Shafranov 求解器,real array,0.,2000,Proportional feedback of each coil to radial displacements,托卡马克：X 点 R 误差的比例线圈反馈系数数组；与 `xnull-xnull0` 相乘，迭代次数必须大于 10。仿星器：不使用。 数组参数在 C1input 中使用 Fortran 一基索引，例如 `name(1)=...`；未赋值元素保持默认值。,,unstructured/input.f90,728,2,unstructured/gradshafranov.f90(2),源码引用 2 处；主要在 `gradshafranov.f90` 2处。,"unstructured/gradshafranov.f90:181: +gs_radial_feedback_x(coil_mask(i))*(xnull-xnull0) &
unstructured/gradshafranov.f90:1239: (gs_radial_feedback_x(i) .ne. 0)) then"
290,gs_vertical_feedback_x_i,gs_vertical_feedback_x_i,&inputnl,Grad-Shafranov Solver,Grad-Shafranov 求解器,real array,0.,2000,Integral feedback of each coil to vertical displacements,托卡马克：X 点 Z 误差的积分反馈系数数组；从第 11 次迭代起累计。仿星器：不使用。 数组参数在 C1input 中使用 Fortran 一基索引，例如 `name(1)=...`；未赋值元素保持默认值。,,unstructured/input.f90,731,1,unstructured/gradshafranov.f90(1),源码引用 1 处；主要在 `gradshafranov.f90` 1处。,unstructured/gradshafranov.f90:182: +gs_vertical_feedback_x_i(coil_mask(i))*znulli &
291,gs_radial_feedback_x_i,gs_radial_feedback_x_i,&inputnl,Grad-Shafranov Solver,Grad-Shafranov 求解器,real array,0.,2000,Integral feedback of each coil to radial displacements,托卡马克：X 点 R 误差的积分反馈系数数组；从第 11 次迭代起累计。仿星器：不使用。 数组参数在 C1input 中使用 Fortran 一基索引，例如 `name(1)=...`；未赋值元素保持默认值。,,unstructured/input.f90,734,1,unstructured/gradshafranov.f90(1),源码引用 1 处；主要在 `gradshafranov.f90` 1处。,unstructured/gradshafranov.f90:183: +gs_radial_feedback_x_i(coil_mask(i))*xnulli)
292,irot,irot,&inputnl,Grad-Shafranov Solver,Grad-Shafranov 求解器,integer,0,1,Include toroidal rotation,"托卡马克：0 不把环向旋转纳入平衡；1 采用 `p(R,psi)=p0(psi) exp[alpha(psi)(R^2-rzero^2)/rzero^2]` 修改 GS 压力源并输出转动场。其它非零值会建立转动场，但只有等于 1 才进入该旋转 GS 公式。仿星器：不使用 GS 转动平衡。",,unstructured/input.f90,738,20,unstructured/gradshafranov.f90(19); unstructured/input.f90(1),"源码引用 20 处；主要在 `gradshafranov.f90` 19处, `input.f90` 1处。","unstructured/gradshafranov.f90:855: if(irot.ne.0) then
unstructured/gradshafranov.f90:1420: if(irot.ne.0) call create_field(b4vecini_vec, ""b4vecini_vec"")
unstructured/gradshafranov.f90:1423: if(irot.ne.0) call create_field(b4vecini_vec)
unstructured/gradshafranov.f90:1449: if(irot.ne.0) then
unstructured/gradshafranov.f90:1458: if(irot.ne.0) temp(:,4) = intx2(mu79(:,:,OP_1),temp79d)
unstructured/gradshafranov.f90:1462: if(irot.ne.0) then
unstructured/gradshafranov.f90:1480: if(irot.ne.0) then
unstructured/gradshafranov.f90:1486: if(irot.ne.0) call destroy_field(b4vecini_vec)
unstructured/gradshafranov.f90:1802: if(irot.ne.0) then
unstructured/gradshafranov.f90:2215: if(irot.eq.1) then"
293,iscale_rot_by_p,iscale_rot_by_p,&inputnl,Grad-Shafranov Solver,Grad-Shafranov 求解器,integer,1,1,"0: omega^2 = 2.*p0*(alphai * Psi^i)/n0； 1: omega^2 = 2.*(alphai * Psi^i)/n0, 2: omega^2 = 2.*(alphai * Psi^i), alphai = a0 + a1*exp(-((psii-a2)/a3)**2)",托卡马克：只在未读入转动文件时选择解析转动参数化。0 先令 alpha 多项式乘 n/p；1 直接用多项式并把边缘 omega 减到 0；2 使用高斯 alpha 后乘 n/p。仿星器：不使用。,,unstructured/input.f90,740,3,unstructured/gradshafranov.f90(3),源码引用 3 处；主要在 `gradshafranov.f90` 3处。,"unstructured/gradshafranov.f90:2691: if(iscale_rot_by_p.eq.0) alpha = alpha * dens/pres
unstructured/gradshafranov.f90:2692: if(iscale_rot_by_p.eq.2) then
unstructured/gradshafranov.f90:2698: if(iscale_rot_by_p.eq.1) omega = omega - omega(npsi)"
294,alpha0,alpha0,&inputnl,Grad-Shafranov Solver,Grad-Shafranov 求解器,real,0.,1,Constant term in analytic rotation profile,托卡马克：解析 alpha 剖面的常数项；`iscale_rot_by_p=2` 时为高斯背景项。只有 `irot!=0` 且未读转动文件时使用。仿星器：GS 不使用；其它测试平衡可能复用该全局量。,,unstructured/input.f90,744,7,unstructured/gradshafranov.f90(2); unstructured/init_basicj.f90(1); unstructured/init_basicq.f90(1); unstructured/init_conds.f90(1); unstructured/init_kstar.f90(1); unstructured/init_rwm.f90(1),"源码引用 7 处；主要在 `gradshafranov.f90` 2处, `init_basicj.f90` 1处, `init_basicq.f90` 1处, `init_conds.f90` 1处。","unstructured/gradshafranov.f90:2687: alpha = alpha0 + alpha1*psii + alpha2*psii**2 + alpha3*psii**3
unstructured/gradshafranov.f90:2693: alpha = alpha0 + alpha1*exp(-((psii-alpha2)/alpha3)**2)
unstructured/init_basicj.f90:65: vz = vz + alpha0*(1.-(r/ln)**2)
unstructured/init_basicq.f90:23: r0_qp = alpha0
unstructured/init_conds.f90:764: a = alpha0
unstructured/init_kstar.f90:200: a = alpha0
unstructured/init_rwm.f90:95: call mult(vz_field(0), alpha0)"
295,alpha1,alpha1,&inputnl,Grad-Shafranov Solver,Grad-Shafranov 求解器,real,0.,1,Linear term in analytic rotation profile,托卡马克：解析 alpha 剖面的一次项；模式 2 时为高斯幅值。仿星器：GS 不使用。,,unstructured/input.f90,746,6,unstructured/gradshafranov.f90(2); unstructured/init_basicj.f90(1); unstructured/init_basicq.f90(1); unstructured/init_conds.f90(1); unstructured/init_kstar.f90(1),"源码引用 6 处；主要在 `gradshafranov.f90` 2处, `init_basicj.f90` 1处, `init_basicq.f90` 1处, `init_conds.f90` 1处。","unstructured/gradshafranov.f90:2687: alpha = alpha0 + alpha1*psii + alpha2*psii**2 + alpha3*psii**3
unstructured/gradshafranov.f90:2693: alpha = alpha0 + alpha1*exp(-((psii-alpha2)/alpha3)**2)
unstructured/init_basicj.f90:62: + alpha1*exp(-(r**2 - basicj_voff**2)**2/(basicj_vdelt*ln)**4)
unstructured/init_basicq.f90:26: q2_qp = alpha1
unstructured/init_conds.f90:765: r1 = alpha1
unstructured/init_kstar.f90:201: r1 = alpha1"
296,alpha2,alpha2,&inputnl,Grad-Shafranov Solver,Grad-Shafranov 求解器,real,0.,1,Quadratic term in analytic rotation profile,托卡马克：解析 alpha 剖面的二次项；模式 2 时为高斯中心 `psi_N`。仿星器：GS 不使用。,,unstructured/input.f90,748,5,unstructured/gradshafranov.f90(2); unstructured/init_basicq.f90(1); unstructured/init_conds.f90(1); unstructured/init_kstar.f90(1),"源码引用 5 处；主要在 `gradshafranov.f90` 2处, `init_basicq.f90` 1处, `init_conds.f90` 1处, `init_kstar.f90` 1处。","unstructured/gradshafranov.f90:2687: alpha = alpha0 + alpha1*psii + alpha2*psii**2 + alpha3*psii**3
unstructured/gradshafranov.f90:2693: alpha = alpha0 + alpha1*exp(-((psii-alpha2)/alpha3)**2)
unstructured/init_basicq.f90:27: q4_qp = alpha2
unstructured/init_conds.f90:766: r2 = alpha2
unstructured/init_kstar.f90:202: r2 = alpha2"
297,alpha3,alpha3,&inputnl,Grad-Shafranov Solver,Grad-Shafranov 求解器,real,0.,1,Cubic term in analytic rotation profile,托卡马克：解析 alpha 剖面的三次项；模式 2 时为高斯宽度且不可为 0。仿星器：GS 不使用。,,unstructured/input.f90,750,5,unstructured/gradshafranov.f90(2); unstructured/init_basicq.f90(1); unstructured/init_conds.f90(1); unstructured/init_kstar.f90(1),"源码引用 5 处；主要在 `gradshafranov.f90` 2处, `init_basicq.f90` 1处, `init_conds.f90` 1处, `init_kstar.f90` 1处。","unstructured/gradshafranov.f90:2687: alpha = alpha0 + alpha1*psii + alpha2*psii**2 + alpha3*psii**3
unstructured/gradshafranov.f90:2693: alpha = alpha0 + alpha1*exp(-((psii-alpha2)/alpha3)**2)
unstructured/init_basicq.f90:32: kappae_qp = alpha3
unstructured/init_conds.f90:767: u = alpha3
unstructured/init_kstar.f90:203: u = alpha3"
298,idenfunc,idenfunc,&inputnl,Grad-Shafranov Solver,Grad-Shafranov 求解器,integer,0,1,源码 `add_var_*` 注册说明为空；请结合所在逻辑组和下方源码使用位置判断。,托卡马克：选择 GS 后的平衡密度重写方式。0/4 保留 GS/profile 建立的密度；1 用磁通外侧 tanh 台阶，2 在 `den0` 与 `den_edge` 间作 tanh 过渡，3 在场评价中按磁通与梯度方向区分核心/外侧；源码还实现 20 及专用 21。它不改变无旋转 GS 磁通。仿星器：VMEC/外场可经过通用密度重写，但 1-3 的磁通判据面向托卡马克，不建议直接套用。,,unstructured/input.f90,753,8,unstructured/init_common.f90(4); unstructured/m3dc1_nint.f90(3); unstructured/gradshafranov.f90(1),"源码引用 8 处；主要在 `init_common.f90` 4处, `m3dc1_nint.f90` 3处, `gradshafranov.f90` 1处。","unstructured/gradshafranov.f90:2652: if(idenfunc.ne.4 .and. den_edge.gt.0.) then
unstructured/init_common.f90:259: if((idenfunc.eq.0 .or. idenfunc.eq.4) .and. .not.(ipellet.gt.0 .and. linear.eq.1) &
unstructured/init_common.f90:305: select case(idenfunc)
unstructured/init_common.f90:340: if(myrank.eq.0) print *, 'idenfunc = 21 requires igeometry = 1'
unstructured/init_common.f90:681: if(myrank.eq.0) print *, 'idenfunc = 21 requires igeometry = 1'
unstructured/m3dc1_nint.f90:706: if(idenfunc.eq.3) fields = ior(fields,FIELD_PSI)
unstructured/m3dc1_nint.f90:981: if(idenfunc.eq.3) then
unstructured/m3dc1_nint.f90:1819: if(idenfunc.eq.3) then"
299,den_edge,den_edge,&inputnl,Grad-Shafranov Solver,Grad-Shafranov 求解器,real,0.,1,源码 `add_var_*` 注册说明为空；请结合所在逻辑组和下方源码使用位置判断。,托卡马克：未读取 ne 时的外侧密度；大于 0 可加到压力幂律剖面或作为 `idenfunc=2/3` 的外侧值。与非零 `iread_ne` 冲突；与 `pedge`、`tedge` 三者不能同时显式设置。仿星器：通用密度/输运代码可能复用，但不属于 VMEC 平衡求解。,,unstructured/input.f90,754,19,unstructured/input.f90(7); unstructured/init_common.f90(5); unstructured/gradshafranov.f90(2); unstructured/m3dc1_nint.f90(2); unstructured/transport.f90(2); unstructured/init_basicq.f90(1),"源码引用 19 处；主要在 `input.f90` 7处, `init_common.f90` 5处, `gradshafranov.f90` 2处, `m3dc1_nint.f90` 2处。","unstructured/gradshafranov.f90:2652: if(idenfunc.ne.4 .and. den_edge.gt.0.) then
unstructured/gradshafranov.f90:2653: n0_spline%y = den0*((p0_spline%y-p0_spline%y(p0_spline%n))/p0)**expn + den_edge
unstructured/init_basicq.f90:144: if(linear.eq.0) temp79e = den0*(temp79c/p0_qp)**expn + den_edge
unstructured/init_common.f90:314: if(den0.ne.den_edge) then
unstructured/init_common.f90:318: + .5*(den_edge-den0)*(1. + tanh(real(temp79a)))
unstructured/init_common.f90:324: n079(:,OP_1) = den0 + den_edge
unstructured/init_common.f90:331: n079(:,OP_1) = den0*(temp79a/p0)**expn + den_edge
unstructured/init_common.f90:337: n079(:,OP_1) = den0 + (den_edge-den0)*.5*&
unstructured/input.f90:1685: if(den_edge.gt.0 .and. pedge.gt.0 .and. tedge.gt.0) then
unstructured/input.f90:1686: print *, 'ERROR: pedge, den_edge, and tedge cannot all be set'"
300,den0,den0,&inputnl,Grad-Shafranov Solver,Grad-Shafranov 求解器,real,1.,1,源码 `add_var_*` 注册说明为空；请结合所在逻辑组和下方源码使用位置判断。,托卡马克：解析密度的核心幅值；`expn=0` 时 GS 剖面为常数 den0，`idenfunc` 1/2/3 又把它作为核心/台阶幅值。仿星器：可能用于固定 VMEC 无外部密度文件时的默认密度，但不进入 GS。,,unstructured/input.f90,755,25,unstructured/init_common.f90(7); unstructured/gradshafranov.f90(3); unstructured/init_basicq.f90(2); unstructured/init_circle.f90(2); unstructured/init_solovev.f90(2); unstructured/pellet.f90(2); unstructured/init_basicj.f90(1); unstructured/init_conds.f90(1),"源码引用 25 处；主要在 `init_common.f90` 7处, `gradshafranov.f90` 3处, `init_basicq.f90` 2处, `init_circle.f90` 2处。","unstructured/gradshafranov.f90:2650: n0_spline%y = den0
unstructured/gradshafranov.f90:2653: n0_spline%y = den0*((p0_spline%y-p0_spline%y(p0_spline%n))/p0)**expn + den_edge
unstructured/gradshafranov.f90:2655: n0_spline%y = den0*(p0_spline%y/p0)**expn
unstructured/init_basicj.f90:345: den_field(0) = den0
unstructured/init_basicq.f90:143: temp79e = den0
unstructured/init_basicq.f90:144: if(linear.eq.0) temp79e = den0*(temp79c/p0_qp)**expn + den_edge
unstructured/init_circle.f90:33: print *, 'Analytic resonant frequency: ', j0*ntor*(q0 - mpol/ntor)/(2.*sqrt(den0))
unstructured/init_circle.f90:125: n079(:,OP_1) = den0
unstructured/init_common.f90:307: n079(:,OP_1) = den0*.5* &
unstructured/init_common.f90:313: n079(:,OP_1) = den0"
301,dendelt,dendelt,&inputnl,Grad-Shafranov Solver,Grad-Shafranov 求解器,real,0.1,1,源码 `add_var_*` 注册说明为空；请结合所在逻辑组和下方源码使用位置判断。,托卡马克：`idenfunc=1/2` 的归一化磁通 tanh 过渡宽度；越小过渡越尖，需要相应网格分辨率。仿星器：不建议用于 VMEC 逻辑域的物理壁定义。,,unstructured/input.f90,756,3,unstructured/init_common.f90(3),源码引用 3 处；主要在 `init_common.f90` 3处。,"unstructured/init_common.f90:310: /(dendelt*(psibound-psimin))))
unstructured/init_common.f90:316: /dendelt
unstructured/init_common.f90:338: (1. + tanh((temp79b-(1.+denoff))/dendelt))"
302,denoff,denoff,&inputnl,Grad-Shafranov Solver,Grad-Shafranov 求解器,real,1.,1,源码 `add_var_*` 注册说明为空；请结合所在逻辑组和下方源码使用位置判断。,托卡马克：`idenfunc=1/2/3` 的归一化磁通偏移位置；1/2 决定 tanh 中心，3 决定核心判据阈值。仿星器：不建议作为 VMEC 边界定义。,,unstructured/input.f90,757,5,unstructured/init_common.f90(3); unstructured/m3dc1_nint.f90(2),"源码引用 5 处；主要在 `init_common.f90` 3处, `m3dc1_nint.f90` 2处。","unstructured/init_common.f90:309: tanh((real(ps079(:,OP_1))-(psibound+denoff*(psibound-psimin)))&
unstructured/init_common.f90:315: temp79a = ((real(ps079(:,OP_1))-psimin)/(psibound-psimin) - denoff)&
unstructured/init_common.f90:338: (1. + tanh((temp79b-(1.+denoff))/dendelt))
unstructured/m3dc1_nint.f90:989: where(real(temp79a).lt.denoff .and. real(temp79b).gt.0.)
unstructured/m3dc1_nint.f90:1826: where(real(temp79a).ge.denoff .and. real(temp79b).le.0.)"
303,divertors,divertors,&inputnl,Grad-Shafranov Solver,Grad-Shafranov 求解器,integer,0,1,源码 `add_var_*` 注册说明为空；请结合所在逻辑组和下方源码使用位置判断。,"托卡马克：generic/线圈真空场中额外电流丝数；0 无，1 在 `xdiv,zdiv`，2 再在 `xdiv,-zdiv` 放置对称电流丝。它不是 X 点数量开关。仿星器：不使用。",,unstructured/input.f90,759,4,unstructured/gradshafranov.f90(4),源码引用 4 处；主要在 `gradshafranov.f90` 4处。,"unstructured/gradshafranov.f90:301: print *, ""Calculating fields due to divertors""
unstructured/gradshafranov.f90:302: if(divertors.ge.1) then
unstructured/gradshafranov.f90:305: if(divertors.eq.2) zc(2) = -zdiv
unstructured/gradshafranov.f90:307: call field_from_coils(xc,zc,ic,divertors,psi_coil_field,0,ierr)"
304,xdiv,xdiv,&inputnl,Grad-Shafranov Solver,Grad-Shafranov 求解器,real,0.,1,源码 `add_var_*` 注册说明为空；请结合所在逻辑组和下方源码使用位置判断。,托卡马克：附加 divertor 电流丝的物理 R 坐标，仅 `divertors>=1` 使用。仿星器：不使用。,,unstructured/input.f90,760,1,unstructured/gradshafranov.f90(1),源码引用 1 处；主要在 `gradshafranov.f90` 1处。,unstructured/gradshafranov.f90:303: xc(1:2) = xdiv
305,zdiv,zdiv,&inputnl,Grad-Shafranov Solver,Grad-Shafranov 求解器,real,0.,1,源码 `add_var_*` 注册说明为空；请结合所在逻辑组和下方源码使用位置判断。,托卡马克：第一附加 divertor 电流丝的物理 Z 坐标；`divertors=2` 时第二根位于其相反 Z。仿星器：不使用。,,unstructured/input.f90,761,2,unstructured/gradshafranov.f90(2),源码引用 2 处；主要在 `gradshafranov.f90` 2处。,"unstructured/gradshafranov.f90:304: zc(1) = zdiv
unstructured/gradshafranov.f90:305: if(divertors.eq.2) zc(2) = -zdiv"
306,divcur,divcur,&inputnl,Grad-Shafranov Solver,Grad-Shafranov 求解器,real,0.1,1,源码 `add_var_*` 注册说明为空；请结合所在逻辑组和下方源码使用位置判断。,托卡马克：每根附加 divertor 电流丝相对 `tcuro` 的电流比例，实际线圈源用 `tcuro/(2pi)*divcur`。仿星器：不使用。,,unstructured/input.f90,762,2,unstructured/gradshafranov.f90(1); unstructured/init_basicq.f90(1),"源码引用 2 处；主要在 `gradshafranov.f90` 1处, `init_basicq.f90` 1处。","unstructured/gradshafranov.f90:306: ic(1:2) = fac*divcur
unstructured/init_basicq.f90:41: q14_qp = divcur"
307,xnull,xnull,&inputnl,Grad-Shafranov Solver,Grad-Shafranov 求解器,real,0.,1,Guess for R-coordinate of active x-point,托卡马克：X 点 #1 的物理 R 初猜；大于 0 才启用。搜索前可只在该点取磁通，搜索启动后在附近找鞍点，并把所得磁通作为 LCFS 候选。仿星器：不使用。,,unstructured/input.f90,764,20,unstructured/diagnostics.f90(11); unstructured/gradshafranov.f90(4); unstructured/restart_hdf5.f90(2); unstructured/gread_restart_c11.fh(1); unstructured/input.f90(1); unstructured/output.f90(1),"源码引用 20 处；主要在 `diagnostics.f90` 11处, `gradshafranov.f90` 4处, `restart_hdf5.f90` 2处, `gread_restart_c11.fh` 1处。","unstructured/diagnostics.f90:1283: if(xnull.ne.0) psii_null = (psinull - psimin)/dpsii
unstructured/diagnostics.f90:1287: (xnull.eq.0. .or. psii.gt.psii_null) .and. &
unstructured/diagnostics.f90:1301: if(xnull.gt.0) then
unstructured/diagnostics.f90:1304: if((x-xmag)*(xnull-xmag) + (z-zmag)*(znull-zmag) .gt. 0.) then
unstructured/diagnostics.f90:1308: rl.gt.sqrt((xmag-xnull)**2 + (zmag-znull)**2)) then
unstructured/diagnostics.f90:2152: if(xnull .gt. 0.) call magaxis(xnull,znull,temp_field,psinull,1,ier)
unstructured/diagnostics.f90:2156: if(xnull.gt.0.) then
unstructured/diagnostics.f90:2157: call evaluate(xnull,0.,znull,dum1,temp_field,itri,ier)
unstructured/diagnostics.f90:2166: if(xnull.gt.0) then
unstructured/diagnostics.f90:2169: write(*,'(A,2E12.4)') ' X-point 1 found at ', xnull, znull"
308,znull,znull,&inputnl,Grad-Shafranov Solver,Grad-Shafranov 求解器,real,0.,1,Guess for Z-coordinate of axtive x-point,托卡马克：X 点 #1 的物理 Z 初猜，与 `xnull>0` 配套。仿星器：不使用。,,unstructured/input.f90,766,15,unstructured/diagnostics.f90(6); unstructured/gradshafranov.f90(4); unstructured/restart_hdf5.f90(2); unstructured/gread_restart_c11.fh(1); unstructured/input.f90(1); unstructured/output.f90(1),"源码引用 15 处；主要在 `diagnostics.f90` 6处, `gradshafranov.f90` 4处, `restart_hdf5.f90` 2处, `gread_restart_c11.fh` 1处。","unstructured/diagnostics.f90:1304: if((x-xmag)*(xnull-xmag) + (z-zmag)*(znull-zmag) .gt. 0.) then
unstructured/diagnostics.f90:1308: rl.gt.sqrt((xmag-xnull)**2 + (zmag-znull)**2)) then
unstructured/diagnostics.f90:2152: if(xnull .gt. 0.) call magaxis(xnull,znull,temp_field,psinull,1,ier)
unstructured/diagnostics.f90:2157: call evaluate(xnull,0.,znull,dum1,temp_field,itri,ier)
unstructured/diagnostics.f90:2169: write(*,'(A,2E12.4)') ' X-point 1 found at ', xnull, znull
unstructured/diagnostics.f90:2178: write(*,'(A,2E12.4)') ' X-point 1 NOT found near ', xnull, znull
unstructured/gradshafranov.f90:143: print *, 'Doing feedback', xmag-xmag0, zmag-zmag0,xnull-xnull0,znull-znull0
unstructured/gradshafranov.f90:156: znulli = znulli + (znull-znull0)
unstructured/gradshafranov.f90:180: (gs_vertical_feedback_x(coil_mask(i))*(znull-znull0) &
unstructured/gradshafranov.f90:1255: znull0 = znull"
309,mod_null_rs,mod_null_rs,&inputnl,Grad-Shafranov Solver,Grad-Shafranov 求解器,integer,0,1,"if 1, you can modify xnull,znull at restart",托卡马克 restart：0 用 restart 文件保存的 X 点 #1 坐标覆盖 C1input；1 保留本次 C1input 中的 `xnull/znull`。新启动 GS 不受此开关影响。仿星器：通常不使用。,,unstructured/input.f90,768,1,unstructured/restart_hdf5.f90(1),源码引用 1 处；主要在 `restart_hdf5.f90` 1处。,unstructured/restart_hdf5.f90:159: if(mod_null_rs .eq.0) then
310,xnull2,xnull2,&inputnl,Grad-Shafranov Solver,Grad-Shafranov 求解器,real,0.,1,Guess for R-coordinate of inactive x-point,托卡马克：X 点 #2 的物理 R 初猜；大于 0 时与第一个 X 点同样搜索并参与 LCFS 候选比较，源码不会强制它保持 inactive。仿星器：不使用。,,unstructured/input.f90,770,15,unstructured/diagnostics.f90(11); unstructured/restart_hdf5.f90(2); unstructured/input.f90(1); unstructured/output.f90(1),"源码引用 15 处；主要在 `diagnostics.f90` 11处, `restart_hdf5.f90` 2处, `input.f90` 1处, `output.f90` 1处。","unstructured/diagnostics.f90:1284: if(xnull2.ne.0) psii_null2 = (psinull2 - psimin)/dpsii
unstructured/diagnostics.f90:1288: (xnull2.eq.0. .or. psii.gt.psii_null2)) then
unstructured/diagnostics.f90:1316: if(xnull2.gt.0) then
unstructured/diagnostics.f90:1319: if((x-xmag)*(xnull2-xmag) + (z-zmag)*(znull2-zmag) .gt. 0.) then
unstructured/diagnostics.f90:1323: rl.gt.sqrt((xmag-xnull2)**2 + (zmag-znull2)**2)) then
unstructured/diagnostics.f90:2153: if(xnull2 .gt. 0.) call magaxis(xnull2,znull2,temp_field,psinull2,1,ier2)
unstructured/diagnostics.f90:2160: if(xnull2.gt.0.) then
unstructured/diagnostics.f90:2161: call evaluate(xnull2,0.,znull2,dum1,temp_field,itri,ier2)
unstructured/diagnostics.f90:2182: if(xnull2 .gt. 0) then
unstructured/diagnostics.f90:2185: write(*,'(A,2E12.4)') ' X-point 2 found at ', xnull2, znull2"
311,znull2,znull2,&inputnl,Grad-Shafranov Solver,Grad-Shafranov 求解器,real,0.,1,Guess for Z-coordinate of inaxtive x-point,托卡马克：X 点 #2 的物理 Z 初猜，与 `xnull2>0` 配套。仿星器：不使用。,,unstructured/input.f90,772,9,unstructured/diagnostics.f90(6); unstructured/restart_hdf5.f90(2); unstructured/output.f90(1),"源码引用 9 处；主要在 `diagnostics.f90` 6处, `restart_hdf5.f90` 2处, `output.f90` 1处。","unstructured/diagnostics.f90:1319: if((x-xmag)*(xnull2-xmag) + (z-zmag)*(znull2-zmag) .gt. 0.) then
unstructured/diagnostics.f90:1323: rl.gt.sqrt((xmag-xnull2)**2 + (zmag-znull2)**2)) then
unstructured/diagnostics.f90:2153: if(xnull2 .gt. 0.) call magaxis(xnull2,znull2,temp_field,psinull2,1,ier2)
unstructured/diagnostics.f90:2161: call evaluate(xnull2,0.,znull2,dum1,temp_field,itri,ier2)
unstructured/diagnostics.f90:2185: write(*,'(A,2E12.4)') ' X-point 2 found at ', xnull2, znull2
unstructured/diagnostics.f90:2194: write(*,'(A,2E12.4)') ' X-point 2 NOT found near ', xnull2, znull2
unstructured/output.f90:423: call output_scalar(scalar_group_id, ""znull2"" ,znull2 ,ntime,error)
unstructured/restart_hdf5.f90:153: call read_scalar(scalar_group_id, ""znull2"" , znull2t , ntime, error)
unstructured/restart_hdf5.f90:165: znull2 = znull2t"
312,mod_null_rs2,mod_null_rs2,&inputnl,Grad-Shafranov Solver,Grad-Shafranov 求解器,integer,0,1,"if 1, you can modify xnull2,znul2l at restart",托卡马克 restart：0 用 restart 文件坐标覆盖 X 点 #2 输入；1 保留本次 C1input 的 `xnull2/znull2`。仿星器：通常不使用。,,unstructured/input.f90,774,1,unstructured/restart_hdf5.f90(1),源码引用 1 处；主要在 `restart_hdf5.f90` 1处。,unstructured/restart_hdf5.f90:163: if(mod_null_rs2 .eq.0) then
313,gs_pf_psi_width,gs_pf_psi_width,&inputnl,Grad-Shafranov Solver,Grad-Shafranov 求解器,real,0.,1,Width of psi smoothing into private flux region,托卡马克：私有磁通区把归一化磁通镜像到 LCFS 外侧时的 tanh 平滑宽度；0 使用尖锐镜像，正值使转接平滑。只影响 private-flux 剖面取样。仿星器：不使用。,,unstructured/input.f90,776,3,unstructured/gradshafranov.f90(3),源码引用 3 处；主要在 `gradshafranov.f90` 3处。,"unstructured/gradshafranov.f90:3500: if(gs_pf_psi_width.eq.0.) then
unstructured/gradshafranov.f90:3504: t = tanh((psin - psin0)/gs_pf_psi_width)
unstructured/gradshafranov.f90:3508: psin_in_pf_region = 2.*psin0 - psin + 2.*gs_pf_psi_width*t"
314,xnull0,xnull0,&inputnl,Grad-Shafranov Solver,Grad-Shafranov 求解器,real,0.,1,Target R-coordinate of x-point for feedback,托卡马克：`idevice=-1` X 点线圈反馈的目标 R；X 点反馈数组非零而本值为 0 时自动取初始 `xnull`，实际反馈从第 11 轮开始。仿星器：不使用。,,unstructured/input.f90,778,6,unstructured/gradshafranov.f90(6),源码引用 6 处；主要在 `gradshafranov.f90` 6处。,"unstructured/gradshafranov.f90:143: print *, 'Doing feedback', xmag-xmag0, zmag-zmag0,xnull-xnull0,znull-znull0
unstructured/gradshafranov.f90:155: xnulli = xnulli + (xnull-xnull0)
unstructured/gradshafranov.f90:177: if((xnull0.gt.0. .and. itnum.gt.10).and.(do_feedback_x)) then
unstructured/gradshafranov.f90:181: +gs_radial_feedback_x(coil_mask(i))*(xnull-xnull0) &
unstructured/gradshafranov.f90:1253: if(xnull0.eq.0) then
unstructured/gradshafranov.f90:1254: xnull0 = xnull"
315,znull0,znull0,&inputnl,Grad-Shafranov Solver,Grad-Shafranov 求解器,real,0.,1,Target Z-coordinate of x-point for feedback,托卡马克：X 点线圈反馈的目标 Z，与 `xnull0` 配套。仿星器：不使用。,,unstructured/input.f90,780,4,unstructured/gradshafranov.f90(4),源码引用 4 处；主要在 `gradshafranov.f90` 4处。,"unstructured/gradshafranov.f90:143: print *, 'Doing feedback', xmag-xmag0, zmag-zmag0,xnull-xnull0,znull-znull0
unstructured/gradshafranov.f90:156: znulli = znulli + (znull-znull0)
unstructured/gradshafranov.f90:180: (gs_vertical_feedback_x(coil_mask(i))*(znull-znull0) &
unstructured/gradshafranov.f90:1255: znull0 = znull"
533,adapt_qs,adapt_qs,&inputnl,Grad-Shafranov Solver,Grad-Shafranov 求解器,real array,0.,32,Safety factor values to pack around,托卡马克：尽管源码把它注册在 GS 参数组，实际属于 Mesh Adaptation；给出要加密的安全因子 q 值数组，需启用自适应及 q 打包逻辑。仿星器：没有由 GS 生成的轴对称 q 面，通常不使用。 数组参数在 C1input 中使用 Fortran 一基索引，例如 `name(1)=...`；未赋值元素保持默认值。,,unstructured/input.f90,1175,3,unstructured/adapt.f90(3),源码引用 3 处；主要在 `adapt.f90` 3处。,"unstructured/adapt.f90:185: if(any(adapt_qs.ne.0.)) then
unstructured/adapt.f90:199: if(adapt_qs(j).ne.0.) then
unstructured/adapt.f90:201: exp(-(q - adapt_qs(j))**2 / (2.*adapt_pack_factor**2))"
534,adapt_zlow,adapt_zlow,&inputnl,Grad-Shafranov Solver,Grad-Shafranov 求解器,real,0.,1,Z-coordinate below which SOL adaptation is coarse,托卡马克：实际属于 Mesh Adaptation；非零时把 Z 小于该值的 SOL 区域标为粗化候选，不参与 GS 方程。仿星器：逻辑/物理坐标适用性需单独验证。,,unstructured/input.f90,1178,1,unstructured/adapt.f90(1),源码引用 1 处；主要在 `adapt.f90` 1处。,unstructured/adapt.f90:137: ((adapt_zlow.ne.0.).and.(z_79(i).lt.adapt_zlow))
535,adapt_zup,adapt_zup,&inputnl,Grad-Shafranov Solver,Grad-Shafranov 求解器,real,0.,1,Z-coordinate above which SOL adaptation is coarse,托卡马克：实际属于 Mesh Adaptation；非零时把 Z 大于该值的 SOL 区域标为粗化候选，不参与 GS 方程。仿星器：逻辑/物理坐标适用性需单独验证。,,unstructured/input.f90,1180,1,unstructured/adapt.f90(1),源码引用 1 处；主要在 `adapt.f90` 1处。,unstructured/adapt.f90:136: do_z_coarsen = ((adapt_zup.ne.0.).and.(z_79(i).gt.adapt_zup)).or. &
98,numvar,numvar,&inputnl,Model Options,模型选项,integer,3,1,1: 2-Field;  2: 4-Field;  3: 6-Field,1: 2-field；2: 4-field/reduced MHD；3: 6-field/compressible MHD。,,unstructured/input.f90,399,534,unstructured/ludef_t.f90(184); unstructured/ludef_t_gpu.f90(115); unstructured/time_step_split.f90(43); unstructured/time_step_unsplit.f90(27); unstructured/hypervisc.f90(17); unstructured/diagnostics.f90(14); unstructured/model.f90(14); unstructured/metricterms_new.f90(12),"源码引用 534 处；主要在 `ludef_t.f90` 184处, `ludef_t_gpu.f90` 115处, `time_step_split.f90` 43处, `time_step_unsplit.f90` 27处。","unstructured/adapt.f90:480: if (numvar .eq. 1 ) call elem_residule (elm_error_res(1,:), elm_error_res(2,:))
unstructured/auxiliary_fields.f90:765: if(numvar.gt.1) then
unstructured/auxiliary_fields.f90:782: if(numvar.gt.1) then
unstructured/auxiliary_fields.f90:816: if(numvar.ge.2) then
unstructured/auxiliary_fields.f90:834: if(numvar.ge.3) then
unstructured/auxiliary_fields.f90:859: if(numvar.ge.2) then
unstructured/auxiliary_fields.f90:868: if(numvar.ge.3) then
unstructured/auxiliary_fields.f90:890: if(numvar.gt.1) then
unstructured/auxiliary_fields.f90:901: if(numvar.gt.1) then
unstructured/auxiliary_fields.f90:923: if(numvar.gt.1) then"
99,linear,linear,&inputnl,Model Options,模型选项,integer,0,1,1: Use linearized equations,0 非线性；1 线性化方程。2D 非线性通常需 RL=1；线性/complex 需 COM=1 且 `nplanes=1`。,,unstructured/input.f90,401,221,unstructured/ludef_t.f90(69); unstructured/ludef_t_gpu.f90(40); unstructured/input.f90(19); unstructured/metricterms_new.f90(12); unstructured/metricterms_new_gpu.f90(12); unstructured/newpar.f90(8); unstructured/auxiliary_fields.f90(7); unstructured/adapt.f90(6),"源码引用 221 处；主要在 `ludef_t.f90` 69处, `ludef_t_gpu.f90` 40处, `input.f90` 19处, `metricterms_new.f90` 12处。","unstructured/adapt.f90:340: if(irestart .ne. 0 .or. linear .eq. 0) return
unstructured/adapt.f90:538: if(irestart .ne. 0 .or. linear .eq. 0) return
unstructured/adapt.f90:616: if (linear .eq. 0 .and. iadapt_ntime .eq. 0) then
unstructured/adapt.f90:618: if (myrank .eq. 0) print *, ""diagnose_adapt: run adaptation every time step (non-linear)""
unstructured/adapt.f90:621: if(linear .eq. 1 .and. adapt_ke .gt. 0 .and. ekin .gt. adapt_ke) then
unstructured/adapt.f90:623: if (myrank .eq. 0) print *, ""diagnose_adapt: run adaptation as ekin is greater than adapt_ke"", adapt_ke, ""(linear)""
unstructured/auxiliary_fields.f90:261: if(linear.eq.1 .and. ilin.eq.1) then
unstructured/auxiliary_fields.f90:278: if(linear.eq.1 .and. ilin.eq.1) then
unstructured/auxiliary_fields.f90:292: if(ieqsub.eq.1 .and. ilin.eq.1 .and. linear.eq.0) then
unstructured/auxiliary_fields.f90:383: if(linear.eq.1 .and. ilin.eq.1) then"
100,eqsubtract,eqsubtract,&inputnl,Model Options,模型选项,integer,0,1,1: Subtract equilibrium fields,托卡马克与仿星器：在时间演化方程中扣除已初始化的平衡场，使 0 层作为参考基态；线性模拟会在校验阶段强制为 1。它不改变平衡读取和投影结果。,,unstructured/input.f90,403,195,unstructured/ludef_t.f90(68); unstructured/ludef_t_gpu.f90(35); unstructured/output.f90(14); unstructured/diagnostics.f90(13); unstructured/newpar.f90(13); unstructured/adapt.f90(6); unstructured/electrostatic_potential.f90(5); unstructured/gradshafranov.f90(5),"源码引用 195 处；主要在 `ludef_t.f90` 68处, `ludef_t_gpu.f90` 35处, `output.f90` 14处, `diagnostics.f90` 13处。","unstructured/adapt.f90:115: if(eqsubtract.eq.1) then
unstructured/adapt.f90:284: if(eqsubtract.eq.0) then
unstructured/adapt.f90:385: if(eqsubtract.eq.0) then
unstructured/adapt.f90:396: if(eqsubtract.eq.1) then
unstructured/adapt.f90:581: if(eqsubtract.eq.0) then
unstructured/adapt.f90:592: if(eqsubtract.eq.1) then
unstructured/bootstrap.f90:650: if(eqsubtract.eq.1) then
unstructured/bootstrap.f90:804: if(eqsubtract.eq.1) then
unstructured/bootstrap.f90:1391: if(eqsubtract.eq.1) then
unstructured/bootstrap.f90:1449: if(eqsubtract.eq.1) then"
101,extsubtract,extsubtract,&inputnl,Model Options,模型选项,integer,0,1,1: Subtract fields from non-axisymmetric coils,"托卡马克：1 把 RMP/error field 保存为独立外场，而不是直接写入扰动场。仿星器：`itaylor=41,type_ext_field=2` 必须为 1，程序先读 total field，再读 external field，并把 total-external 作为动态场。",,unstructured/input.f90,405,32,unstructured/rmp.f90(14); unstructured/output.f90(11); unstructured/newpar.f90(3); unstructured/input.f90(2); unstructured/init_conds.f90(1); unstructured/restart_hdf5.f90(1),"源码引用 32 处；主要在 `rmp.f90` 14处, `output.f90` 11处, `newpar.f90` 3处, `input.f90` 2处。","unstructured/init_conds.f90:689: if(itaylor.eq.41 .and. extsubtract.eq.0) then
unstructured/input.f90:1717: if(extsubtract.ne.0) then
unstructured/input.f90:1718: if(myrank.eq.0) print *, 'Error: with no external fields, set extsubtract=0'
unstructured/newpar.f90:877: if(extsubtract.eq.1) then ! also, external bfp
unstructured/newpar.f90:1396: if(extsubtract.eq.1) then
unstructured/newpar.f90:1452: if(extsubtract.eq.1) then
unstructured/output.f90:265: call write_int_attr (root_id, ""extsubtract"", extsubtract,error)
unstructured/output.f90:1052: (extsubtract.eq.1 .and. (ilin.eq.1 .or. eqsubtract.eq.0))) then
unstructured/output.f90:1068: if(extsubtract.eq.1 .and. (ilin.eq.1 .or. eqsubtract.eq.0)) then
unstructured/output.f90:1097: if(extsubtract.eq.1 .and. (ilin.eq.1 .or. eqsubtract.eq.0)) then"
102,icsubtract,icsubtract,&inputnl,Model Options,模型选项,integer,0,1,1: Subtract fields from poloidal field coils,托卡马克：1 把 PF 线圈磁通与等离子体磁通分开保存；求总磁场/磁区时仍会重新相加。0 直接把线圈磁通加入 `psi_field(0)`。仿星器：没有对应的 VMEC 线圈分解路径，通常保持 0。,,unstructured/input.f90,407,82,unstructured/ludef_t.f90(34); unstructured/ludef_t_gpu.f90(18); unstructured/gradshafranov.f90(13); unstructured/output.f90(7); unstructured/diagnostics.f90(3); unstructured/restart_hdf5.f90(2); unstructured/adapt.f90(1); unstructured/init_conds.f90(1),"源码引用 82 处；主要在 `ludef_t.f90` 34处, `ludef_t_gpu.f90` 18处, `gradshafranov.f90` 13处, `output.f90` 7处。","unstructured/adapt.f90:120: if(icsubtract.eq.1) then
unstructured/diagnostics.f90:2071: if(icsubtract.eq.1) call add(temp_field, psi_coil_field)
unstructured/diagnostics.f90:2837: if(icsubtract.eq.1) then
unstructured/diagnostics.f90:2867: if(icsubtract.eq.1) then
unstructured/gradshafranov.f90:367: if(icsubtract.eq.0) call add(psi_field(0),psi_coil_field)
unstructured/gradshafranov.f90:1435: if(icsubtract.eq.1) then
unstructured/gradshafranov.f90:1501: if(icsubtract.eq.1) then
unstructured/gradshafranov.f90:1530: if(icsubtract.eq.1) then
unstructured/gradshafranov.f90:1559: if(icsubtract.eq.1) then
unstructured/gradshafranov.f90:1588: if(icsubtract.eq.1) then"
103,idens,idens,&inputnl,Model Options,模型选项,integer,0,1,1: Include density equation,,,unstructured/input.f90,409,111,unstructured/ludef_t.f90(31); unstructured/time_step_split.f90(18); unstructured/ludef_t_gpu.f90(15); unstructured/metricterms_new_gpu.f90(14); unstructured/time_step_unsplit.f90(13); unstructured/metricterms_new.f90(9); unstructured/diagnostics.f90(2); unstructured/input.f90(2),"源码引用 111 处；主要在 `ludef_t.f90` 31处, `time_step_split.f90` 18处, `ludef_t_gpu.f90` 15处, `metricterms_new_gpu.f90` 14处。","unstructured/diagnostics.f90:1013: if(idens.eq.1) then
unstructured/diagnostics.f90:1096: if(idens.eq.1) then
unstructured/electrostatic_potential.f90:740: if(idens.eq.1 .and. eqsubtract.eq.1) then
unstructured/init_3ddiffusion.f90:95: if(idens.eq.1) den1_l = p1_l
unstructured/init_gem.f90:108: if(idens.eq.1) then
unstructured/init_wave.f90:202: if(idens.eq.1) then
unstructured/input.f90:1660: density_source = idens.eq.1 .and. linear.eq.0 .and. &
unstructured/input.f90:1845: density_source = idens.eq.1 .and. linear.eq.0 .and. ipellet.ge.1 &
unstructured/ludef_t.f90:224: if(idens.eq.1) then
unstructured/ludef_t.f90:295: if(idens.eq.1) then"
104,ipres,ipres,&inputnl,Model Options,模型选项,integer,0,1,1: Include total pressure equation,,,unstructured/input.f90,411,128,unstructured/time_step_split.f90(45); unstructured/ludef_t.f90(21); unstructured/ludef_t_gpu.f90(20); unstructured/time_step_unsplit.f90(17); unstructured/input.f90(7); unstructured/kprad.f90(4); unstructured/auxiliary_fields.f90(2); unstructured/gradshafranov.f90(2),"源码引用 128 处；主要在 `time_step_split.f90` 45处, `ludef_t.f90` 21处, `ludef_t_gpu.f90` 20处, `time_step_unsplit.f90` 17处。","unstructured/auxiliary_fields.f90:435: if(ipressplit.eq.1 .and. ipres.eq.1) then
unstructured/auxiliary_fields.f90:631: if(ipres.eq.0) then
unstructured/diagnostics.f90:790: if(numvar.ge.3 .or. ipres.eq.1) then
unstructured/gradshafranov.f90:712: if(ipres.eq.0 .and. allocated(te_spline%y) .and. eqsubtract.eq.0) then
unstructured/gradshafranov.f90:716: & ipres=0 and eqsubtract=0'
unstructured/input.f90:367: ""Min. Temp. used in Equipartition term for ipres=1"", transp_grp)
unstructured/input.f90:1424: if(ipres.eq.0 .and. numvar.lt.3) then
unstructured/input.f90:1425: if(myrank.eq.0) print *, 'imp_temp=1 not allowed with ipres=0 and numvar<3'
unstructured/input.f90:1667: heat_source = linear.eq.0 .and. (numvar.ge.3 .or. ipres.eq.1) .and. &
unstructured/input.f90:1674: (numvar.ge.3 .or. ipres.eq.1) .and. &"
105,ipressplit,ipressplit,&inputnl,Model Options,模型选项,integer,0,1,1: Separate pressure solves from field solves,仅 `isplitstep=1` 且 `numvar=3` 时允许；把压力/温度求解从场求解分离。,,unstructured/input.f90,413,69,unstructured/time_step_split.f90(32); unstructured/ludef_t_gpu.f90(14); unstructured/ludef_t.f90(12); unstructured/input.f90(8); unstructured/auxiliary_fields.f90(1); unstructured/output.f90(1); unstructured/time_step.f90(1),"源码引用 69 处；主要在 `time_step_split.f90` 32处, `ludef_t_gpu.f90` 14处, `ludef_t.f90` 12处, `input.f90` 8处。","unstructured/auxiliary_fields.f90:435: if(ipressplit.eq.1 .and. ipres.eq.1) then
unstructured/input.f90:1414: if(ipressplit.eq.0 .and. itemp.eq.1) then
unstructured/input.f90:1415: if(myrank.eq.0) print *, ""itemp=1 not allowed with ipressplit=0""
unstructured/input.f90:1418: if(ipressplit.eq.1 .and. numvar.ne.3 ) then
unstructured/input.f90:1419: if(myrank.eq.0) print *, ""ipressplit=1 not allowed with numvar < 3""
unstructured/input.f90:1438: if(isplitstep.eq.0 .and. ipressplit.eq.1) then
unstructured/input.f90:1439: if(myrank.eq.0) print *, ""ipressplit=1 not allowed with isplitstep=0""
unstructured/input.f90:1737: ipressplit.ne.0) then
unstructured/input.f90:1740: 'linear=1, isplitstep=0, ipres=1,itemp=0,ipressplit=0'
unstructured/ludef_t.f90:5199: if((ipres.eq.1 .and. numvar.lt.3) .or. ipressplit.eq.1) then"
106,itemp,itemp,&inputnl,Model Options,模型选项,integer,0,1,1: Advance Temperatures rather than Pressures,1 时推进温度而不是压力；要求 `ipressplit=1`，且 `z_ion` 必须为 1。,,unstructured/input.f90,415,50,unstructured/input.f90(11); unstructured/time_step_split.f90(8); unstructured/transport.f90(7); unstructured/ludef_t.f90(6); unstructured/m3dc1_nint.f90(6); unstructured/ludef_t_gpu.f90(5); unstructured/kprad.f90(3); unstructured/newpar.f90(1),"源码引用 50 处；主要在 `input.f90` 11处, `time_step_split.f90` 8处, `transport.f90` 7处, `ludef_t.f90` 6处。","unstructured/input.f90:418: ""1: Correct itemp=1 for time-varying density"", model_grp)
unstructured/input.f90:1414: if(ipressplit.eq.0 .and. itemp.eq.1) then
unstructured/input.f90:1415: if(myrank.eq.0) print *, ""itemp=1 not allowed with ipressplit=0""
unstructured/input.f90:1433: if(z_ion .ne. 1.0 .and. itemp.eq.1) then
unstructured/input.f90:1434: if(myrank.eq.0) print *, ""itemp=1 not allowed with z_ion .gt. 1""
unstructured/input.f90:1448: if(itemp.eq.0 .and. ikapparfunc.eq.2) then
unstructured/input.f90:1449: if(myrank.eq.0) print *, ""ikapparfunc=2 not allowed with itemp=0""
unstructured/input.f90:1736: itemp.ne.0 .or. &
unstructured/input.f90:1740: 'linear=1, isplitstep=0, ipres=1,itemp=0,ipressplit=0'
unstructured/input.f90:1775: if(itemp.eq.0 .and. kappai_fac.ne.1.) then"
107,iadiabat,iadiabat,&inputnl,Model Options,模型选项,integer,1,1,1: Correct itemp=1 for time-varying density,,,unstructured/input.f90,417,7,unstructured/ludef_t.f90(3); unstructured/ludef_t_gpu.f90(3); unstructured/temperature_plots.f90(1),"源码引用 7 处；主要在 `ludef_t.f90` 3处, `ludef_t_gpu.f90` 3处, `temperature_plots.f90` 1处。","unstructured/ludef_t.f90:4141: if(iadiabat.eq.1) then
unstructured/ludef_t.f90:4587: if(idens.eq.1 .and. iadiabat.eq.1) then
unstructured/ludef_t.f90:4723: if(itemp.eq.1 .and. iadiabat.eq.1) then
unstructured/ludef_t_gpu.f90:4708: if(iadiabat.eq.1) then
unstructured/ludef_t_gpu.f90:5244: if(idens.eq.1 .and. iadiabat.eq.1) then
unstructured/ludef_t_gpu.f90:5382: if(itemp.eq.1 .and. iadiabat.eq.1) then
unstructured/temperature_plots.f90:402: if(iadiabat.eq.1) then"
108,gyro,gyro,&inputnl,Model Options,模型选项,integer,0,1,1: Include Braginskii gyroviscosity,,,unstructured/input.f90,419,25,unstructured/ludef_t.f90(8); unstructured/diagnostics.f90(3); unstructured/read_gyro.f90(3); unstructured/ludef_t_gpu.f90(2); unstructured/read_namelist.cpp(2); unstructured/init_mri.f90(1); unstructured/init_wave.f90(1); unstructured/input.f90(1),"源码引用 25 处；主要在 `ludef_t.f90` 8处, `diagnostics.f90` 3处, `read_gyro.f90` 3处, `ludef_t_gpu.f90` 2处。","unstructured/diagnostics.f90:786: if(gyro.eq.1 .or. amupar.ne.0) then
unstructured/diagnostics.f90:829: if(gyro.eq.1) call gyro_common
unstructured/diagnostics.f90:1074: if(gyro.eq.1) call gyro_common
unstructured/init_mri.f90:53: nu = db*0.5*gyro*pi0/bzero
unstructured/init_wave.f90:48: bi = 2.*pi0*gyro
unstructured/input.f90:1271: ""1: Enable gyro-averaging for PIC simulation"", particle_grp)
unstructured/ludef_t.f90:514: if(gyro.eq.1 .or. amupar.ne.0 .or. ipforce.ge.1) then
unstructured/ludef_t.f90:522: if(gyro.eq.1 .and. db.ne.0.) then
unstructured/ludef_t.f90:1092: if(gyro.eq.1 .or. amupar.ne.0.) then
unstructured/ludef_t.f90:1100: if(gyro.eq.1 .and. db.ne.0.) then"
109,igauge,igauge,&inputnl,Model Options,模型选项,integer,0,1,源码 `add_var_*` 注册说明为空；请结合所在逻辑组和下方源码使用位置判断。,选择矢势规范相关的数值处理。当前活动方程只在非零时加入规范约束/稳定项；常规算例保持 0。托卡马克与仿星器使用同一场表示。,,unstructured/input.f90,421,3,unstructured/ludef_t.f90(1); unstructured/ludef_t_gpu.f90(1); unstructured/model.f90(1),"源码引用 3 处；主要在 `ludef_t.f90` 1处, `ludef_t_gpu.f90` 1处, `model.f90` 1处。","unstructured/ludef_t.f90:2694: if(igauge.eq.1) then
unstructured/ludef_t_gpu.f90:3104: if(igauge.eq.1) then
unstructured/model.f90:510: if(igauge.eq.0) temp(1) = temp(1) + dt*vloop/toroidal_period"
110,inertia,inertia,&inputnl,Model Options,模型选项,integer,1,1,1: Include V.Grad(V) terms,,,unstructured/input.f90,422,72,unstructured/metricterms_new_gpu.f90(51); unstructured/metricterms_new.f90(21),"源码引用 72 处；主要在 `metricterms_new_gpu.f90` 51处, `metricterms_new.f90` 21处。","unstructured/metricterms_new.f90:268: if(inertia.eq.0) then
unstructured/metricterms_new.f90:301: if(inertia.eq.0) then
unstructured/metricterms_new.f90:337: if(inertia.eq.0) then
unstructured/metricterms_new.f90:365: if(inertia.eq.0) then
unstructured/metricterms_new.f90:403: if(inertia.eq.0) then
unstructured/metricterms_new.f90:437: if(inertia.eq.0) then
unstructured/metricterms_new.f90:475: if(inertia.eq.0) then
unstructured/metricterms_new.f90:504: if(inertia.eq.0) then
unstructured/metricterms_new.f90:532: if(inertia.eq.0) then
unstructured/metricterms_new.f90:563: if(inertia.eq.0) then"
111,itwofluid,itwofluid,&inputnl,Model Options,模型选项,integer,1,1,"1: -electron 2F,  2: ion 2F",,,unstructured/input.f90,424,89,unstructured/metricterms_new.f90(33); unstructured/metricterms_new_gpu.f90(33); unstructured/ludef_t.f90(13); unstructured/electrostatic_potential.f90(6); unstructured/harned_mikic.f90(2); unstructured/time_step_split.f90(2),"源码引用 89 处；主要在 `metricterms_new.f90` 33处, `metricterms_new_gpu.f90` 33处, `ludef_t.f90` 13处, `electrostatic_potential.f90` 6处。","unstructured/electrostatic_potential.f90:393: if(itwofluid.eq.0 .or. db.eq.0.) then
unstructured/electrostatic_potential.f90:424: if(itwofluid.eq.0 .or. db.eq.0.) then
unstructured/electrostatic_potential.f90:458: if(itwofluid.eq.0 .or. db.eq.0.) then
unstructured/electrostatic_potential.f90:492: if(itwofluid.eq.0 .or. db.eq.0.) then
unstructured/electrostatic_potential.f90:523: if(itwofluid.eq.0 .or. db.eq.0.) then
unstructured/electrostatic_potential.f90:558: if(itwofluid.eq.0 .or. db.eq.0.) then
unstructured/harned_mikic.f90:17: if(itwofluid.ne.1 .or. surface_int .or. &
unstructured/harned_mikic.f90:107: if(itwofluid.ne.1 .or. surface_int .or. &
unstructured/ludef_t.f90:458: if(db .gt. 0 .and. itwofluid.eq.2) then
unstructured/ludef_t.f90:479: if(db .gt. 0 .and. itwofluid.eq.2) then"
112,ibootstrap,ibootstrap,&inputnl,Model Options,模型选项,integer,0,1,源码 `add_var_*` 注册说明为空；请结合所在逻辑组和下方源码使用位置判断。,托卡马克：0 关闭；1 按 psi 读取 bootstrap 系数，2 按 Te，3 按 `1-Te/Temax` 并使用扩展系数文件。它在平衡完成后的磁通/环向场演化方程中加入 bootstrap 项，不覆盖初始电流。仿星器：没有专用 VMEC/ST bootstrap 初始化，除非已验证模型与系数，否则保持 0。,,unstructured/input.f90,426,115,unstructured/newpar.f90(25); unstructured/adapt.f90(20); unstructured/bootstrap.f90(19); unstructured/transport.f90(19); unstructured/auxiliary_fields.f90(11); unstructured/output.f90(11); unstructured/m3dc1_nint.f90(5); unstructured/diagnostics.f90(4),"源码引用 115 处；主要在 `newpar.f90` 25处, `adapt.f90` 20处, `bootstrap.f90` 19处, `transport.f90` 19处。","unstructured/adapt.f90:368: if(ibootstrap.gt.0) visc_e_field = 0.
unstructured/adapt.f90:369: if(ibootstrap.gt.0) Jbs_L31_field = 0.
unstructured/adapt.f90:370: if(ibootstrap.gt.0) Jbs_L32_field = 0.
unstructured/adapt.f90:371: if(ibootstrap.gt.0) Jbs_L34_field = 0.
unstructured/adapt.f90:372: if(ibootstrap.gt.0) Jbs_alpha_field = 0.
unstructured/adapt.f90:373: if(ibootstrap.gt.0) Jbs_fluxavg_iBsq_field = 0.
unstructured/adapt.f90:374: if(ibootstrap.eq.2 .or. ibootstrap.eq.3 ) Jbs_dtedpsit_field = 0.
unstructured/adapt.f90:375: if(ibootstrap.eq.3) Jbs_ftrap_field = 0.
unstructured/adapt.f90:376: if(ibootstrap.eq.3) Jbs_qR_field = 0.
unstructured/adapt.f90:377: if(ibootstrap.eq.3) Jbs_invAspectRatio_field = 0."
113,irunaway,irunaway,&inputnl,Model Options,模型选项,integer,0,1,源码 `add_var_*` 注册说明为空；请结合所在逻辑组和下方源码使用位置判断。,非零时增加 runaway-electron 密度场及其电流耦合；需要同时设置 `cre/radiff/rjra` 等参数。两种装置使用同一演化方程，但初始场和磁场几何来自各自平衡。,,unstructured/input.f90,427,86,unstructured/time_step_split.f90(19); unstructured/time_step_unsplit.f90(12); unstructured/ludef_t.f90(10); unstructured/ludef_t_gpu.f90(10); unstructured/metricterms_new_gpu.f90(8); unstructured/metricterms_new.f90(5); unstructured/electric_field.f90(4); unstructured/runaway.f90(4),"源码引用 86 处；主要在 `time_step_split.f90` 19处, `time_step_unsplit.f90` 12处, `ludef_t.f90` 10处, `ludef_t_gpu.f90` 10处。","unstructured/auxiliary_fields.f90:748: if (irunaway.ge.1) def_fields = def_fields + FIELD_RE
unstructured/auxiliary_fields.f90:1243: if (irunaway.ge.1) def_fields = def_fields + FIELD_RE
unstructured/diagnostics.f90:796: if(irunaway.gt.0) then
unstructured/diagnostics.f90:1000: if(irunaway.gt.0) then
unstructured/electric_field.f90:25: if (.not.((kinetic.eq.1).or.((irunaway.ge.1).and.(ra_characteristics.eq.1)))) then
unstructured/electric_field.f90:155: if (.not.((kinetic.eq.1).or.((irunaway.ge.1).and.(ra_characteristics.eq.1)))) then
unstructured/electric_field.f90:280: if (.not.((kinetic.eq.1).or.((irunaway.ge.1).and.(ra_characteristics.eq.1)))) then
unstructured/electric_field.f90:489: if(irunaway .gt. 0) then
unstructured/init_common.f90:748: if(irunaway == 2) nre079(:,OP_1) = 0.
unstructured/init_conds.f90:679: if(irunaway .gt. 0) then"
114,cre,cre,&inputnl,Model Options,模型选项,integer,0,1,源码 `add_var_*` 注册说明为空；请结合所在逻辑组和下方源码使用位置判断。,runaway-electron 沿磁场特征线的传播速度输入，读入后按速度归一化换算；仅 `irunaway!=0` 使用。,,unstructured/input.f90,428,8,unstructured/metricterms_new.f90(2); unstructured/metricterms_new_gpu.f90(2); unstructured/runaway.f90(2); unstructured/runaway_advection.f90(2),"源码引用 8 处；主要在 `metricterms_new.f90` 2处, `metricterms_new_gpu.f90` 2处, `runaway.f90` 2处, `runaway_advection.f90` 2处。","unstructured/metricterms_new.f90:9194: temp = temp * 1.000 * cre * bzsign
unstructured/metricterms_new.f90:9221: temp = temp * 1.000 * cre * bzsign
unstructured/metricterms_new_gpu.f90:18602: temp = temp * 1.000 * cre
unstructured/metricterms_new_gpu.f90:18630: temp = temp * 1.000 * cre
unstructured/runaway.f90:115: nra = nre/ec/cre/va
unstructured/runaway.f90:139: dndt = (sd*esign + sa)*cre*ec*va
unstructured/runaway_advection.f90:485: if (cre==0) cre=3.0e8/(v0_norm/100.)
unstructured/runaway_advection.f90:587: dpar%v(1) = v0_norm/100*cre*bzsign"
115,ra_cyc,ra_cyc,&inputnl,Model Options,模型选项,integer,1,1,源码 `add_var_*` 注册说明为空；请结合所在逻辑组和下方源码使用位置判断。,每个 MHD 时间步内 runaway 特征线/粒子推进的子循环次数；增大它可缩短 runaway 子步而不改变 MHD 的 `dt`。,,unstructured/input.f90,429,15,unstructured/ludef_t.f90(11); unstructured/runaway_advection.f90(2); unstructured/ludef_t_gpu.f90(1); unstructured/time_step_split.f90(1),"源码引用 15 处；主要在 `ludef_t.f90` 11处, `runaway_advection.f90` 2处, `ludef_t_gpu.f90` 1处, `time_step_split.f90` 1处。","unstructured/ludef_t.f90:6163: tempx = nre1nrediff(mu79,nu79(j,:,:))/ra_cyc * radiff
unstructured/ludef_t.f90:6169: tempx = nre1nrepsi(mu79,nu79(j,:,:),bi79,pst79)/ra_cyc
unstructured/ludef_t.f90:6173: tempx = nre1nreu(mu79,nu79(j,:,:),pht79)/ra_cyc
unstructured/ludef_t.f90:6178: tempx = nre1nrepsi(mu79,nre079,bi79,nu79(j,:,:))/ra_cyc
unstructured/ludef_t.f90:6186: tempx = nre1nreu(mu79,nre079,nu79(j,:,:))/ra_cyc
unstructured/ludef_t.f90:6190: tempx = nre1nreb(mu79,nu79(j,:,:),bi79,bzt79)/ra_cyc
unstructured/ludef_t.f90:6195: tempx = nre1nrev(mu79,nu79(j,:,:),vzt79)/ra_cyc
unstructured/ludef_t.f90:6200: tempx = nre1nreb(mu79,nre079,bi79,nu79(j,:,:))/ra_cyc
unstructured/ludef_t.f90:6203: tempx = nre1nrev(mu79,nre079,nu79(j,:,:))/ra_cyc
unstructured/ludef_t.f90:6209: tempx = nre1nrechi(mu79,nu79(j,:,:),cht79)/ra_cyc"
116,radiff,radiff,&inputnl,Model Options,模型选项,real,0.,1,源码 `add_var_*` 注册说明为空；请结合所在逻辑组和下方源码使用位置判断。,runaway-electron 密度方程的扩散系数，进入 `div(radiff grad(n_RE))`；仅 `irunaway!=0` 使用。,,unstructured/input.f90,430,2,unstructured/ludef_t.f90(1); unstructured/ludef_t_gpu.f90(1),"源码引用 2 处；主要在 `ludef_t.f90` 1处, `ludef_t_gpu.f90` 1处。","unstructured/ludef_t.f90:6163: tempx = nre1nrediff(mu79,nu79(j,:,:))/ra_cyc * radiff
unstructured/ludef_t_gpu.f90:6974: rdiff = radiff"
117,rjra,rjra,&inputnl,Model Options,模型选项,real,1.,1,源码 `add_var_*` 注册说明为空；请结合所在逻辑组和下方源码使用位置判断。,runaway 电流反馈到广义 Ohm 定律/总电流时的幅值系数；1 使用模型电流，0 去掉该反馈。,,unstructured/input.f90,431,1,unstructured/init_common.f90(1),源码引用 1 处；主要在 `init_common.f90` 1处。,"unstructured/init_common.f90:742: nre079(:,OP_1) = rjra*ps079(:,OP_GS)/bz079(:,OP_1)/bi79(:,OP_1)"
118,ra_characteristics,ra_characteristics,&inputnl,Model Options,模型选项,integer,0,1,1: Use the method of characteristics to advance the RE advection equation,,,unstructured/input.f90,432,6,unstructured/electric_field.f90(3); unstructured/ludef_t.f90(1); unstructured/newpar.f90(1); unstructured/time_step_split.f90(1),"源码引用 6 处；主要在 `electric_field.f90` 3处, `ludef_t.f90` 1处, `newpar.f90` 1处, `time_step_split.f90` 1处。","unstructured/electric_field.f90:25: if (.not.((kinetic.eq.1).or.((irunaway.ge.1).and.(ra_characteristics.eq.1)))) then
unstructured/electric_field.f90:155: if (.not.((kinetic.eq.1).or.((irunaway.ge.1).and.(ra_characteristics.eq.1)))) then
unstructured/electric_field.f90:280: if (.not.((kinetic.eq.1).or.((irunaway.ge.1).and.(ra_characteristics.eq.1)))) then
unstructured/ludef_t.f90:6167: if (ra_characteristics.eq.1) cycle
unstructured/newpar.f90:365: if ((irunaway.ge.1).and.(ra_characteristics.eq.1)) call runaway_advection_initialize
unstructured/time_step_split.f90:694: if((irunaway .ge. 1).and.(ra_characteristics.eq.1)) call runaway_advection_step(dt*t0_norm)"
119,bzsign,bzsign,&inputnl,Model Options,模型选项,real,0.,1,源码 `add_var_*` 注册说明为空；请结合所在逻辑组和下方源码使用位置判断。,runaway 平行传播方向所用的背景环向磁场符号；0 时由初始磁场自动判断，显式正负值用于覆盖自动结果。,,unstructured/input.f90,434,13,unstructured/runaway_advection.f90(4); unstructured/particle.f90(3); unstructured/init_common.f90(2); unstructured/metricterms_new.f90(2); unstructured/output.f90(1); unstructured/restart_hdf5.f90(1),"源码引用 13 处；主要在 `runaway_advection.f90` 4处, `particle.f90` 3处, `init_common.f90` 2处, `metricterms_new.f90` 2处。","unstructured/init_common.f90:758: call mpi_allreduce(bzsign_temp, bzsign, 1, MPI_DOUBLE_PRECISION, MPI_SUM, MPI_COMM_WORLD, ierr)
unstructured/init_common.f90:759: bzsign=sign(1.0, bzsign)
unstructured/metricterms_new.f90:9194: temp = temp * 1.000 * cre * bzsign
unstructured/metricterms_new.f90:9221: temp = temp * 1.000 * cre * bzsign
unstructured/output.f90:319: call write_real_attr(root_id, ""bzsign"" , bzsign, error)
unstructured/particle.f90:678: call mpi_allreduce(bzsign_temp, bzsign, 1, MPI_DOUBLE_PRECISION, MPI_SUM, MPI_COMM_WORLD, ierr)
unstructured/particle.f90:679: bzsign=sign(1.0, bzsign)
unstructured/particle.f90:680: if (bzsign>0) then
unstructured/restart_hdf5.f90:139: if ((irunaway.gt.0).or.(kinetic.eq.1)) call read_real_attr(root_id, ""bzsign"", bzsign, error)
unstructured/runaway_advection.f90:491: if (bzsign.eq.0) then"
120,imp_bf,imp_bf,&inputnl,Model Options,模型选项,integer,0,1,1: Include implicit equation for f,,,unstructured/input.f90,435,64,unstructured/ludef_t.f90(21); unstructured/ludef_t_gpu.f90(21); unstructured/time_step_split.f90(8); unstructured/time_step_unsplit.f90(6); unstructured/input.f90(5); unstructured/model.f90(2); unstructured/newpar.f90(1),"源码引用 64 处；主要在 `ludef_t.f90` 21处, `ludef_t_gpu.f90` 21处, `time_step_split.f90` 8处, `time_step_unsplit.f90` 6处。","unstructured/input.f90:1488: if(i3d.eq.0 .and. imp_bf.ne.0) then
unstructured/input.f90:1489: imp_bf = 0
unstructured/input.f90:1590: if(numvar.eq.1 .and. imp_bf.eq.1) then
unstructured/input.f90:1591: imp_bf = 0
unstructured/input.f90:1592: if(myrank.eq.0) print *, 'WARNING: numvar==1; setting imp_bf = 0'
unstructured/ludef_t.f90:37: if(imp_bf.eq.1 .and. isplitstep.eq.0) then
unstructured/ludef_t.f90:716: if(imp_bf.eq.1 .and. isplitstep.eq.0) then
unstructured/ludef_t.f90:1285: if(imp_bf.eq.1 .and. isplitstep.eq.0) then
unstructured/ludef_t.f90:1914: if(imp_bf.eq.1) then
unstructured/ludef_t.f90:2793: if(imp_bf.eq.1) then"
121,imp_temp,imp_temp,&inputnl,Model Options,模型选项,integer,0,1,1: Include implicit equation for temperature,,,unstructured/input.f90,437,4,unstructured/input.f90(3); unstructured/newpar.f90(1),"源码引用 4 处；主要在 `input.f90` 3处, `newpar.f90` 1处。","unstructured/input.f90:1423: if(imp_temp.eq.1) then
unstructured/input.f90:1425: if(myrank.eq.0) print *, 'imp_temp=1 not allowed with ipres=0 and numvar<3'
unstructured/input.f90:1429: if(myrank.eq.0) print *, 'imp_temp=1 not allowed with isplitstep=1'
unstructured/newpar.f90:831: if(itemp.eq.0 .and. (numvar.eq.3 .or. ipres.gt.0) .and. imp_temp.eq.0) then"
122,nosig,nosig,&inputnl,Model Options,模型选项,integer,0,1,源码 `add_var_*` 注册说明为空；请结合所在逻辑组和下方源码使用位置判断。,非零时抑制密度源 `sigma` 对部分动量/温度方程的伴随项；用于源项模型诊断，不会关闭密度方程中的粒子源本身。,,unstructured/input.f90,439,15,unstructured/metricterms_new_gpu.f90(10); unstructured/metricterms_new.f90(5),"源码引用 15 处；主要在 `metricterms_new_gpu.f90` 10处, `metricterms_new.f90` 5处。","unstructured/metricterms_new.f90:1710: if(idens.eq.0 .or. nosig.eq.1) then
unstructured/metricterms_new.f90:1739: if(idens.eq.0 .or. nosig.eq.1) then
unstructured/metricterms_new.f90:3253: if(idens.eq.0 .or. nosig.eq.1) then
unstructured/metricterms_new.f90:5380: if(idens.eq.0 .or. nosig.eq.1) then
unstructured/metricterms_new.f90:5409: if(idens.eq.0 .or. nosig.eq.1) then
unstructured/metricterms_new_gpu.f90:4151: if(idens.eq.0 .or. nosig.eq.1) then
unstructured/metricterms_new_gpu.f90:4186: if(idens.eq.0 .or. nosig.eq.1) then
unstructured/metricterms_new_gpu.f90:4224: if(idens.eq.0 .or. nosig.eq.1) then
unstructured/metricterms_new_gpu.f90:4260: if(idens.eq.0 .or. nosig.eq.1) then
unstructured/metricterms_new_gpu.f90:7215: if(idens.eq.0 .or. nosig.eq.1 .or. surface_int) then"
123,itor,itor,&inputnl,Model Options,模型选项,integer,0,1,1: Use toroidal geometry,,,unstructured/input.f90,440,457,unstructured/metricterms_new_gpu.f90(192); unstructured/metricterms_new.f90(133); unstructured/gyroviscosity.f90(40); unstructured/harned_mikic.f90(14); unstructured/two_fluid.f90(13); unstructured/bootstrap.f90(9); unstructured/diagnostics.f90(9); unstructured/m3dc1_nint.f90(7),"源码引用 457 处；主要在 `metricterms_new_gpu.f90` 192处, `metricterms_new.f90` 133处, `gyroviscosity.f90` 40处, `harned_mikic.f90` 14处。","unstructured/auxiliary_fields.f90:969: if(itor.eq.0) temp79a = temp79a/rzero
unstructured/bootstrap.f90:348: if(itor.eq.1) then
unstructured/bootstrap.f90:1032: if(itor.eq.1) temp_delmagTe = temp_delmagTe + tet79(:,OP_DP)*tet79(:,OP_DP)*ri2_79
unstructured/bootstrap.f90:1051: if(itor.eq.1) tempCC = tempCC + tit79(:,OP_DP)*tet79(:,OP_DP)*ri2_79
unstructured/bootstrap.f90:1061: if(itor.eq.1) tempAA = tempAA + pt79(:,OP_DP)*tet79(:,OP_DP)*ri2_79
unstructured/bootstrap.f90:1086: if(itor.eq.1) tempAA = tempAA + net79(:,OP_DP)*tet79(:,OP_DP)*ri2_79
unstructured/bootstrap.f90:1213: if(itor.eq.1) then
unstructured/bootstrap.f90:1706: if(itor.eq.1) temp_delmagTe(i) = temp_delmagTe(i) + tet79(i,OP_DP)*tet79(i,OP_DP)*ri2_79(i)
unstructured/bootstrap.f90:1733: if(itor.eq.1) tempCC(i) = tempCC(i) + tit79(i,OP_DP)*tet79(i,OP_DP)*ri2_79(i)
unstructured/bootstrap.f90:1748: if(itor.eq.1) then"
124,iohmic_heating,iohmic_heating,&inputnl,Model Options,模型选项,integer,1,1,1: Include Ohmic heating,,,unstructured/input.f90,442,4,unstructured/ludef_t.f90(2); unstructured/ludef_t_gpu.f90(2),"源码引用 4 处；主要在 `ludef_t.f90` 2处, `ludef_t_gpu.f90` 2处。","unstructured/ludef_t.f90:3583: if(iohmic_heating.eq.1) then
unstructured/ludef_t.f90:4164: .or. electron_temperature) .and. iohmic_heating.eq.1) then
unstructured/ludef_t_gpu.f90:4075: if(iohmic_heating.eq.1) then
unstructured/ludef_t_gpu.f90:4734: if((ipres.eq.0 .or. electron_temperature) .and. iohmic_heating.eq.1) then"
125,irad_heating,irad_heating,&inputnl,Model Options,模型选项,integer,1,1,1: Include radiation heat source,,,unstructured/input.f90,444,8,unstructured/ludef_t.f90(4); unstructured/ludef_t_gpu.f90(4),"源码引用 8 处；主要在 `ludef_t.f90` 4处, `ludef_t_gpu.f90` 4处。","unstructured/ludef_t.f90:4671: if(irad_heating.eq.1) then
unstructured/ludef_t.f90:4678: if(irad_heating.eq.1) then
unstructured/ludef_t.f90:4690: if(irad_heating.eq.1) then
unstructured/ludef_t.f90:4703: if(irad_heating.eq.1) then
unstructured/ludef_t_gpu.f90:5330: if(irad_heating.eq.1) then
unstructured/ludef_t_gpu.f90:5337: if(irad_heating.eq.1) then
unstructured/ludef_t_gpu.f90:5349: if(irad_heating.eq.1) then
unstructured/ludef_t_gpu.f90:5362: if(irad_heating.eq.1) then"
126,gravr,gravr,&inputnl,Model Options,模型选项,real,0.,1,源码 `add_var_*` 注册说明为空；请结合所在逻辑组和下方源码使用位置判断。,R 方向的恒定体加速度，作为密度乘以加速度的动量源；0 表示无该外力。托卡马克和映射后的仿星器均使用物理柱坐标 R。,,unstructured/input.f90,447,42,unstructured/metricterms_new.f90(19); unstructured/metricterms_new_gpu.f90(19); unstructured/init_mri.f90(2); unstructured/output.f90(1); unstructured/time_step_split.f90(1),"源码引用 42 处；主要在 `metricterms_new.f90` 19处, `metricterms_new_gpu.f90` 19处, `init_mri.f90` 2处, `output.f90` 1处。","unstructured/init_mri.f90:54: fac1 = sqrt(gravr)
unstructured/init_mri.f90:100: fac1 = eps*sqrt(gravr*x)
unstructured/metricterms_new.f90:1589: if(gravr.eq.0. .and. gravz.eq.0.) then
unstructured/metricterms_new.f90:1595: - gravr*intx3(e(:,:,OP_1),ri_79,f(:,OP_DZ))
unstructured/metricterms_new.f90:1615: if(gravr.eq.0. .and. gravz.eq.0.) then
unstructured/metricterms_new.f90:1623: - gravr*intx3(e(:,:,OP_DZ),ri2_79,temp79a)
unstructured/metricterms_new.f90:1646: if(gravr.eq.0. .and. gravz.eq.0.) then
unstructured/metricterms_new.f90:1655: - gravr*intx3(e(:,:,OP_DZ),ri2_79,temp79a)
unstructured/metricterms_new.f90:1679: if(gravr.eq.0. .and. gravz.eq.0.) then
unstructured/metricterms_new.f90:1687: - gravr*intx3(e(:,:,OP_DZ),ri2_79,temp79a)"
127,gravz,gravz,&inputnl,Model Options,模型选项,real,0.,1,源码 `add_var_*` 注册说明为空；请结合所在逻辑组和下方源码使用位置判断。,Z 方向的恒定体加速度，作为密度乘以加速度的动量源；0 表示无该外力。,,unstructured/input.f90,448,47,unstructured/metricterms_new.f90(22); unstructured/metricterms_new_gpu.f90(22); unstructured/init_gmode.f90(1); unstructured/output.f90(1); unstructured/time_step_split.f90(1),"源码引用 47 处；主要在 `metricterms_new.f90` 22处, `metricterms_new_gpu.f90` 22处, `init_gmode.f90` 1处, `output.f90` 1处。","unstructured/init_gmode.f90:53: fac1 = gravz*ln+gam*p0
unstructured/metricterms_new.f90:1589: if(gravr.eq.0. .and. gravz.eq.0.) then
unstructured/metricterms_new.f90:1594: temp = gravz*intx3(e(:,:,OP_1), r_79,f(:,OP_DR)) &
unstructured/metricterms_new.f90:1615: if(gravr.eq.0. .and. gravz.eq.0.) then
unstructured/metricterms_new.f90:1622: temp = gravz*intx2(e(:,:,OP_DR),temp79a) &
unstructured/metricterms_new.f90:1626: temp = temp + 2.*gravz*intx3(e(:,:,OP_1),ri_79,temp79a)
unstructured/metricterms_new.f90:1646: if(gravr.eq.0. .and. gravz.eq.0.) then
unstructured/metricterms_new.f90:1654: temp = gravz*intx2(e(:,:,OP_DR),temp79a) &
unstructured/metricterms_new.f90:1658: temp = temp + 2.*gravz*intx3(e(:,:,OP_1),ri_79,temp79a)
unstructured/metricterms_new.f90:1679: if(gravr.eq.0. .and. gravz.eq.0.) then"
128,istatic,istatic,&inputnl,Model Options,模型选项,integer,0,1,1: Do not advance velocity fields,,,unstructured/input.f90,449,10,unstructured/ludef_t.f90(4); unstructured/ludef_t_gpu.f90(4); unstructured/time_step.f90(1); unstructured/time_step_split.f90(1),"源码引用 10 处；主要在 `ludef_t.f90` 4处, `ludef_t_gpu.f90` 4处, `time_step.f90` 1处, `time_step_split.f90` 1处。","unstructured/ludef_t.f90:69: if(istatic.eq.1) then
unstructured/ludef_t.f90:739: if(istatic.eq.1 .or. izone.ne.ZONE_PLASMA) then
unstructured/ludef_t.f90:1308: if(istatic.eq.1) then
unstructured/ludef_t.f90:1317: if(istatic.eq.3) then ! zero out chi only
unstructured/ludef_t_gpu.f90:83: if(istatic.eq.1) then
unstructured/ludef_t_gpu.f90:852: if(istatic.eq.1 .or. izone.ne.1) then
unstructured/ludef_t_gpu.f90:1519: if(istatic.eq.1) then
unstructured/ludef_t_gpu.f90:1531: if(istatic.eq.3) then ! zero out chi only
unstructured/time_step.f90:133: if(istatic.eq.1 .and. isplitstep.eq.1) ivel_def = 0
unstructured/time_step_split.f90:824: if(istatic.ne.1) then"
129,iestatic,iestatic,&inputnl,Model Options,模型选项,integer,0,1,1: Do not advance magnetic fields,,,unstructured/input.f90,451,8,unstructured/ludef_t.f90(3); unstructured/ludef_t_gpu.f90(3); unstructured/time_step.f90(1); unstructured/time_step_split.f90(1),"源码引用 8 处；主要在 `ludef_t.f90` 3处, `ludef_t_gpu.f90` 3处, `time_step.f90` 1处, `time_step_split.f90` 1处。","unstructured/ludef_t.f90:1943: if(iestatic.eq.1) then
unstructured/ludef_t.f90:2815: if(iestatic.eq.1) then
unstructured/ludef_t.f90:5225: if(isplitstep.ge.1 .and. iestatic.eq.0) then
unstructured/ludef_t_gpu.f90:2255: if(iestatic.eq.1) then
unstructured/ludef_t_gpu.f90:3230: if(iestatic.eq.1) then
unstructured/ludef_t_gpu.f90:5912: if(isplitstep.ge.1 .and. iestatic.eq.0) then
unstructured/time_step.f90:134: call ludefall(ivel_def, idens, ipres, ipressplit, 1-iestatic)
unstructured/time_step_split.f90:1271: if(iestatic.eq.0) then"
130,chiiner,chiiner,&inputnl,Model Options,模型选项,real,1.,1,源码 `add_var_*` 注册说明为空；请结合所在逻辑组和下方源码使用位置判断。,六场模型中压缩速度势 `chi` 的惯性项乘子；1 为完整项，减小它可改变压缩分量的数值时间尺度。,,unstructured/input.f90,453,8,unstructured/ludef_t_gpu.f90(5); unstructured/ludef_t.f90(3),"源码引用 8 处；主要在 `ludef_t_gpu.f90` 5处, `ludef_t.f90` 3处。","unstructured/ludef_t.f90:87: tempx = v1chin(trialx,lin,rho79)*chiiner
unstructured/ludef_t.f90:110: tempx = v1chin(trialx,lin,rho79)*chiiner*freq_fac
unstructured/ludef_t.f90:1355: tempx = v3chin(trialx,lin,rho79)*chiiner*freq_fac
unstructured/ludef_t_gpu.f90:111: ADDTERM(chi_g,temp,chiiner,0)
unstructured/ludef_t_gpu.f90:143: ADDTERM(chi_g,temp,chiiner*freq_fac,chiiner*freq_fac*bdf)
unstructured/ludef_t_gpu.f90:145: ADDTERM(chi_g,temp,chiiner*freq_fac,0)
unstructured/ludef_t_gpu.f90:1589: ADDTERM(chi_g,temp,chiiner*freq_fac,chiiner*freq_fac*bdf)
unstructured/ludef_t_gpu.f90:1591: ADDTERM(chi_g,temp,chiiner*freq_fac,0)"
131,ieq_bdotgradt,ieq_bdotgradt,&inputnl,Model Options,模型选项,integer,1,1,源码 `add_var_*` 注册说明为空；请结合所在逻辑组和下方源码使用位置判断。,决定温度方程平行导热是否保留平衡场的 `B dot grad(T)` 贡献；用于平衡减除/线性化时控制平衡项。,,unstructured/input.f90,454,24,unstructured/ludef_t.f90(12); unstructured/ludef_t_gpu.f90(12),"源码引用 24 处；主要在 `ludef_t.f90` 12处, `ludef_t_gpu.f90` 12处。","unstructured/ludef_t.f90:3905: tempx = p1psipsipnkappar(trialx,lin,ps079,pp079,n079,ieq_bdotgradt) &
unstructured/ludef_t.f90:3907: + p1psibpnkappar (trialx,lin,bz079,pp079,n079,ieq_bdotgradt,1)
unstructured/ludef_t.f90:3912: tempx = p1psibpnkappar(trialx,ps079,lin,pp079,n079,1,ieq_bdotgradt)&
unstructured/ludef_t.f90:3913: + p1bbpnkappar (trialx,lin,bz079,pp079,n079,ieq_bdotgradt) &
unstructured/ludef_t.f90:3935: tempx = p1psifpnkappar(trialx,ps079,lin,pp079,n079,1,ieq_bdotgradt)&
unstructured/ludef_t.f90:3936: + p1bfpnkappar (trialx,bz079,lin,pp079,n079,1,ieq_bdotgradt)
unstructured/ludef_t.f90:4646: (p1psipsipnkappar(trialx,psx79,ps079,pp079,nn079,ieq_bdotgradt) &
unstructured/ludef_t.f90:4648: +p1psibpnkappar (trialx,psx79,bz079,pp079,nn079,ieq_bdotgradt,1) &
unstructured/ludef_t.f90:4649: +p1psibpnkappar (trialx,ps079,psx79,pp079,nn079,1,ieq_bdotgradt) &
unstructured/ludef_t.f90:4650: +p1bbpnkappar (trialx,bzx79,bz079,pp079,nn079,ieq_bdotgradt) &"
132,iwall_is_limiter,iwall_is_limiter,&inputnl,Model Options,模型选项,integer,1,1,1 = Wall acts as limiter,,,unstructured/input.f90,455,8,unstructured/gradshafranov.f90(3); unstructured/diagnostics.f90(2); unstructured/particle.f90(1); unstructured/particle_com.f90(1); unstructured/runaway_advection.f90(1),"源码引用 8 处；主要在 `gradshafranov.f90` 3处, `diagnostics.f90` 2处, `particle.f90` 1处, `particle_com.f90` 1处。","unstructured/diagnostics.f90:1556: if(izone.ne.1 .and. iwall_is_limiter.eq.1) ier = 2
unstructured/diagnostics.f90:2103: if(tw .and. (iwall_is_limiter.eq.1)) then
unstructured/gradshafranov.f90:1261: if(igs.ne.0) call lcfs(psi_vec, iwall_is_limiter.eq.1, &
unstructured/gradshafranov.f90:1322: call lcfs(psi_vec,iwall_is_limiter.eq.1, &
unstructured/gradshafranov.f90:1402: if(igs.ne.0) call lcfs(psi_vec, iwall_is_limiter.eq.1)
unstructured/particle.f90:291: print *, 'iwall_is_limiter = ', iwall_is_limiter
unstructured/particle_com.f90:289: print *, 'iwall_is_limiter = ', iwall_is_limiter
unstructured/runaway_advection.f90:210: print *, 'iwall_is_limiter = ', iwall_is_limiter"
133,no_vdg_T,no_vdg_T,&inputnl,Model Options,模型选项,integer,0,1,1: do not include V dot grad T in Temp equation (debug),,,unstructured/input.f90,457,2,unstructured/ludef_t.f90(1); unstructured/ludef_t_gpu.f90(1),"源码引用 2 处；主要在 `ludef_t.f90` 1处, `ludef_t_gpu.f90` 1处。","unstructured/ludef_t.f90:4237: if(no_vdg_T .eq. 0) then ! debug
unstructured/ludef_t_gpu.f90:4838: if(no_vdg_T .eq. 0) then ! debug"
134,ibootstrap_model,ibootstrap_model,&inputnl,Model Options,模型选项,integer,0,1,"1: J_BS = alpha F <p,psi> B",托卡马克：1/3 选 Sauter-Angioni，2/4 选 Redl，3/4 为简化方程实现，5 为 constant-Lambda；应与非零 `ibootstrap` 配套。`ibootstrap=3` 配模型 1/3 当前会停止。仿星器：没有专用三维 bootstrap 平衡闭合。 源码用法：在 `bootstrap.f90` 中选择 bootstrap closure：1/3 为 Sauter & Angioni，2/4 为 Redl，5 为 constant-Lambda 分支。,,unstructured/input.f90,460,29,unstructured/bootstrap.f90(24); unstructured/ludef_t.f90(4); unstructured/output.f90(1),"源码引用 29 处；主要在 `bootstrap.f90` 24处, `ludef_t.f90` 4处, `output.f90` 1处。","unstructured/bootstrap.f90:117: if(ibootstrap_model.eq.1 .or. ibootstrap_model.eq.3)then !Sauter & Angioni (1999)
unstructured/bootstrap.f90:124: else if (ibootstrap_model.eq.2 .or. ibootstrap_model.eq.4)then !Redl et al (2021)
unstructured/bootstrap.f90:207: if(ibootstrap_model.eq.1)then !Sauter & Angioni (1999)
unstructured/bootstrap.f90:214: else if (ibootstrap_model.eq.2)then !Redl et al (2021)
unstructured/bootstrap.f90:292: if(ibootstrap_model.eq.1)then !Sauter & Angioni (1999)
unstructured/bootstrap.f90:299: else if (ibootstrap_model.eq.2)then !Redl et al (2021)
unstructured/bootstrap.f90:326: if(ibootstrap_model.eq.1)then !Sauter & Angioni (1999)
unstructured/bootstrap.f90:333: else if (ibootstrap_model.eq.2)then !Redl et al (2021)
unstructured/bootstrap.f90:406: if(ibootstrap_model.eq.1)then !Sauter & Angioni (1999)
unstructured/bootstrap.f90:413: else if (ibootstrap_model.eq.2)then !Redl et al (2021)"
135,bootstrap_alpha,bootstrap_alpha,&inputnl,Model Options,模型选项,real,0.,1,alpha parameter in bootstrap current model,托卡马克：bootstrap 项的统一幅值乘子，默认 0；打开 `ibootstrap/model` 后仍需给非零值才有驱动。仿星器：仅在自行验证并启用同一演化闭合时有意义。,,unstructured/input.f90,462,13,unstructured/bootstrap.f90(12); unstructured/output.f90(1),"源码引用 13 处；主要在 `bootstrap.f90` 12处, `output.f90` 1处。","unstructured/bootstrap.f90:136: temp79a=tempDD*jbsfluxavg_iBsq_B79(:,OP_1)*iBpsq(:)*ri_79*bzt79(:,OP_1)*bootstrap_alpha
unstructured/bootstrap.f90:241: bs_b1psifpsib = bootstrap_alpha*temp
unstructured/bootstrap.f90:354: bs_b1psifbb = bootstrap_alpha*temp
unstructured/bootstrap.f90:440: bs_b1psiffb = bootstrap_alpha*temp
unstructured/bootstrap.f90:510: bs_b2psifpsib = bootstrap_alpha*temp
unstructured/bootstrap.f90:582: bs_b2psiffb = bootstrap_alpha*temp
unstructured/bootstrap.f90:978: temp1=tempDD*jbsfluxavg_iBsq_B79(:,OP_1)*bootstrap_alpha
unstructured/bootstrap.f90:979: temp2=tempDD*bootstrap_alpha
unstructured/bootstrap.f90:1111: temp1=-tempDD*jbsfluxavg_iBsq_B79(:,OP_1)*bootstrap_alpha
unstructured/bootstrap.f90:1112: temp2=-tempDD*bootstrap_alpha"
136,ibootstrap_regular,ibootstrap_regular,&inputnl,Model Options,模型选项,real,1e-8,1,Regularization parameter Default=1e-8,托卡马克：bootstrap 计算中小 Bp、温度梯度和归一化温度的正则化尺度，默认 `1e-8`，不表示电流比例。仿星器：只有启用并验证 bootstrap 路径时使用。,,unstructured/input.f90,464,8,unstructured/bootstrap.f90(8),源码引用 8 处；主要在 `bootstrap.f90` 8处。,"unstructured/bootstrap.f90:1043: chisq(i) = ibootstrap_regular / (1.0 + 1e-2 * tempbeta)
unstructured/bootstrap.f90:1493: eps_val=ibootstrap_regular**2
unstructured/bootstrap.f90:1684: atten_width_core=ibootstrap_regular*10.0
unstructured/bootstrap.f90:1694: if(temax .le. ibootstrap_regular) then
unstructured/bootstrap.f90:1695: temax3 = MAX(temax_readin, ibootstrap_regular) ! Guards against 0.0 division
unstructured/bootstrap.f90:1697: temax3 = MAX(temax, ibootstrap_regular)
unstructured/bootstrap.f90:1709: pso(i) = 1.0_dp - MAX(real(tet79(i, OP_1)), ibootstrap_regular**2) / temax3
unstructured/bootstrap.f90:1726: temp_delmagTe(i)=(temp_delmagTe(i))+ ibootstrap_regular"
137,kinetic,kinetic,&inputnl,Model Options,模型选项,integer,0,1,1: Use kinetic PIC; 2: CGL incompressible; 3: CGL,"1: kinetic PIC hot ion pressure；2: incompressible CGL；3: full CGL。2/3 要求 linear=1,isplitstep=0,ipres=1,itemp=0,ipressplit=0。",,unstructured/input.f90,466,60,unstructured/ludef_t.f90(15); unstructured/ludef_t_gpu.f90(9); unstructured/gradshafranov.f90(6); unstructured/init_common.f90(5); unstructured/input.f90(5); unstructured/output.f90(4); unstructured/time_step.f90(4); unstructured/electric_field.f90(3),"源码引用 60 处；主要在 `ludef_t.f90` 15处, `ludef_t_gpu.f90` 9处, `gradshafranov.f90` 6处, `init_common.f90` 5处。","unstructured/diagnostics.f90:1171: print *, "" Recombination radiation (kinetic) = "", reckrad
unstructured/electric_field.f90:25: if (.not.((kinetic.eq.1).or.((irunaway.ge.1).and.(ra_characteristics.eq.1)))) then
unstructured/electric_field.f90:155: if (.not.((kinetic.eq.1).or.((irunaway.ge.1).and.(ra_characteristics.eq.1)))) then
unstructured/electric_field.f90:280: if (.not.((kinetic.eq.1).or.((irunaway.ge.1).and.(ra_characteristics.eq.1)))) then
unstructured/gradshafranov.f90:619: if ((kinetic.eq.1).and.(kinetic_fast_ion.eq.1)) then
unstructured/gradshafranov.f90:652: if ((kinetic.eq.1).and.(kinetic_fast_ion.eq.1)) then
unstructured/gradshafranov.f90:670: if ((kinetic.eq.1).and.(kinetic_thermal_ion.eq.1)) then
unstructured/gradshafranov.f90:688: if ((kinetic.eq.1).and.(kinetic_thermal_ion.eq.1)) then
unstructured/gradshafranov.f90:1709: if ((kinetic.eq.1).and.(particle_couple.ge.0).and.(kinetic_fast_ion.eq.1)) then
unstructured/gradshafranov.f90:1715: if ((kinetic.eq.1).and.(particle_couple.ge.0).and.(kinetic_thermal_ion.eq.1)) then"
38,ivisfunc,ivisfunc,&inputnl,Transport Coefficients,输运系数,integer,0,1,源码 `add_var_*` 注册说明为空；请结合所在逻辑组和下方源码使用位置判断。,选择各向同性粘性空间模型：0 常数；1/2 磁通 tanh 边缘层；3/4 预计算场；10/11 读 `profile_amu`；12 专用 basicJ；21 为 USEST 逻辑 rho 模型。,,unstructured/input.f90,299,10,unstructured/transport.f90(6); unstructured/m3dc1_nint.f90(4),"源码引用 10 处；主要在 `transport.f90` 6处, `m3dc1_nint.f90` 4处。","unstructured/m3dc1_nint.f90:737: if(ivisfunc.eq.3) fields = ior(fields,FIELD_PSI)
unstructured/m3dc1_nint.f90:738: if(ivisfunc.eq.4) fields = ior(fields,FIELD_WALL)
unstructured/m3dc1_nint.f90:1685: if(ivisfunc.eq.3) then
unstructured/m3dc1_nint.f90:1698: else if(ivisfunc.eq.4) then
unstructured/transport.f90:1126: select case (ivisfunc)
unstructured/transport.f90:1163: if(ivisfunc.eq.10) then
unstructured/transport.f90:1181: if(ivisfunc.eq.10) temp79a = temp79a*nt79(:,OP_1)
unstructured/transport.f90:1199: if(myrank.eq.0) print *, 'ivisfunc = 21 requires igeometry = 1'
unstructured/transport.f90:1205: if(myrank.eq.0) print *, 'Error: invalid value for ivisfunc: ', ivisfunc
unstructured/transport.f90:1697: if(ivisfunc.eq.3 .or. ivisfunc.eq.4) def_fields = def_fields + FIELD_MU"
39,amuoff,amuoff,&inputnl,Transport Coefficients,输运系数,real,0.,1,源码 `add_var_*` 注册说明为空；请结合所在逻辑组和下方源码使用位置判断。,`ivisfunc=1/2/21` 的粘性过渡位置；1/2 使用归一化磁通坐标，21 使用逻辑 rho。,,unstructured/input.f90,300,5,unstructured/transport.f90(3); unstructured/m3dc1_nint.f90(2),"源码引用 5 处；主要在 `transport.f90` 3处, `m3dc1_nint.f90` 2处。","unstructured/m3dc1_nint.f90:1691: where(real(temp79a).lt.amuoff .and. real(temp79b).gt.0.)
unstructured/m3dc1_nint.f90:1699: where(real(wall79(:,OP_1)).gt.amuoff)
unstructured/transport.f90:1133: tanh((real(pst79(:,OP_1))-(psibound+amuoff*(psibound-psimin))) &
unstructured/transport.f90:1146: (1. + tanh((real(temp79b) - amuoff)/amudelt))
unstructured/transport.f90:1197: (1. + tanh((temp79b-(1.+amuoff))/amudelt))"
40,amudelt,amudelt,&inputnl,Transport Coefficients,输运系数,real,0.,1,源码 `add_var_*` 注册说明为空；请结合所在逻辑组和下方源码使用位置判断。,,,unstructured/input.f90,301,3,unstructured/transport.f90(3),源码引用 3 处；主要在 `transport.f90` 3处。,"unstructured/transport.f90:1134: /(amudelt*(psibound-psimin))))
unstructured/transport.f90:1146: (1. + tanh((real(temp79b) - amuoff)/amudelt))
unstructured/transport.f90:1197: (1. + tanh((temp79b-(1.+amuoff))/amudelt))"
41,amuoff2,amuoff2,&inputnl,Transport Coefficients,输运系数,real,0.,1,源码 `add_var_*` 注册说明为空；请结合所在逻辑组和下方源码使用位置判断。,`ivisfunc=2` 第二个 tanh 过渡中心；只有它与 `amudelt2` 都非零时才加入第二层。,,unstructured/input.f90,302,2,unstructured/transport.f90(2),源码引用 2 处；主要在 `transport.f90` 2处。,"unstructured/transport.f90:1147: if(amuoff2.ne.0. .and. amudelt2.ne.0.) then
unstructured/transport.f90:1149: (1. + tanh((real(temp79b) - amuoff2)/amudelt2))"
42,amudelt2,amudelt2,&inputnl,Transport Coefficients,输运系数,real,0.,1,源码 `add_var_*` 注册说明为空；请结合所在逻辑组和下方源码使用位置判断。,,,unstructured/input.f90,303,2,unstructured/transport.f90(2),源码引用 2 处；主要在 `transport.f90` 2处。,"unstructured/transport.f90:1147: if(amuoff2.ne.0. .and. amudelt2.ne.0.) then
unstructured/transport.f90:1149: (1. + tanh((real(temp79b) - amuoff2)/amudelt2))"
43,amu,amu,&inputnl,Transport Coefficients,输运系数,real,0.,1,Isotropic viscosity,,,unstructured/input.f90,304,13,unstructured/input.f90(3); unstructured/transport.f90(3); unstructured/m3dc1_nint.f90(2); unstructured/read_namelist.cpp(2); unstructured/error_estimate.f90(1); unstructured/mackenbach_profiles.f90(1); unstructured/output.f90(1),"源码引用 13 处；主要在 `input.f90` 3处, `transport.f90` 3处, `m3dc1_nint.f90` 2处, `read_namelist.cpp` 2处。","unstructured/error_estimate.f90:633: solutionH2Norm(1) = solutionH2Norm(1)+amu*norm_buff
unstructured/input.f90:1404: if(amuc.eq.0.) amuc = amu
unstructured/input.f90:1515: if(amuc.lt.(2./3.)*amu) then
unstructured/input.f90:1517: print *, 'ERROR: Constraint amuc >= (2/3)*amu violated.'
unstructured/m3dc1_nint.f90:1692: vis79(:,OP_1) = amu
unstructured/m3dc1_nint.f90:1700: vis79(:,OP_1) = amu
unstructured/mackenbach_profiles.f90:547: print *, ""amu = "", mu_v / 0.364831
unstructured/output.f90:285: call write_real_attr(root_id, ""amu"" , amu, error)
unstructured/read_namelist.cpp:608: double kappat, amu, nowhere, etar;
unstructured/read_namelist.cpp:623: add_variable_double_(""amu"", &amu, &def,"
44,amuc,amuc,&inputnl,Transport Coefficients,输运系数,real,0.,1,Compressional viscosity,,,unstructured/input.f90,306,7,unstructured/input.f90(3); unstructured/m3dc1_nint.f90(2); unstructured/output.f90(1); unstructured/transport.f90(1),"源码引用 7 处；主要在 `input.f90` 3处, `m3dc1_nint.f90` 2处, `output.f90` 1处, `transport.f90` 1处。","unstructured/input.f90:1404: if(amuc.eq.0.) amuc = amu
unstructured/input.f90:1515: if(amuc.lt.(2./3.)*amu) then
unstructured/input.f90:1517: print *, 'ERROR: Constraint amuc >= (2/3)*amu violated.'
unstructured/m3dc1_nint.f90:1693: vic79(:,OP_1) = amuc
unstructured/m3dc1_nint.f90:1701: vic79(:,OP_1) = amuc
unstructured/output.f90:286: call write_real_attr(root_id, ""amuc"" , amuc, error)
unstructured/transport.f90:2163: call add(visc_c_field, amuc)"
45,amue,amue,&inputnl,Transport Coefficients,输运系数,real,0.,1,源码 `add_var_*` 注册说明为空；请结合所在逻辑组和下方源码使用位置判断。,电子/自举电流闭合使用的粘性系数；不代替流体动量方程的 `amu`。,,unstructured/input.f90,308,2,unstructured/transport.f90(2),源码引用 2 处；主要在 `transport.f90` 2处。,"unstructured/transport.f90:1500: if(amue.ne.0) then
unstructured/transport.f90:1501: temp79f = -amue * r2_79 * &"
46,amupar,amupar,&inputnl,Transport Coefficients,输运系数,real,0.,1,Parallel viscosity,,,unstructured/input.f90,309,17,unstructured/ludef_t.f90(7); unstructured/diagnostics.f90(2); unstructured/metricterms_new.f90(2); unstructured/metricterms_new_gpu.f90(2); unstructured/auxiliary_fields.f90(1); unstructured/ludef_t_gpu.f90(1); unstructured/m3dc1_nint.f90(1); unstructured/output.f90(1),"源码引用 17 处；主要在 `ludef_t.f90` 7处, `diagnostics.f90` 2处, `metricterms_new.f90` 2处, `metricterms_new_gpu.f90` 2处。","unstructured/auxiliary_fields.f90:793: if(amupar.ne.0.) then
unstructured/diagnostics.f90:786: if(gyro.eq.1 .or. amupar.ne.0) then
unstructured/diagnostics.f90:1048: if(amupar.ne.0.) then
unstructured/ludef_t.f90:514: if(gyro.eq.1 .or. amupar.ne.0 .or. ipforce.ge.1) then
unstructured/ludef_t.f90:542: if(amupar.ne.0.) then
unstructured/ludef_t.f90:1092: if(gyro.eq.1 .or. amupar.ne.0.) then
unstructured/ludef_t.f90:1119: if(amupar.ne.0.) then
unstructured/ludef_t.f90:1723: if(gyro.eq.1 .or. amupar.gt.0. .or. ipforce.ge.1) then
unstructured/ludef_t.f90:1748: if(amupar.ne.0.) then
unstructured/ludef_t.f90:4974: if(gyro.eq.1 .or. amupar.ne.0 .or. kappar.ne.0 .or. ikapparfunc.eq.2 .or. kinetic.ne.0) then"
47,amu_edge,amu_edge,&inputnl,Transport Coefficients,输运系数,real,0.,1,源码 `add_var_*` 注册说明为空；请结合所在逻辑组和下方源码使用位置判断。,粘性边缘增量或外侧幅值，配合 `ivisfunc=1/2/21`；最终各向同性粘性还包含基值 `amu`。,,unstructured/input.f90,311,9,unstructured/transport.f90(5); unstructured/m3dc1_nint.f90(4),"源码引用 9 处；主要在 `transport.f90` 5处, `m3dc1_nint.f90` 4处。","unstructured/m3dc1_nint.f90:1695: vis79(:,OP_1) = amu_edge
unstructured/m3dc1_nint.f90:1696: vic79(:,OP_1) = amu_edge
unstructured/m3dc1_nint.f90:1703: vis79(:,OP_1) = amu_edge
unstructured/m3dc1_nint.f90:1704: vic79(:,OP_1) = amu_edge
unstructured/transport.f90:1131: temp79a = amu_edge*.5* &
unstructured/transport.f90:1145: temp79a = amu_edge*.5* &
unstructured/transport.f90:1148: temp79a = temp79a + amu_edge*.5* &
unstructured/transport.f90:1187: val = amu_edge*basicj_dscale(rsq) - amu
unstructured/transport.f90:1196: temp79a = amu_edge* &"
48,amu_wall,amu_wall,&inputnl,Transport Coefficients,输运系数,real,0.,1,源码 `add_var_*` 注册说明为空；请结合所在逻辑组和下方源码使用位置判断。,靠近 wall-distance 场时附加的粘性幅值；按 `amu_wall_off/amu_wall_delt` 的 tanh 层叠加到其它粘性模型。,,unstructured/input.f90,312,2,unstructured/transport.f90(2),源码引用 2 处；主要在 `transport.f90` 2处。,"unstructured/transport.f90:1210: if(amu_wall.ne.0) then
unstructured/transport.f90:1211: temp79a = temp79a + amu_wall* &"
49,amu_wall_off,amu_wall_off,&inputnl,Transport Coefficients,输运系数,real,0.,1,源码 `add_var_*` 注册说明为空；请结合所在逻辑组和下方源码使用位置判断。,壁面附加粘性层在 wall-distance 坐标中的中心位置。,,unstructured/input.f90,313,1,unstructured/transport.f90(1),源码引用 1 处；主要在 `transport.f90` 1处。,"unstructured/transport.f90:1212: 2.*(1. - tanh((wall79(:,OP_1) - amu_wall_off)/amu_wall_delt))"
50,amu_wall_delt,amu_wall_delt,&inputnl,Transport Coefficients,输运系数,real,0.1,1,源码 `add_var_*` 注册说明为空；请结合所在逻辑组和下方源码使用位置判断。,,,unstructured/input.f90,314,1,unstructured/transport.f90(1),源码引用 1 处；主要在 `transport.f90` 1处。,"unstructured/transport.f90:1212: 2.*(1. - tanh((wall79(:,OP_1) - amu_wall_off)/amu_wall_delt))"
51,iresfunc,iresfunc,&inputnl,Transport Coefficients,输运系数,integer,0,1,源码 `add_var_*` 注册说明为空；请结合所在逻辑组和下方源码使用位置判断。,选择 plasma zone 电阻率模型：0 Spitzer 型；1 磁通 tanh；2-4 预计算场；5 简化新古典；10/11 读 `profile_eta`；21 为 USEST 逻辑 rho 模型。conductor/vacuum zone 不用此开关。,,unstructured/input.f90,316,11,unstructured/m3dc1_nint.f90(5); unstructured/transport.f90(5); unstructured/input.f90(1),"源码引用 11 处；主要在 `m3dc1_nint.f90` 5处, `transport.f90` 5处, `input.f90` 1处。","unstructured/input.f90:1510: if(pefac.eq.0. .and. eta0.ne.0 .and. iresfunc.eq.0) then
unstructured/m3dc1_nint.f90:709: if(iresfunc.eq.2 .or. iresfunc.eq.3) fields = ior(fields,FIELD_PSI)
unstructured/m3dc1_nint.f90:710: if(iresfunc.eq.4) then
unstructured/m3dc1_nint.f90:1238: if(iresfunc.eq.2) then
unstructured/m3dc1_nint.f90:1259: else if(iresfunc.eq.3) then
unstructured/m3dc1_nint.f90:1271: else if(iresfunc.eq.4) then
unstructured/transport.f90:1000: select case (iresfunc)
unstructured/transport.f90:1059: if(iresfunc.eq.10) then
unstructured/transport.f90:1087: if(myrank.eq.0) print *, 'iresfunc = 21 requires igeometry = 1'
unstructured/transport.f90:1093: if(myrank.eq.0) print *, 'Error: invalid value for iresfunc: ', iresfunc"
52,etaoff,etaoff,&inputnl,Transport Coefficients,输运系数,real,0.,1,源码 `add_var_*` 注册说明为空；请结合所在逻辑组和下方源码使用位置判断。,电阻率 tanh 过渡位置；`iresfunc=1` 使用磁通，`iresfunc=21` 使用逻辑 rho。,,unstructured/input.f90,317,5,unstructured/m3dc1_nint.f90(3); unstructured/transport.f90(2),"源码引用 5 处；主要在 `m3dc1_nint.f90` 3处, `transport.f90` 2处。","unstructured/m3dc1_nint.f90:1240: tm79 = ((ps079-psimin)/(psibound-psimin) - etaoff) / etadelt
unstructured/m3dc1_nint.f90:1242: tm79 = ((pst79-psimin)/(psibound-psimin) - etaoff) / etadelt
unstructured/m3dc1_nint.f90:1264: where(real(temp79a).lt.etaoff .and. real(temp79b).gt.0.)
unstructured/transport.f90:1026: tanh((real(pst79(:,OP_1))-(psilim+etaoff*(psilim-psimin)))&
unstructured/transport.f90:1085: (1. + tanh((temp79b-(1.+etaoff))/etadelt))"
53,etadelt,etadelt,&inputnl,Transport Coefficients,输运系数,real,0.,1,源码 `add_var_*` 注册说明为空；请结合所在逻辑组和下方源码使用位置判断。,,,unstructured/input.f90,318,4,unstructured/m3dc1_nint.f90(2); unstructured/transport.f90(2),"源码引用 4 处；主要在 `m3dc1_nint.f90` 2处, `transport.f90` 2处。","unstructured/m3dc1_nint.f90:1240: tm79 = ((ps079-psimin)/(psibound-psimin) - etaoff) / etadelt
unstructured/m3dc1_nint.f90:1242: tm79 = ((pst79-psimin)/(psibound-psimin) - etaoff) / etadelt
unstructured/transport.f90:1027: /(etadelt*(psilim-psimin))))
unstructured/transport.f90:1085: (1. + tanh((temp79b-(1.+etaoff))/etadelt))"
54,etar,etar,&inputnl,Transport Coefficients,输运系数,real,0.,1,Isotropic resistivity,,,unstructured/input.f90,319,16,unstructured/transport.f90(10); unstructured/m3dc1_nint.f90(2); unstructured/read_namelist.cpp(2); unstructured/error_estimate.f90(1); unstructured/output.f90(1),"源码引用 16 处；主要在 `transport.f90` 10处, `m3dc1_nint.f90` 2处, `read_namelist.cpp` 2处, `error_estimate.f90` 1处。","unstructured/error_estimate.f90:629: solutionH2Norm(2) = solutionH2Norm(2)+etar*norm_buff
unstructured/m3dc1_nint.f90:1258: eta79 = (0.5*eta79*eta0 + etar)*eta_fac
unstructured/m3dc1_nint.f90:1265: eta79(:,OP_1) = etar
unstructured/output.f90:288: call write_real_attr(root_id, ""etar"" , etar, error)
unstructured/read_namelist.cpp:608: double kappat, amu, nowhere, etar;
unstructured/read_namelist.cpp:619: add_variable_double_(""etar"", &etar, &def,
unstructured/transport.f90:1003: tmin = (eta_fac*eta0/(eta_max - etar*eta_fac))**(2./3.)
unstructured/transport.f90:1011: temp79a = eta_max - etar*eta_fac
unstructured/transport.f90:1015: where(real(temp79a).lt.(eta_min-etar*eta_fac))
unstructured/transport.f90:1016: temp79a = eta_min - etar*eta_fac"
55,eta0,eta0,&inputnl,Transport Coefficients,输运系数,real,0.,1,源码 `add_var_*` 注册说明为空；请结合所在逻辑组和下方源码使用位置判断。,温度依赖或 tanh 电阻率的幅值；`iresfunc=0` 中形成 `eta0(Te-eta_te_offset)^(-3/2)`。,,unstructured/input.f90,321,17,unstructured/transport.f90(8); unstructured/mackenbach_profiles.f90(4); unstructured/input.f90(2); unstructured/m3dc1_nint.f90(2); unstructured/output.f90(1),"源码引用 17 处；主要在 `transport.f90` 8处, `mackenbach_profiles.f90` 4处, `input.f90` 2处, `m3dc1_nint.f90` 2处。","unstructured/input.f90:1510: if(pefac.eq.0. .and. eta0.ne.0 .and. iresfunc.eq.0) then
unstructured/input.f90:1511: if(myrank.eq.0) print *, 'ERROR: Te = 0, but eta0 != 0.'
unstructured/m3dc1_nint.f90:1258: eta79 = (0.5*eta79*eta0 + etar)*eta_fac
unstructured/m3dc1_nint.f90:1267: eta79(:,OP_1) = eta0
unstructured/mackenbach_profiles.f90:401: eta0 = 1.03e-4 * z_ion * ln_lambda * (1.6022e-19)**1.5 * eta_fac
unstructured/mackenbach_profiles.f90:429: T0 = (eta0**0.4*gamma**0.4*Ip**0.8)/(a**0.8*kappa0**0.4*(2*pi)**0.8*(abs(beta*gamma*p_tot - k(1.0)*t1))**0.8)
unstructured/mackenbach_profiles.f90:430: VL = (2*2**0.2*eta0**0.4*gamma**0.4*kappa0**0.6*pi**1.2*R0*(abs(beta*gamma*p_tot - k(1.0)*t1))**0.2)/(a**0.8*Ip**0.2)
unstructured/mackenbach_profiles.f90:440: profile_j(2,:) = VL*T0**(1.5)/(2.0*pi*R0*eta0)*t_prof**(1.5)
unstructured/output.f90:289: call write_real_attr(root_id, ""eta0"" , eta0, error)
unstructured/transport.f90:1002: if(eta0.ne.0.) then"
56,eta_fac,eta_fac,&inputnl,Transport Coefficients,输运系数,real,1.,1,Uniform resistivity multiplier,,,unstructured/input.f90,322,21,unstructured/transport.f90(14); unstructured/mackenbach_profiles.f90(4); unstructured/m3dc1_nint.f90(2); unstructured/input.f90(1),"源码引用 21 处；主要在 `transport.f90` 14处, `mackenbach_profiles.f90` 4处, `m3dc1_nint.f90` 2处, `input.f90` 1处。","unstructured/input.f90:1792: nufac = eta_fac * (4.*sqrt(2.*pi)*(4.*pi)**2 / 3.) &
unstructured/m3dc1_nint.f90:1258: eta79 = (0.5*eta79*eta0 + etar)*eta_fac
unstructured/m3dc1_nint.f90:1269: eta79 = eta79*eta_fac
unstructured/mackenbach_profiles.f90:372: B1, p_tot, p0, eta_fac, ln_lambda, z_ion
unstructured/mackenbach_profiles.f90:399: eta_fac = 1000.
unstructured/mackenbach_profiles.f90:401: eta0 = 1.03e-4 * z_ion * ln_lambda * (1.6022e-19)**1.5 * eta_fac
unstructured/mackenbach_profiles.f90:545: print *, ""eta_fac = "", eta_fac
unstructured/transport.f90:1003: tmin = (eta_fac*eta0/(eta_max - etar*eta_fac))**(2./3.)
unstructured/transport.f90:1011: temp79a = eta_max - etar*eta_fac
unstructured/transport.f90:1013: temp79a = eta_fac*eta0*temp79b**(-1.5)"
57,eta_mod,eta_mod,&inputnl,Transport Coefficients,输运系数,integer,0,1,1 = remove d/dphi terms in resistivity,,,unstructured/input.f90,324,8,unstructured/ludef_t.f90(4); unstructured/ludef_t_gpu.f90(4),"源码引用 8 处；主要在 `ludef_t.f90` 4处, `ludef_t_gpu.f90` 4处。","unstructured/ludef_t.f90:1963: tempx = b1psieta1(trialx,lin,eta79,vzt79,eta_mod.eq.1) &
unstructured/ludef_t.f90:1964: + b1psieta2(trialx,lin,eta79,vzt79,eta_mod.eq.1)
unstructured/ludef_t.f90:1966: tempx = b1psieta1(trialx,lin,eta79 ,vzt79,eta_mod.eq.1) &
unstructured/ludef_t.f90:1967: + b1psieta2(trialx,lin,etaRZ79,vzt79,eta_mod.eq.1)
unstructured/ludef_t_gpu.f90:2280: temp = b1psieta1(eta79,vzt79,eta_mod.eq.1) &
unstructured/ludef_t_gpu.f90:2281: + b1psieta2(eta79,vzt79,eta_mod.eq.1)
unstructured/ludef_t_gpu.f90:2285: temp = b1psieta1(eta79,vzt79,eta_mod.eq.1) &
unstructured/ludef_t_gpu.f90:2286: + b1psieta2(etaRZ79,vzt79,eta_mod.eq.1)"
58,eta_te_offset,eta_te_offset,&inputnl,Transport Coefficients,输运系数,real,0.,1,Offset in Te when calculating eta,,,unstructured/input.f90,326,8,unstructured/m3dc1_nint.f90(2); unstructured/transport.f90(2); unstructured/diagnostics.f90(1); unstructured/input.f90(1); unstructured/kprad_m3dc1.f90(1); unstructured/output.f90(1),"源码引用 8 处；主要在 `m3dc1_nint.f90` 2处, `transport.f90` 2处, `diagnostics.f90` 1处, `input.f90` 1处。","unstructured/diagnostics.f90:1024: if(ikprad_te_offset .gt. 0) temp79b = temp79b - eta_te_offset
unstructured/input.f90:329: ""If 1, eta_te_offset also applied to kprad"", transp_grp)
unstructured/kprad_m3dc1.f90:572: if(ikprad_te_offset .gt. 0) te = te - eta_te_offset
unstructured/m3dc1_nint.f90:1278: temp79b = tet79(:,OP_1) - eta_te_offset
unstructured/m3dc1_nint.f90:1280: temp79b = pet79(:,OP_1)/net79(:,OP_1) - eta_te_offset
unstructured/output.f90:309: call write_real_attr(root_id, ""eta_te_offset"", eta_te_offset, error)
unstructured/transport.f90:1006: temp79b = tet79(:,OP_1) - eta_te_offset
unstructured/transport.f90:1008: temp79b = pet79(:,OP_1)/net79(:,OP_1) - eta_te_offset"
59,ikprad_te_offset,ikprad_te_offset,&inputnl,Transport Coefficients,输运系数,integer,0,1,"If 1, eta_te_offset also applied to kprad",,,unstructured/input.f90,328,2,unstructured/diagnostics.f90(1); unstructured/kprad_m3dc1.f90(1),"源码引用 2 处；主要在 `diagnostics.f90` 1处, `kprad_m3dc1.f90` 1处。","unstructured/diagnostics.f90:1024: if(ikprad_te_offset .gt. 0) temp79b = temp79b - eta_te_offset
unstructured/kprad_m3dc1.f90:572: if(ikprad_te_offset .gt. 0) te = te - eta_te_offset"
60,eta_max,eta_max,&inputnl,Transport Coefficients,输运系数,real,0.,1,Maximum value of resistivity in the plasma region,若 <=0，校验阶段置为 `eta_vac`。 运行时默认：`eta_max<=0` 时改为 `eta_vac`。,,unstructured/input.f90,330,8,unstructured/input.f90(3); unstructured/m3dc1_nint.f90(3); unstructured/transport.f90(2),"源码引用 8 处；主要在 `input.f90` 3处, `m3dc1_nint.f90` 3处, `transport.f90` 2处。","unstructured/input.f90:1796: if(eta_max.le.0.) eta_max = eta_vac
unstructured/input.f90:1808: print *, 'Te associated with eta_max = ', (efac*z_ion**2/eta_max)**(2./3.) &
unstructured/input.f90:1810: print *, 'Te associated with eta_max = ', (efac*z_ion**2/eta_max)**(2./3.), &
unstructured/m3dc1_nint.f90:1274: eta79(:,OP_1) = eta_max / efac
unstructured/m3dc1_nint.f90:1288: where(real(temp79b).gt.(eta_max/efac)**(-2./3.))
unstructured/m3dc1_nint.f90:1342: where(real(eta79(:,OP_1)).gt.eta_max) eta79(:,OP_1) = eta_max
unstructured/transport.f90:1003: tmin = (eta_fac*eta0/(eta_max - etar*eta_fac))**(2./3.)
unstructured/transport.f90:1011: temp79a = eta_max - etar*eta_fac"
61,eta_min,eta_min,&inputnl,Transport Coefficients,输运系数,real,0.,1,Minimum value of resistivity in the plasma region,若 <=0，校验阶段置为 0。 运行时默认：`eta_min<=0` 时改为 0。,,unstructured/input.f90,332,7,unstructured/input.f90(4); unstructured/transport.f90(2); unstructured/m3dc1_nint.f90(1),"源码引用 7 处；主要在 `input.f90` 4处, `transport.f90` 2处, `m3dc1_nint.f90` 1处。","unstructured/input.f90:1797: if(eta_min.le.0.) eta_min = 0.
unstructured/input.f90:1812: if (eta_min.gt.0) then
unstructured/input.f90:1813: print *, 'Te associated with eta_min = ', (efac*z_ion**2/eta_min)**(2./3.) &
unstructured/input.f90:1815: print *, 'Te associated with eta_min = ', (efac*z_ion**2/eta_min)**(2./3.), &
unstructured/m3dc1_nint.f90:1341: where(real(eta79(:,OP_1)).lt.eta_min) eta79(:,OP_1) = eta_min
unstructured/transport.f90:1015: where(real(temp79a).lt.(eta_min-etar*eta_fac))
unstructured/transport.f90:1016: temp79a = eta_min - etar*eta_fac"
62,ikappafunc,ikappafunc,&inputnl,Transport Coefficients,输运系数,integer,0,1,源码 `add_var_*` 注册说明为空；请结合所在逻辑组和下方源码使用位置判断。,选择各向同性热输运模型：0 温度依赖；1/2 磁通 tanh；3 反比于 `sqrt(p n)`；4 梯度依赖；5 预计算场；10/11 读 `profile_kappa`；12 专用模型；21 为 USEST 逻辑 rho。,,unstructured/input.f90,335,10,unstructured/transport.f90(8); unstructured/m3dc1_nint.f90(2),"源码引用 10 处；主要在 `transport.f90` 8处, `m3dc1_nint.f90` 2处。","unstructured/m3dc1_nint.f90:716: if(ikappafunc.eq.5) then
unstructured/m3dc1_nint.f90:1421: if(ikappafunc.eq.5) then
unstructured/transport.f90:1239: select case (ikappafunc)
unstructured/transport.f90:1315: if(ikappafunc.eq.10) then
unstructured/transport.f90:1332: if(ikappafunc.eq.10 .and. itemp.eq.0) temp79a = temp79a*nt79(:,OP_1)
unstructured/transport.f90:1352: if(myrank.eq.0) print *, 'ikappafunc = 21 requires igeometry = 1'
unstructured/transport.f90:1358: if(myrank.eq.0) print *, 'Error: invalid value for ikappafunc: ', ikappafunc
unstructured/transport.f90:1365: if(kappaf.ge.0. .and. gradp_crit.ne.0 .and. ikappafunc.ne.5) then
unstructured/transport.f90:1378: if(kappah.ne.0. .and. ikappafunc.ne.5) then
unstructured/transport.f90:1695: if(ikappafunc.eq.5 .or. ikapparfunc.eq.1 .or. ikapparfunc.eq.2) &"
63,ikapparfunc,ikapparfunc,&inputnl,Transport Coefficients,输运系数,integer,0,1,源码 `add_var_*` 注册说明为空；请结合所在逻辑组和下方源码使用位置判断。,选择平行热导：0 常数 `kappar`；1 用 `tcrit` 低温抑制；2 使用按 `Te^(5/2)` 计算并受上下限约束的预计算场。,,unstructured/input.f90,336,13,unstructured/m3dc1_nint.f90(3); unstructured/transport.f90(3); unstructured/input.f90(2); unstructured/ludef_t.f90(2); unstructured/ludef_t_gpu.f90(2); unstructured/temperature_plots.f90(1),"源码引用 13 处；主要在 `m3dc1_nint.f90` 3处, `transport.f90` 3处, `input.f90` 2处, `ludef_t.f90` 2处。","unstructured/input.f90:1448: if(itemp.eq.0 .and. ikapparfunc.eq.2) then
unstructured/input.f90:1449: if(myrank.eq.0) print *, ""ikapparfunc=2 not allowed with itemp=0""
unstructured/ludef_t.f90:4402: if(kappar.ne.0. .or. ikapparfunc.eq.2) then
unstructured/ludef_t.f90:4974: if(gyro.eq.1 .or. amupar.ne.0 .or. kappar.ne.0 .or. ikapparfunc.eq.2 .or. kinetic.ne.0) then
unstructured/ludef_t_gpu.f90:5028: if(kappar.ne.0. .or. ikapparfunc.eq.2) then
unstructured/ludef_t_gpu.f90:5634: if(gyro.eq.1 .or. amupar.ne.0 .or. kappar.ne.0 .or. ikapparfunc.eq.2 .or. kinetic.ne.0) then
unstructured/m3dc1_nint.f90:720: if(ikapparfunc.eq.1) fields = ior(fields,FIELD_TE)
unstructured/m3dc1_nint.f90:721: if(ikapparfunc.eq.2) then
unstructured/m3dc1_nint.f90:1516: else if(ikapparfunc.eq.2) then
unstructured/temperature_plots.f90:461: if(kappar.ne.0. .or. ikapparfunc.eq.2) then"
64,ikapscale,ikapscale,&inputnl,Transport Coefficients,输运系数,integer,0,1,源码 `add_var_*` 注册说明为空；请结合所在逻辑组和下方源码使用位置判断。,1 时令平行热导场按局部各向同性 `kappa` 缩放，即使用 `kappar*kappa(x)`；0 时按 `ikapparfunc` 单独构造。,,unstructured/input.f90,337,1,unstructured/m3dc1_nint.f90(1),源码引用 1 处；主要在 `m3dc1_nint.f90` 1处。,unstructured/m3dc1_nint.f90:1514: if(ikapscale.eq.1) then
65,ikappar_ni,ikappar_ni,&inputnl,Transport Coefficients,输运系数,integer,1,1,Include 1/n terms in parallel heat flux,,,unstructured/input.f90,338,2,unstructured/ludef_t.f90(1); unstructured/parallel_heat_flux.f90(1),"源码引用 2 处；主要在 `ludef_t.f90` 1处, `parallel_heat_flux.f90` 1处。","unstructured/ludef_t.f90:3948: if(ikappar_ni.eq.1) then
unstructured/parallel_heat_flux.f90:183: if(ikappar_ni.eq.1) temp79a = temp79a*ni79(:,OP_1)"
66,kappaoff,kappaoff,&inputnl,Transport Coefficients,输运系数,real,0.,1,源码 `add_var_*` 注册说明为空；请结合所在逻辑组和下方源码使用位置判断。,`ikappafunc=1/2/21` 的热导 tanh 过渡中心；坐标分别为磁通或 USEST 逻辑 rho。,,unstructured/input.f90,340,3,unstructured/transport.f90(3),源码引用 3 处；主要在 `transport.f90` 3处。,"unstructured/transport.f90:1253: tanh((real(pst79(:,OP_1))-(psilim+kappaoff*(psilim-psimin)))&
unstructured/transport.f90:1266: (1. + tanh((real(temp79b) - kappaoff)/kappadelt))
unstructured/transport.f90:1350: (1. + tanh((temp79b-(1.+kappaoff))/kappadelt))"
67,kappadelt,kappadelt,&inputnl,Transport Coefficients,输运系数,real,0.,1,源码 `add_var_*` 注册说明为空；请结合所在逻辑组和下方源码使用位置判断。,,,unstructured/input.f90,341,6,unstructured/transport.f90(6),源码引用 6 处；主要在 `transport.f90` 6处。,"unstructured/transport.f90:1254: /(kappadelt*(psilim-psimin))))
unstructured/transport.f90:1266: (1. + tanh((real(temp79b) - kappaoff)/kappadelt))
unstructured/transport.f90:1282: temp79a = kappa0*(1. + kappadelt*(tet79(:,OP_DR)*tet79(:,OP_DR) &
unstructured/transport.f90:1285: if(itor.eq.1) temp79a = temp79a + kappa0*kappadelt*tet79(:,OP_DP)*tet79(:,OP_DP)*ri2_79
unstructured/transport.f90:1297: temp79a = kappa0*(1. + kappadelt* &
unstructured/transport.f90:1350: (1. + tanh((temp79b-(1.+kappaoff))/kappadelt))"
68,kappat,kappat,&inputnl,Transport Coefficients,输运系数,real,0.,1,Isotropic thermal conductivity,,,unstructured/input.f90,342,10,unstructured/m3dc1_nint.f90(3); unstructured/transport.f90(3); unstructured/read_namelist.cpp(2); unstructured/mackenbach_profiles.f90(1); unstructured/output.f90(1),"源码引用 10 处；主要在 `m3dc1_nint.f90` 3处, `transport.f90` 3处, `read_namelist.cpp` 2处, `mackenbach_profiles.f90` 1处。","unstructured/m3dc1_nint.f90:1432: where(real(temp79b).gt.(kappa0/(kappa_max-kappat)))
unstructured/m3dc1_nint.f90:1458: kap79(:,OP_1) = kap79(:,OP_1) + kappat
unstructured/m3dc1_nint.f90:1460: where(real(temp79b).le.(kappa0/(kappa_max-kappat)))
unstructured/mackenbach_profiles.f90:546: print *, ""kappat = "", kappa0/ 2.18122e+26
unstructured/output.f90:292: call write_real_attr(root_id, ""kappat"" , kappat, error)
unstructured/read_namelist.cpp:608: double kappat, amu, nowhere, etar;
unstructured/read_namelist.cpp:621: add_variable_double_(""kappat"", &kappat, &def,
unstructured/transport.f90:1306: temp79a = kap79(:,OP_1) - kappat
unstructured/transport.f90:1340: val = kappa0*basicj_dscale(rsq) - kappat
unstructured/transport.f90:1362: temp79a = temp79a + kappat"
69,kappa0,kappa0,&inputnl,Transport Coefficients,输运系数,real,0.,1,源码 `add_var_*` 注册说明为空；请结合所在逻辑组和下方源码使用位置判断。,所选各向同性热导函数的可变部分幅值；最终系数通常还加常数 `kappat`。,,unstructured/input.f90,344,22,unstructured/transport.f90(11); unstructured/mackenbach_profiles.f90(5); unstructured/m3dc1_nint.f90(4); unstructured/init_basicq.f90(1); unstructured/output.f90(1),"源码引用 22 处；主要在 `transport.f90` 11处, `mackenbach_profiles.f90` 5处, `m3dc1_nint.f90` 4处, `init_basicq.f90` 1处。","unstructured/init_basicq.f90:31: kappa_qp = kappa0
unstructured/m3dc1_nint.f90:1423: if(izone.eq.1. .and. kappa0.gt.0) then
unstructured/m3dc1_nint.f90:1432: where(real(temp79b).gt.(kappa0/(kappa_max-kappat)))
unstructured/m3dc1_nint.f90:1457: kap79 = kap79*kappa0
unstructured/m3dc1_nint.f90:1460: where(real(temp79b).le.(kappa0/(kappa_max-kappat)))
unstructured/mackenbach_profiles.f90:404: kappa0 = 1E22 ! Heat diffusivity
unstructured/mackenbach_profiles.f90:429: T0 = (eta0**0.4*gamma**0.4*Ip**0.8)/(a**0.8*kappa0**0.4*(2*pi)**0.8*(abs(beta*gamma*p_tot - k(1.0)*t1))**0.8)
unstructured/mackenbach_profiles.f90:430: VL = (2*2**0.2*eta0**0.4*gamma**0.4*kappa0**0.6*pi**1.2*R0*(abs(beta*gamma*p_tot - k(1.0)*t1))**0.2)/(a**0.8*Ip**0.2)
unstructured/mackenbach_profiles.f90:504: write(5,*) a*rho_arr(write_idx), kappa0*k(rho_arr(write_idx))
unstructured/mackenbach_profiles.f90:546: print *, ""kappat = "", kappa0/ 2.18122e+26"
70,kappar,kappar,&inputnl,Transport Coefficients,输运系数,real,0.,1,Parallel thermal conductivity,,,unstructured/input.f90,345,23,unstructured/ludef_t.f90(4); unstructured/ludef_t_gpu.f90(4); unstructured/input.f90(3); unstructured/transport.f90(3); unstructured/metricterms_new.f90(2); unstructured/metricterms_new_gpu.f90(2); unstructured/output.f90(2); unstructured/m3dc1_nint.f90(1),"源码引用 23 处；主要在 `ludef_t.f90` 4处, `ludef_t_gpu.f90` 4处, `input.f90` 3处, `transport.f90` 3处。","unstructured/input.f90:1801: if(kappa_max.le.0.) kappa_max = kappar
unstructured/input.f90:1802: if(kappar_max.le.0.) kappar_max = kappar
unstructured/input.f90:1803: if(kappar_min.le.0.) kappar_min = kappar
unstructured/ludef_t.f90:3900: if(kappar.ne.0.) then
unstructured/ludef_t.f90:4402: if(kappar.ne.0. .or. ikapparfunc.eq.2) then
unstructured/ludef_t.f90:4644: if(kappar.ne.0.) then
unstructured/ludef_t.f90:4974: if(gyro.eq.1 .or. amupar.ne.0 .or. kappar.ne.0 .or. ikapparfunc.eq.2 .or. kinetic.ne.0) then
unstructured/ludef_t_gpu.f90:4442: if(kappar.ne.0.) then
unstructured/ludef_t_gpu.f90:5028: if(kappar.ne.0. .or. ikapparfunc.eq.2) then
unstructured/ludef_t_gpu.f90:5303: if(kappar.ne.0.) then"
71,kappari_fac,kappari_fac,&inputnl,Transport Coefficients,输运系数,real,1.,1,Ion parallel thermal conductivity factor,,,unstructured/input.f90,347,2,unstructured/ludef_t.f90(1); unstructured/ludef_t_gpu.f90(1),"源码引用 2 处；主要在 `ludef_t.f90` 1处, `ludef_t_gpu.f90` 1处。","unstructured/ludef_t.f90:4405: if(numvar.ge.3 .and. ipres.eq.1 .and. (.not. electron_temperature)) fac = kappari_fac
unstructured/ludef_t_gpu.f90:5031: if(numvar.ge.3 .and. ipres.eq.1 .and. (.not. electron_temperature)) fac = kappari_fac"
72,tcrit,tcrit,&inputnl,Transport Coefficients,输运系数,real,0.,1,源码 `add_var_*` 注册说明为空；请结合所在逻辑组和下方源码使用位置判断。,`ikapparfunc=1` 的低温转折温度，平行热导为 `kappar/[1+(tcrit/Te)^(5/2)]`。,,unstructured/input.f90,349,1,unstructured/transport.f90(1),源码引用 1 处；主要在 `transport.f90` 1处。,"unstructured/transport.f90:1407: temp79a = kappar/( (tcrit/tet79(:,OP_1))**2.5 + 1.)"
73,k_fac,k_fac,&inputnl,Transport Coefficients,输运系数,real,1.,1,multiplies toroidal field in denominator of PTC,,,unstructured/input.f90,350,3,unstructured/m3dc1_nint.f90(3),源码引用 3 处；主要在 `m3dc1_nint.f90` 3处。,"unstructured/m3dc1_nint.f90:1172: (pstx79(:,OP_DR)**2 + pstx79(:,OP_DZ)**2 + k_fac*bztx79(:,OP_1)**2)
unstructured/m3dc1_nint.f90:1187: +k_fac*bztx79(:,OP_1 )*bztx79(:,OP_DR ))
unstructured/m3dc1_nint.f90:1190: +k_fac*bztx79(:,OP_1 )*bztx79(:,OP_DZ ))"
74,kappax,kappax,&inputnl,Transport Coefficients,输运系数,real,0.,1,源码 `add_var_*` 注册说明为空；请结合所在逻辑组和下方源码使用位置判断。,交叉场热输运系数；普通 CPU、非 USEPARTICLES 方程中耦合压力与环向磁场，GPU 对应块被注释，USEPARTICLES 路径也排除该项。,,unstructured/input.f90,352,3,unstructured/ludef_t.f90(2); unstructured/m3dc1_nint.f90(1),"源码引用 3 处；主要在 `ludef_t.f90` 2处, `m3dc1_nint.f90` 1处。","unstructured/ludef_t.f90:3886: if(kappax.ne.0.) then
unstructured/ludef_t.f90:4389: if(kappax.ne.0.) then
unstructured/m3dc1_nint.f90:1558: kax79(:,OP_1) = kappax"
75,kappah,kappah,&inputnl,Transport Coefficients,输运系数,real,0.,1,源码 `add_var_*` 注册说明为空；请结合所在逻辑组和下方源码使用位置判断。,在各向同性热导上附加边界层 `kappah*tanh^2[(psi_N-1)/0.2]`；`ikappafunc=5` 时不加。,,unstructured/input.f90,353,10,unstructured/m3dc1_nint.f90(8); unstructured/transport.f90(2),"源码引用 10 处；主要在 `m3dc1_nint.f90` 8处, `transport.f90` 2处。","unstructured/m3dc1_nint.f90:1474: if(kappah.ne.0.) then
unstructured/m3dc1_nint.f90:1478: kap79(:,OP_1) = kap79(:,OP_1) + kappah*temp79a**2
unstructured/m3dc1_nint.f90:1480: + kappah*temp79a*temp79b**2*tm79(:,OP_DR)
unstructured/m3dc1_nint.f90:1482: + kappah*temp79a*temp79b**2*tm79(:,OP_DZ)
unstructured/m3dc1_nint.f90:1484: + kappah*(temp79a*temp79b**2*tm79(:,OP_DRR) &
unstructured/m3dc1_nint.f90:1488: + kappah*(temp79a*temp79b**2*tm79(:,OP_DRZ) &
unstructured/m3dc1_nint.f90:1492: + kappah*(temp79a*temp79b**2*tm79(:,OP_DZZ) &
unstructured/m3dc1_nint.f90:1497: + kappah*temp79a*temp79b**2*tm79(:,OP_DP)
unstructured/transport.f90:1378: if(kappah.ne.0. .and. ikappafunc.ne.5) then
unstructured/transport.f90:1380: temp79a = kappah*tanh((real(temp79b) - 1.)/.2)**2"
76,kappag,kappag,&inputnl,Transport Coefficients,输运系数,real,0.,1,Thermal diffusion proportional to pressure gradient,CPU 压力方程中的非线性梯度热流系数，形式含 `-kappag*|grad(p)|^2 grad(p)` 与阈值补偿项；GPU 对应块被注释。当前阈值掩码实际比较 `p^2` 与 `gradp_crit^2`。,,unstructured/input.f90,354,6,unstructured/metricterms_new.f90(2); unstructured/metricterms_new_gpu.f90(2); unstructured/input.f90(1); unstructured/ludef_t.f90(1),"源码引用 6 处；主要在 `metricterms_new.f90` 2处, `metricterms_new_gpu.f90` 2处, `input.f90` 1处, `ludef_t.f90` 1处。","unstructured/input.f90:359: ""Critical pressure gradient in kappag/kappaf models"", transp_grp)
unstructured/ludef_t.f90:3756: if(kappag.ne.0) then
unstructured/metricterms_new.f90:8851: b3pppkappag = (gam-1.)*kappag*temp
unstructured/metricterms_new.f90:8881: b3pkappag = -gradp_crit**2*(gam-1.)*kappag*temp
unstructured/metricterms_new_gpu.f90:18159: b3pppkappag = (gam-1.)*kappag*temp
unstructured/metricterms_new_gpu.f90:18194: b3pkappag = -gradp_crit**2*(gam-1.)*kappag*temp"
77,kappaf,kappaf,&inputnl,Transport Coefficients,输运系数,real,1.,1,Factor to multiply kappa when grad(p) < gradp_crit,,,unstructured/input.f90,356,5,unstructured/m3dc1_nint.f90(2); unstructured/transport.f90(2); unstructured/input.f90(1),"源码引用 5 处；主要在 `m3dc1_nint.f90` 2处, `transport.f90` 2处, `input.f90` 1处。","unstructured/input.f90:359: ""Critical pressure gradient in kappag/kappaf models"", transp_grp)
unstructured/m3dc1_nint.f90:1464: if(kappaf.ge.0. .and. gradp_crit.ne.0) then
unstructured/m3dc1_nint.f90:1470: where(real(temp79a).lt.gradp_crit**2) kap79(:,i) = kap79(:,i) * kappaf
unstructured/transport.f90:1365: if(kappaf.ge.0. .and. gradp_crit.ne.0 .and. ikappafunc.ne.5) then
unstructured/transport.f90:1371: temp79a = temp79a * kappaf"
78,gradp_crit,gradp_crit,&inputnl,Transport Coefficients,输运系数,real,0.,1,Critical pressure gradient in kappag/kappaf models,,,unstructured/input.f90,358,8,unstructured/m3dc1_nint.f90(2); unstructured/transport.f90(2); unstructured/input.f90(1); unstructured/ludef_t.f90(1); unstructured/metricterms_new.f90(1); unstructured/metricterms_new_gpu.f90(1),"源码引用 8 处；主要在 `m3dc1_nint.f90` 2处, `transport.f90` 2处, `input.f90` 1处, `ludef_t.f90` 1处。","unstructured/input.f90:357: ""Factor to multiply kappa when grad(p) < gradp_crit"", transp_grp)
unstructured/ludef_t.f90:3771: where(real(ppt79(:,OP_1)**2) .lt. gradp_crit**2)
unstructured/m3dc1_nint.f90:1464: if(kappaf.ge.0. .and. gradp_crit.ne.0) then
unstructured/m3dc1_nint.f90:1470: where(real(temp79a).lt.gradp_crit**2) kap79(:,i) = kap79(:,i) * kappaf
unstructured/metricterms_new.f90:8881: b3pkappag = -gradp_crit**2*(gam-1.)*kappag*temp
unstructured/metricterms_new_gpu.f90:18194: b3pkappag = -gradp_crit**2*(gam-1.)*kappag*temp
unstructured/transport.f90:1365: if(kappaf.ge.0. .and. gradp_crit.ne.0 .and. ikappafunc.ne.5) then
unstructured/transport.f90:1370: where(real(temp79b).lt.gradp_crit**2)"
79,kappa_max,kappa_max,&inputnl,Transport Coefficients,输运系数,real,0.,1,Maximum value of kappa in the plasma region,若 <=0，校验阶段置为 `kappar`。 运行时默认：`kappa_max<=0` 时改为 `kappar`。,,unstructured/input.f90,360,6,unstructured/m3dc1_nint.f90(5); unstructured/input.f90(1),"源码引用 6 处；主要在 `m3dc1_nint.f90` 5处, `input.f90` 1处。","unstructured/input.f90:1801: if(kappa_max.le.0.) kappa_max = kappar
unstructured/m3dc1_nint.f90:1432: where(real(temp79b).gt.(kappa0/(kappa_max-kappat)))
unstructured/m3dc1_nint.f90:1460: where(real(temp79b).le.(kappa0/(kappa_max-kappat)))
unstructured/m3dc1_nint.f90:1461: kap79(:,OP_1) = kappa_max
unstructured/m3dc1_nint.f90:1505: where(real(temp79a).gt.kappa_max) kap79(:,i) = 0.
unstructured/m3dc1_nint.f90:1507: where(real(temp79a).gt.kappa_max) kap79(:,OP_1) = kappa_max"
80,kappar_max,kappar_max,&inputnl,Transport Coefficients,输运系数,real,0.,1,Maximum value of kappa in the plasma region,若 <=0，校验阶段置为 `kappar`。 运行时默认：`kappar_max<=0` 时改为 `kappar`。,,unstructured/input.f90,362,5,unstructured/m3dc1_nint.f90(4); unstructured/input.f90(1),"源码引用 5 处；主要在 `m3dc1_nint.f90` 4处, `input.f90` 1处。","unstructured/input.f90:1802: if(kappar_max.le.0.) kappar_max = kappar
unstructured/m3dc1_nint.f90:1522: kar79(:,OP_1) = kappar_max / krfac
unstructured/m3dc1_nint.f90:1528: kr_tmax = (kappar_max/krfac)**0.4
unstructured/m3dc1_nint.f90:1530: where(real(temp79b).lt.(kappar_max/krfac)**0.4 .and. &
unstructured/m3dc1_nint.f90:1551: where(real(kar79(:,OP_1)).gt.kappar_max) kar79(:,OP_1) = kappar_max"
81,kappar_min,kappar_min,&inputnl,Transport Coefficients,输运系数,real,0.,1,Maximum value of kappa in the plasma region,若 <=0，校验阶段置为 `kappar`。 运行时默认：`kappar_min<=0` 时改为 `kappar`。,,unstructured/input.f90,364,4,unstructured/m3dc1_nint.f90(3); unstructured/input.f90(1),"源码引用 4 处；主要在 `m3dc1_nint.f90` 3处, `input.f90` 1处。","unstructured/input.f90:1803: if(kappar_min.le.0.) kappar_min = kappar
unstructured/m3dc1_nint.f90:1527: kr_tmin = (kappar_min/krfac)**0.4
unstructured/m3dc1_nint.f90:1531: real(temp79b).gt.(kappar_min/krfac)**0.4)
unstructured/m3dc1_nint.f90:1550: where(real(kar79(:,OP_1)).lt.kappar_min) kar79(:,OP_1) = kappar_min"
82,temin_qd,temin_qd,&inputnl,Transport Coefficients,输运系数,real,0.,1,Min. Temp. used in Equipartition term for ipres=1,,,unstructured/input.f90,366,1,unstructured/newpar.f90(1),源码引用 1 处；主要在 `newpar.f90` 1处。,"unstructured/newpar.f90:1593: temp79a = max(temin_qd,real(tet79(:,OP_1)))"
83,kappai_fac,kappai_fac,&inputnl,Transport Coefficients,输运系数,real,1.,1,Factor to multiply kappa when evaluating ion perp. thermal diffusivity,,,unstructured/input.f90,368,9,unstructured/input.f90(2); unstructured/ludef_t.f90(2); unstructured/ludef_t_gpu.f90(2); unstructured/metricterms_new.f90(1); unstructured/metricterms_new_gpu.f90(1); unstructured/temperature_plots.f90(1),"源码引用 9 处；主要在 `input.f90` 2处, `ludef_t.f90` 2处, `ludef_t_gpu.f90` 2处, `metricterms_new.f90` 1处。","unstructured/input.f90:1775: if(itemp.eq.0 .and. kappai_fac.ne.1.) then
unstructured/input.f90:1776: if(myrank.eq.0) print *, 'Error: kappai_fac must equal 1 when itemp=0.'
unstructured/ludef_t.f90:4292: tempx = (1. + kappai_fac*(1.-pefac)/pefac)*tempx
unstructured/ludef_t.f90:4295: tempx = tempx * kappai_fac
unstructured/ludef_t_gpu.f90:4920: temp = (1. + kappai_fac*(1.-pefac)/pefac)*temp
unstructured/ludef_t_gpu.f90:4923: temp = kappai_fac*temp
unstructured/metricterms_new.f90:11546: - kappai_fac*( int3(kap79(:,OP_1),norm79(:,1),tit79(:,OP_DR)) &
unstructured/metricterms_new_gpu.f90:22089: - kappai_fac*( int3(kap79(:,OP_1),norm79(:,1),tit79(:,OP_DR)) &
unstructured/temperature_plots.f90:157: dofs = (1.+kappai_fac*(1.-pefac)/pefac)*dofs"
84,idenmfunc,idenmfunc,&inputnl,Transport Coefficients,输运系数,integer,0,1,源码 `add_var_*` 注册说明为空；请结合所在逻辑组和下方源码使用位置判断。,选择主离子密度扩散：0 常数 `denm`；1 使用预计算温度依赖场并限幅；10/11 从 `profile_denm` 读 SI/归一化剖面。,,unstructured/input.f90,371,6,unstructured/transport.f90(4); unstructured/m3dc1_nint.f90(2),"源码引用 6 处；主要在 `transport.f90` 4处, `m3dc1_nint.f90` 2处。","unstructured/m3dc1_nint.f90:731: if(idenmfunc.eq.1) then
unstructured/m3dc1_nint.f90:1353: if(idenmfunc.eq.1) then
unstructured/transport.f90:1441: select case (idenmfunc)
unstructured/transport.f90:1459: if(idenmfunc.eq.10) then
unstructured/transport.f90:1478: if(myrank.eq.0) print *, 'Error: invalid value for idenmfunc: ', idenmfunc
unstructured/transport.f90:1694: if(idenmfunc.eq.1) def_fields = def_fields + FIELD_DENM"
85,denm,denm,&inputnl,Transport Coefficients,输运系数,real,0.,1,Density diffusion coefficient,,,unstructured/input.f90,372,11,unstructured/m3dc1_nint.f90(5); unstructured/output.f90(2); unstructured/transport.f90(2); unstructured/diagnostics.f90(1); unstructured/newpar.f90(1),"源码引用 11 处；主要在 `m3dc1_nint.f90` 5处, `output.f90` 2处, `transport.f90` 2处, `diagnostics.f90` 1处。","unstructured/diagnostics.f90:1097: nfluxd = nfluxd - twopi*denm* &
unstructured/m3dc1_nint.f90:1351: if(itri.eq.1 .and. myrank.eq.0 .and. iprint.ge.2) print *, "" denm...""
unstructured/m3dc1_nint.f90:1363: where(real(temp79b).gt.(denmt/(denmmax-denm)))
unstructured/m3dc1_nint.f90:1389: denm79(:,OP_1) = denm79(:,OP_1) + denm
unstructured/m3dc1_nint.f90:1391: where((denmmax-denm)*real(temp79b).le.denmt)
unstructured/m3dc1_nint.f90:1394: where((denmmin-denm)*real(temp79b).ge.denmt)
unstructured/newpar.f90:1357: call create_field(denm_field, ""denm"")
unstructured/output.f90:293: call write_real_attr(root_id, ""denm"" , denm, error)
unstructured/output.f90:1270: call write_field(group_id, ""denm"", denm_field, nelms, error, .true.)
unstructured/transport.f90:1443: temp79a = denm"
86,denmt,denmt,&inputnl,Transport Coefficients,输运系数,real,0.,1,Temperature dependent density diffusion coefficient,,,unstructured/input.f90,374,5,unstructured/m3dc1_nint.f90(5),源码引用 5 处；主要在 `m3dc1_nint.f90` 5处。,"unstructured/m3dc1_nint.f90:1355: if(izone.eq.1. .and. denmt.gt.0) then
unstructured/m3dc1_nint.f90:1363: where(real(temp79b).gt.(denmt/(denmmax-denm)))
unstructured/m3dc1_nint.f90:1388: denm79 = denm79*denmt
unstructured/m3dc1_nint.f90:1391: where((denmmax-denm)*real(temp79b).le.denmt)
unstructured/m3dc1_nint.f90:1394: where((denmmin-denm)*real(temp79b).ge.denmt)"
87,denmmin,denmmin,&inputnl,Transport Coefficients,输运系数,real,0.,1,Minimum density diffusion coefficient,,,unstructured/input.f90,376,5,unstructured/m3dc1_nint.f90(4); unstructured/transport.f90(1),"源码引用 5 处；主要在 `m3dc1_nint.f90` 4处, `transport.f90` 1处。","unstructured/m3dc1_nint.f90:1394: where((denmmin-denm)*real(temp79b).ge.denmt)
unstructured/m3dc1_nint.f90:1395: denm79(:,OP_1) = denmmin
unstructured/m3dc1_nint.f90:1403: where(real(temp79a).lt.denmmin) denm79(:,i) = 0.
unstructured/m3dc1_nint.f90:1406: where(real(temp79a).lt.denmmin) denm79(:,OP_1) = denmmin
unstructured/transport.f90:1450: temp79a = max(real(temp79a),denmmin)"
88,denmmax,denmmax,&inputnl,Transport Coefficients,输运系数,real,1.e6,1,Maximum density diffusion coefficient,,,unstructured/input.f90,378,6,unstructured/m3dc1_nint.f90(5); unstructured/transport.f90(1),"源码引用 6 处；主要在 `m3dc1_nint.f90` 5处, `transport.f90` 1处。","unstructured/m3dc1_nint.f90:1363: where(real(temp79b).gt.(denmt/(denmmax-denm)))
unstructured/m3dc1_nint.f90:1391: where((denmmax-denm)*real(temp79b).le.denmt)
unstructured/m3dc1_nint.f90:1392: denm79(:,OP_1) = denmmax
unstructured/m3dc1_nint.f90:1402: where(real(temp79a).gt.denmmax) denm79(:,i) = 0.
unstructured/m3dc1_nint.f90:1405: where(real(temp79a).gt.denmmax) denm79(:,OP_1) = denmmax
unstructured/transport.f90:1449: temp79a = min(real(temp79a),denmmax)"
316,deex,deex,&inputnl,Hyper Diffusivity,超扩散,real,1.,1,源码 `add_var_*` 注册说明为空；请结合所在逻辑组和下方源码使用位置判断。,超扩散的参考长度/网格尺度；当 `ihypdx!=0` 时所有 hyper 输入乘 `deex^ihypdx`。,,unstructured/input.f90,785,1,unstructured/m3dc1_nint.f90(1),源码引用 1 处；主要在 `m3dc1_nint.f90` 1处。,unstructured/m3dc1_nint.f90:656: fac = deex**ihypdx
317,hyper,hyper,&inputnl,Hyper Diffusivity,超扩散,real,0.,1,源码 `add_var_*` 注册说明为空；请结合所在逻辑组和下方源码使用位置判断。,磁通/极向磁场方程的超电阻率系数，抑制高波数电流结构；0 关闭该项。,,unstructured/input.f90,786,10,unstructured/input.f90(3); unstructured/diagnostics.f90(1); unstructured/ludef_t.f90(1); unstructured/ludef_t_gpu.f90(1); unstructured/m3dc1_nint.f90(1); unstructured/newpar.f90(1); unstructured/newvar.f90(1); unstructured/output.f90(1),"源码引用 10 处；主要在 `input.f90` 3处, `diagnostics.f90` 1处, `ludef_t.f90` 1处, `ludef_t_gpu.f90` 1处。","unstructured/diagnostics.f90:792: if(hyper.eq.0.) def_fields = def_fields + FIELD_J
unstructured/input.f90:195: call add_group(""Hyper Diffusivity"", hyper_grp)
unstructured/input.f90:795: ""1: implicit hyper-resistivity in psi equation"", hyper_grp)
unstructured/input.f90:1484: if(jadv.eq.1 .and. hyper.ne.0) &
unstructured/ludef_t.f90:4979: if(hyper.eq.0.) def_fields = def_fields + FIELD_J
unstructured/ludef_t_gpu.f90:5639: if(hyper.eq.0.) def_fields = def_fields + FIELD_J
unstructured/m3dc1_nint.f90:658: hypf = hyper *fac
unstructured/newpar.f90:678: if(jadv.eq.0 .or. hyper.eq.0. .or. (jadv.eq.1 .and. imp_hyper.ge.1)) return
unstructured/newvar.f90:113: if(jadv.eq.1 .and. hyper.ne.0. .and. imp_hyper.eq.0) then
unstructured/output.f90:295: call write_real_attr(root_id, ""hyper"" , hyper, error)"
318,hyperc,hyperc,&inputnl,Hyper Diffusivity,超扩散,real,0.,1,源码 `add_var_*` 注册说明为空；请结合所在逻辑组和下方源码使用位置判断。,压缩/极向速度势方程的超粘性系数；只在相应速度未知量存在时生效。,,unstructured/input.f90,787,4,unstructured/hypervisc.f90(1); unstructured/input.f90(1); unstructured/m3dc1_nint.f90(1); unstructured/output.f90(1),"源码引用 4 处；主要在 `hypervisc.f90` 1处, `input.f90` 1处, `m3dc1_nint.f90` 1处, `output.f90` 1处。","unstructured/hypervisc.f90:41: if(hyperc.eq.0. .and. hyperv.eq.0.) return
unstructured/input.f90:1482: if(hyperc.ne.0.) &
unstructured/m3dc1_nint.f90:661: hypc = hyperc*fac
unstructured/output.f90:298: call write_real_attr(root_id, ""hyperc"" , hyperc, error)"
319,hyperi,hyperi,&inputnl,Hyper Diffusivity,超扩散,real,0.,1,源码 `add_var_*` 注册说明为空；请结合所在逻辑组和下方源码使用位置判断。,环向磁场未知量的超扩散系数；`numvar>=2` 才有对应场。,,unstructured/input.f90,788,2,unstructured/m3dc1_nint.f90(1); unstructured/output.f90(1),"源码引用 2 处；主要在 `m3dc1_nint.f90` 1处, `output.f90` 1处。","unstructured/m3dc1_nint.f90:659: hypi = hyperi*fac
unstructured/output.f90:296: call write_real_attr(root_id, ""hyperi"" , hyperi, error)"
320,hyperp,hyperp,&inputnl,Hyper Diffusivity,超扩散,real,0.,1,源码 `add_var_*` 注册说明为空；请结合所在逻辑组和下方源码使用位置判断。,压力或温度方程的超扩散系数；需要实际推进压力/温度未知量。,,unstructured/input.f90,789,2,unstructured/m3dc1_nint.f90(1); unstructured/output.f90(1),"源码引用 2 处；主要在 `m3dc1_nint.f90` 1处, `output.f90` 1处。","unstructured/m3dc1_nint.f90:662: hypp = hyperp*fac
unstructured/output.f90:299: call write_real_attr(root_id, ""hyperp"" , hyperp, error)"
321,hyperv,hyperv,&inputnl,Hyper Diffusivity,超扩散,real,0.,1,源码 `add_var_*` 注册说明为空；请结合所在逻辑组和下方源码使用位置判断。,环向速度方程的超粘性系数；`numvar>=2` 且速度未冻结时使用。,,unstructured/input.f90,790,3,unstructured/hypervisc.f90(1); unstructured/m3dc1_nint.f90(1); unstructured/output.f90(1),"源码引用 3 处；主要在 `hypervisc.f90` 1处, `m3dc1_nint.f90` 1处, `output.f90` 1处。","unstructured/hypervisc.f90:41: if(hyperc.eq.0. .and. hyperv.eq.0.) return
unstructured/m3dc1_nint.f90:660: hypv = hyperv*fac
unstructured/output.f90:297: call write_real_attr(root_id, ""hyperv"" , hyperv, error)"
322,ihypdx,ihypdx,&inputnl,Hyper Diffusivity,超扩散,integer,0,1,源码 `add_var_*` 注册说明为空；请结合所在逻辑组和下方源码使用位置判断。,hyper 系数的长度缩放指数：0 不缩放，非零时 `lambda_eff=lambda_input*deex^ihypdx`。当前默认 0。,,unstructured/input.f90,791,2,unstructured/m3dc1_nint.f90(2),源码引用 2 处；主要在 `m3dc1_nint.f90` 2处。,"unstructured/m3dc1_nint.f90:653: if(ihypdx.eq.0) then
unstructured/m3dc1_nint.f90:656: fac = deex**ihypdx"
323,ihypeta,ihypeta,&inputnl,Hyper Diffusivity,超扩散,integer,1,1,源码 `add_var_*` 注册说明为空；请结合所在逻辑组和下方源码使用位置判断。,磁超扩散的空间乘子：0 常数；1 乘电阻率；2 乘压力；大于 2 使用压力与指定磁扰动谐波构造乘子，并要求不超过 `ibh_harmonics`。,,unstructured/input.f90,792,66,unstructured/metricterms_new_gpu.f90(31); unstructured/metricterms_new.f90(28); unstructured/input.f90(4); unstructured/electrostatic_potential.f90(2); unstructured/diagnostics.f90(1),"源码引用 66 处；主要在 `metricterms_new_gpu.f90` 31处, `metricterms_new.f90` 28处, `input.f90` 4处, `electrostatic_potential.f90` 2处。","unstructured/diagnostics.f90:3064: if(ihypeta.gt.2) bharhypeta = bharmonic(ihypeta)
unstructured/electrostatic_potential.f90:108: if(ihypeta.eq.0) then
unstructured/electrostatic_potential.f90:191: if(ihypeta.eq.1) then
unstructured/input.f90:1831: if(ihypeta.gt.2) then
unstructured/input.f90:1833: if(ihypeta .gt. ibh_harmonics) then
unstructured/input.f90:1834: if(myrank.eq.0) print *, 'Error: ihypeta > ibh_harmonics', &
unstructured/input.f90:1835: ihypeta, ibh_harmonics
unstructured/metricterms_new.f90:6116: if(ihypeta.eq.1) then
unstructured/metricterms_new.f90:6215: if(ihypeta.eq.1) then
unstructured/metricterms_new.f90:6267: if(ihypeta.eq.0) then"
324,ihypkappa,ihypkappa,&inputnl,Hyper Diffusivity,超扩散,integer,1,1,源码 `add_var_*` 注册说明为空；请结合所在逻辑组和下方源码使用位置判断。,1 时压力/温度 hyper 系数乘局部热导率，0 时保持输入常数。,,unstructured/input.f90,793,9,unstructured/metricterms_new_gpu.f90(5); unstructured/metricterms_new.f90(4),"源码引用 9 处；主要在 `metricterms_new_gpu.f90` 5处, `metricterms_new.f90` 4处。","unstructured/metricterms_new.f90:8724: if(ihypkappa.eq.1) then
unstructured/metricterms_new.f90:8783: if(ihypkappa.eq.1) then
unstructured/metricterms_new.f90:8937: if(ihypkappa.eq.1) then
unstructured/metricterms_new.f90:9066: if(ihypkappa.eq.1) then
unstructured/metricterms_new_gpu.f90:17994: if(ihypkappa.eq.1) then
unstructured/metricterms_new_gpu.f90:18050: if(ihypkappa.eq.1) then
unstructured/metricterms_new_gpu.f90:18263: if(ihypkappa.eq.1) then
unstructured/metricterms_new_gpu.f90:18417: if(ihypkappa.eq.1) then
unstructured/metricterms_new_gpu.f90:18468: if(ihypkappa.eq.1) then"
325,imp_hyper,imp_hyper,&inputnl,Hyper Diffusivity,超扩散,integer,0,1,1: implicit hyper-resistivity in psi equation,,,unstructured/input.f90,794,44,unstructured/ludef_t.f90(10); unstructured/metricterms_new_gpu.f90(8); unstructured/time_step_split.f90(6); unstructured/ludef_t_gpu.f90(5); unstructured/metricterms_new.f90(4); unstructured/time_step_unsplit.f90(4); unstructured/model.f90(2); unstructured/newpar.f90(1),"源码引用 44 处；主要在 `ludef_t.f90` 10处, `metricterms_new_gpu.f90` 8处, `time_step_split.f90` 6处, `ludef_t_gpu.f90` 5处。","unstructured/ludef_t.f90:2016: if(jadv.eq.1 .and. imp_hyper.eq.1) then
unstructured/ludef_t.f90:2022: if(jadv.eq.1 .and. imp_hyper.eq.2) then
unstructured/ludef_t.f90:2029: if(jadv.eq.1 .and. imp_hyper.eq.2) then
unstructured/ludef_t.f90:2853: if(imp_hyper.eq.2) then
unstructured/ludef_t.f90:2859: if(imp_hyper.eq.2) then
unstructured/ludef_t.f90:4858: select case(imp_hyper)
unstructured/ludef_t.f90:5431: if((jadv.eq.0).or.(jadv.eq.1 .and. imp_hyper.ge.1)) &
unstructured/ludef_t.f90:5444: if((jadv.eq.0).or.(jadv.eq.1 .and. imp_hyper.ge.1)) then
unstructured/ludef_t.f90:5451: if((jadv.eq.0).or.(jadv.eq.1 .and. imp_hyper.ge.1)) then
unstructured/ludef_t.f90:5565: if((jadv.eq.0) .or. (jadv.eq.1 .and. imp_hyper.ge.1)) then"
326,isurface,isurface,&inputnl,Boundary Conditions,边界条件,integer,1,1,源码 `add_var_*` 注册说明为空；请结合所在逻辑组和下方源码使用位置判断。,控制分部积分后 Galerkin 弱式中的外边界表面积分；1 保留，0 去掉。它不选择边界位置，位置来自 mesh/model 分类。,,unstructured/input.f90,799,1,unstructured/biharmonic.f90(1),源码引用 1 处；主要在 `biharmonic.f90` 1处。,unstructured/biharmonic.f90:121: if(isurface.eq.0) cycle
327,icurv,icurv,&inputnl,Boundary Conditions,边界条件,integer,2,1,源码 `add_var_*` 注册说明为空；请结合所在逻辑组和下方源码使用位置判断。,边界几何曲率处理阶数/开关；大于 0 时使用曲边几何信息，常规高阶曲边网格保持默认 2。,,unstructured/input.f90,800,1,unstructured/scorec_mesh.f90(1),源码引用 1 处；主要在 `scorec_mesh.f90` 1处。,unstructured/scorec_mesh.f90:988: if(icurv.eq.0) then
328,nonrect,nonrect,&inputnl,Boundary Conditions,边界条件,integer,1,1,源码 `add_var_*` 注册说明为空；请结合所在逻辑组和下方源码使用位置判断。,1 表示非矩形/一般边界并关闭矩形快捷假设；0 仅适合边界拓扑确为规则矩形的测试网格。,,unstructured/input.f90,801,8,unstructured/init_eigen.f90(1); unstructured/init_frs.f90(1); unstructured/init_ftz.f90(1); unstructured/input.f90(1); unstructured/output.f90(1); unstructured/particle.f90(1); unstructured/particle_com.f90(1); unstructured/runaway_advection.f90(1),"源码引用 8 处；主要在 `init_eigen.f90` 1处, `init_frs.f90` 1处, `init_ftz.f90` 1处, `input.f90` 1处。","unstructured/init_eigen.f90:95: if(nonrect.eq.0) then
unstructured/init_frs.f90:223: if(nonrect.eq.0) then
unstructured/init_ftz.f90:127: if(nonrect.eq.0) then
unstructured/input.f90:1655: is_rectilinear = (nonrect.eq.0)
unstructured/output.f90:275: call write_int_attr (root_id, ""nonrect"" , nonrect, error)
unstructured/particle.f90:290: print *, 'nonrect = ', nonrect
unstructured/particle_com.f90:288: print *, 'nonrect = ', nonrect
unstructured/runaway_advection.f90:209: print *, 'nonrect = ', nonrect"
329,ifixedb,ifixedb,&inputnl,Boundary Conditions,边界条件,integer,0,1,1: Force psi=0 on boundary,托卡马克：GS 外边界开关；大于等于 1 时把计算域外边界磁通置 0，0 时使用已建立的 plasma/PF 线圈真空场边界值并允许 LCFS 在域内更新。仿星器：VMEC/外场初始化不通过它选择固定或自由边界。,,unstructured/input.f90,802,11,unstructured/gradshafranov.f90(3); unstructured/init_eqdsk.f90(2); unstructured/diagnostics.f90(1); unstructured/init_dskbal.f90(1); unstructured/output.f90(1); unstructured/particle.f90(1); unstructured/particle_com.f90(1); unstructured/runaway_advection.f90(1),"源码引用 11 处；主要在 `gradshafranov.f90` 3处, `init_eqdsk.f90` 2处, `diagnostics.f90` 1处, `init_dskbal.f90` 1处。","unstructured/diagnostics.f90:2090: if(ifixedb.eq.1 .and. ntime.le.0) then
unstructured/gradshafranov.f90:87: if(ifixedb.eq.0) then
unstructured/gradshafranov.f90:3413: if(idevice .eq. 0 .and. ifixedb .eq. 0 .and. feedfac.ne.0.) then
unstructured/gradshafranov.f90:3423: if(ifixedb.ge.1) then
unstructured/init_dskbal.f90:58: ifixedb = 1
unstructured/init_eqdsk.f90:76: if(ifixedb.eq.0) then
unstructured/init_eqdsk.f90:77: if(iread_eqdsk.eq.3 .and. ifixedb.eq.0) then
unstructured/output.f90:276: call write_int_attr (root_id, ""ifixedb"" , ifixedb, error)
unstructured/particle.f90:292: print *, 'ifixedb = ', ifixedb
unstructured/particle_com.f90:290: print *, 'ifixedb = ', ifixedb"
330,com_bc,com_bc,&inputnl,Boundary Conditions,边界条件,integer,0,1,源码 `add_var_*` 注册说明为空；请结合所在逻辑组和下方源码使用位置判断。,1 时给压缩速度势 `chi` 增加 `nabla^2 chi=0` 的边界约束。,,unstructured/input.f90,804,3,unstructured/model.f90(3),源码引用 3 处；主要在 `model.f90` 3处。,"unstructured/model.f90:252: if(com_bc.eq.1) ibound = ior(ibound, BOUNDARY_LAPLACIAN)
unstructured/model.f90:384: if(com_bc.eq.1 .and. numvar.ge.3) then
unstructured/model.f90:455: if(com_bc.eq.1 .and. numvar.ge.3) then"
331,vor_bc,vor_bc,&inputnl,Boundary Conditions,边界条件,integer,0,1,源码 `add_var_*` 注册说明为空；请结合所在逻辑组和下方源码使用位置判断。,1 时给极向速度势 `U` 增加 `Delta* U=0` 的涡量边界约束。,,unstructured/input.f90,805,3,unstructured/model.f90(3),源码引用 3 处；主要在 `model.f90` 3处。,"unstructured/model.f90:215: if(vor_bc.eq.1) ibound = ior(ibound, BOUNDARY_LAPLACIAN)
unstructured/model.f90:378: if(vor_bc.eq.1) then
unstructured/model.f90:449: if(vor_bc.eq.1) then"
332,iconst_p,iconst_p,&inputnl,Boundary Conditions,边界条件,integer,1,1,1: Hold pressure constant on boundary,,,unstructured/input.f90,806,12,unstructured/model.f90(8); unstructured/metricterms_new_gpu.f90(3); unstructured/metricterms_new.f90(1),"源码引用 12 处；主要在 `model.f90` 8处, `metricterms_new_gpu.f90` 3处, `metricterms_new.f90` 1处。","unstructured/metricterms_new.f90:1948: if(inoslip_pol.eq.1 .or. iconst_p.eq.1) then
unstructured/metricterms_new_gpu.f90:4504: if(inoslip_pol.eq.1 .or. iconst_p.ge.1) then
unstructured/metricterms_new_gpu.f90:4536: if(inoslip_pol.eq.1 .or. iconst_p.ge.1) then
unstructured/metricterms_new_gpu.f90:4689: if(inoslip_pol.eq.1 .or. iconst_p.eq.1) then
unstructured/model.f90:76: if(iconst_t.eq.1 .or. iconst_p.ge.1) ibound = ior(ibound, BOUNDARY_DIRICHLET)
unstructured/model.f90:92: if(iconst_p.ge.1) ibound = ior(ibound, BOUNDARY_DIRICHLET)
unstructured/model.f90:736: else if(iconst_p.ge.1) then
unstructured/model.f90:800: if(iconst_t.eq.1 .or. iconst_p.ge.1) then
unstructured/model.f90:887: if(iconst_p.eq.1) then
unstructured/model.f90:893: else if(iconst_p.eq.2) then"
333,iconst_n,iconst_n,&inputnl,Boundary Conditions,边界条件,integer,1,1,1: Hold density constant on boundary,,,unstructured/input.f90,808,3,unstructured/model.f90(2); unstructured/kprad_m3dc1.f90(1),"源码引用 3 处；主要在 `model.f90` 2处, `kprad_m3dc1.f90` 1处。","unstructured/kprad_m3dc1.f90:257: if(iconst_n.eq.1) then
unstructured/model.f90:44: if(iconst_n.eq.1) ibound = ior(ibound, BOUNDARY_DIRICHLET)
unstructured/model.f90:616: if(iconst_n.eq.1) then"
334,iconst_t,iconst_t,&inputnl,Boundary Conditions,边界条件,integer,1,1,1: Hold temperature constant on boundary,,,unstructured/input.f90,810,4,unstructured/model.f90(4),源码引用 4 处；主要在 `model.f90` 4处。,"unstructured/model.f90:76: if(iconst_t.eq.1 .or. iconst_p.ge.1) ibound = ior(ibound, BOUNDARY_DIRICHLET)
unstructured/model.f90:721: if(iconst_t.eq.1) then
unstructured/model.f90:732: else if(iconst_t.eq.2) then
unstructured/model.f90:800: if(iconst_t.eq.1 .or. iconst_p.ge.1) then"
335,iconst_bn,iconst_bn,&inputnl,Boundary Conditions,边界条件,integer,1,1,1: Hold normal field constant on boundary,,,unstructured/input.f90,812,3,unstructured/model.f90(2); unstructured/ludef_t.f90(1),"源码引用 3 处；主要在 `model.f90` 2处, `ludef_t.f90` 1处。","unstructured/ludef_t.f90:1954: if(iconst_bn.eq.0 .and. (.not.surface_int)) then
unstructured/model.f90:114: if(iconst_bn.eq.1) ibound = ior(ibound, BOUNDARY_DIRICHLET)
unstructured/model.f90:506: if(iconst_bn.eq.1) then"
336,iconst_bz,iconst_bz,&inputnl,Boundary Conditions,边界条件,integer,0,1,1: Hold toroidal field constant on boundary,,,unstructured/input.f90,814,2,unstructured/model.f90(2),源码引用 2 处；主要在 `model.f90` 2处。,"unstructured/model.f90:130: if(iconst_bz.eq.1) ibound = ior(ibound, BOUNDARY_DIRICHLET)
unstructured/model.f90:545: else if(iconst_bz.eq.1 .and. numvar.ge.2) then"
337,inograd_p,inograd_p,&inputnl,Boundary Conditions,边界条件,integer,0,1,源码 `add_var_*` 注册说明为空；请结合所在逻辑组和下方源码使用位置判断。,1 对压力施加零法向梯度 Neumann 条件；不要与同一压力场的固定值条件重复指定。,,unstructured/input.f90,816,3,unstructured/model.f90(3),源码引用 3 处；主要在 `model.f90` 3处。,"unstructured/model.f90:91: if(inograd_p.eq.1) ibound = ior(ibound, BOUNDARY_NEUMANN)
unstructured/model.f90:883: if(inograd_p.eq.1) then
unstructured/model.f90:940: if(inograd_p.eq.1) then"
338,inograd_t,inograd_t,&inputnl,Boundary Conditions,边界条件,integer,0,1,源码 `add_var_*` 注册说明为空；请结合所在逻辑组和下方源码使用位置判断。,1 对温度施加零法向梯度 Neumann 条件。,,unstructured/input.f90,817,3,unstructured/model.f90(3),源码引用 3 处；主要在 `model.f90` 3处。,"unstructured/model.f90:75: if(inograd_t.eq.1) ibound = ior(ibound, BOUNDARY_NEUMANN)
unstructured/model.f90:717: if(inograd_t.eq.1) then
unstructured/model.f90:796: if(inograd_t.eq.1) then"
339,inograd_n,inograd_n,&inputnl,Boundary Conditions,边界条件,integer,0,1,源码 `add_var_*` 注册说明为空；请结合所在逻辑组和下方源码使用位置判断。,1 对主离子密度施加零法向梯度 Neumann 条件。,,unstructured/input.f90,818,6,unstructured/metricterms_new_gpu.f90(3); unstructured/model.f90(2); unstructured/kprad_m3dc1.f90(1),"源码引用 6 处；主要在 `metricterms_new_gpu.f90` 3处, `model.f90` 2处, `kprad_m3dc1.f90` 1处。","unstructured/kprad_m3dc1.f90:253: if(inograd_n.eq.1) then
unstructured/metricterms_new_gpu.f90:18238: if(inograd_n.eq.1) then
unstructured/metricterms_new_gpu.f90:18396: if(inograd_n.eq.1) then
unstructured/metricterms_new_gpu.f90:18447: if(inograd_n.eq.1) then
unstructured/model.f90:43: if(inograd_n.eq.1) ibound = ior(ibound, BOUNDARY_NEUMANN)
unstructured/model.f90:612: if(inograd_n.eq.1) then"
340,inonormalflow,inonormalflow,&inputnl,Boundary Conditions,边界条件,integer,1,1,1: No-normal-flow boundary condition,,,unstructured/input.f90,819,34,unstructured/metricterms_new_gpu.f90(22); unstructured/model.f90(7); unstructured/ludef_t.f90(3); unstructured/ludef_t_gpu.f90(2),"源码引用 34 处；主要在 `metricterms_new_gpu.f90` 22处, `model.f90` 7处, `ludef_t.f90` 3处, `ludef_t_gpu.f90` 2处。","unstructured/ludef_t.f90:79: if(inonormalflow.eq.1 .and. .not.surface_int) then
unstructured/ludef_t.f90:96: if(((inonormalflow.eq.0).or.(inonormalflow.eq.2)) .and. .not.surface_int) then
unstructured/ludef_t.f90:1335: if((inonormalflow.eq.0).or.(inonormalflow.eq.2)) then
unstructured/ludef_t_gpu.f90:96: if(inonormalflow.eq.1 .and. .not.surface_int) then
unstructured/ludef_t_gpu.f90:1552: if(inonormalflow.eq.0) then
unstructured/metricterms_new_gpu.f90:7765: if(inonormalflow.eq.1) then
unstructured/metricterms_new_gpu.f90:8217: if(inonormalflow.eq.1) then
unstructured/metricterms_new_gpu.f90:16259: if(inonormalflow.eq.1) then
unstructured/metricterms_new_gpu.f90:16285: if(inonormalflow.eq.1) then
unstructured/metricterms_new_gpu.f90:16311: if(inonormalflow.eq.1) then"
341,inoslip_pol,inoslip_pol,&inputnl,Boundary Conditions,边界条件,integer,1,1,1: No-slip boundary condition on pol. velocity,,,unstructured/input.f90,821,36,unstructured/metricterms_new_gpu.f90(23); unstructured/model.f90(7); unstructured/ludef_t.f90(3); unstructured/ludef_t_gpu.f90(2); unstructured/metricterms_new.f90(1),"源码引用 36 处；主要在 `metricterms_new_gpu.f90` 23处, `model.f90` 7处, `ludef_t.f90` 3处, `ludef_t_gpu.f90` 2处。","unstructured/ludef_t.f90:86: if((inoslip_pol.eq.0).or.(inoslip_pol.eq.2)) then
unstructured/ludef_t.f90:1328: if(((inoslip_pol.eq.0).or.(inoslip_pol.eq.2)) .and. .not.surface_int) then
unstructured/ludef_t.f90:1340: if((inoslip_pol.eq.1) .and. .not.surface_int) then
unstructured/ludef_t_gpu.f90:107: if(inoslip_pol.eq.0) then
unstructured/ludef_t_gpu.f90:1559: if(inoslip_pol.eq.1 .and. .not.surface_int) then
unstructured/metricterms_new.f90:1948: if(inoslip_pol.eq.1 .or. iconst_p.eq.1) then
unstructured/metricterms_new_gpu.f90:488: if(inoslip_pol.eq.1) then
unstructured/metricterms_new_gpu.f90:603: if(inoslip_pol.eq.1) then
unstructured/metricterms_new_gpu.f90:768: if(inoslip_pol.eq.1) then
unstructured/metricterms_new_gpu.f90:798: if(inoslip_pol.eq.1) then"
342,inoslip_tor,inoslip_tor,&inputnl,Boundary Conditions,边界条件,integer,1,1,1: No-slip boundary condition on tor. velocity,,,unstructured/input.f90,823,14,unstructured/metricterms_new_gpu.f90(12); unstructured/model.f90(2),"源码引用 14 处；主要在 `metricterms_new_gpu.f90` 12处, `model.f90` 2处。","unstructured/metricterms_new_gpu.f90:12399: if(inoslip_tor.eq.1) then
unstructured/metricterms_new_gpu.f90:12435: if(inoslip_tor.eq.1) then
unstructured/metricterms_new_gpu.f90:12474: if(inoslip_tor.eq.1) then
unstructured/metricterms_new_gpu.f90:15259: if(inoslip_tor.eq.1) then
unstructured/metricterms_new_gpu.f90:15298: if(inoslip_tor.eq.1) then
unstructured/metricterms_new_gpu.f90:15336: if(inoslip_tor.eq.1) then
unstructured/metricterms_new_gpu.f90:16476: if(inoslip_tor.eq.1) then
unstructured/metricterms_new_gpu.f90:16501: if(inoslip_tor.eq.1) then
unstructured/metricterms_new_gpu.f90:16526: if(inoslip_tor.eq.1) then
unstructured/metricterms_new_gpu.f90:16553: if(inoslip_tor.eq.1) then"
343,inostress_tor,inostress_tor,&inputnl,Boundary Conditions,边界条件,integer,0,1,源码 `add_var_*` 注册说明为空；请结合所在逻辑组和下方源码使用位置判断。,1 对环向速度施加零法向导数/无切向应力条件；与 `inoslip_tor=1` 是不同选择。,,unstructured/input.f90,825,2,unstructured/model.f90(2),源码引用 2 处；主要在 `model.f90` 2处。,"unstructured/model.f90:232: if(inostress_tor.eq.1) ibound = ior(ibound, BOUNDARY_NEUMANN)
unstructured/model.f90:371: if(inostress_tor.eq.1) then"
344,inocurrent_pol,inocurrent_pol,&inputnl,Boundary Conditions,边界条件,integer,0,1,源码 `add_var_*` 注册说明为空；请结合所在逻辑组和下方源码使用位置判断。,1 通过环向磁场变量的法向导数约束使边界极向电流为零。,,unstructured/input.f90,826,19,unstructured/metricterms_new_gpu.f90(17); unstructured/model.f90(2),"源码引用 19 处；主要在 `metricterms_new_gpu.f90` 17处, `model.f90` 2处。","unstructured/metricterms_new_gpu.f90:8646: if(inocurrent_pol.eq.1 .and. imulti_region.eq.0) then
unstructured/metricterms_new_gpu.f90:8675: if(inocurrent_pol.eq.1 .and. imulti_region.eq.0) then
unstructured/metricterms_new_gpu.f90:8704: if(inocurrent_pol.eq.1 .and. imulti_region.eq.0) then
unstructured/metricterms_new_gpu.f90:8831: if(inocurrent_pol.eq.1 .and. imulti_region.eq.0) then
unstructured/metricterms_new_gpu.f90:8858: if(inocurrent_pol.eq.1 .and. imulti_region.eq.0) then
unstructured/metricterms_new_gpu.f90:8885: if(inocurrent_pol.eq.1 .and. imulti_region.eq.0) then
unstructured/metricterms_new_gpu.f90:8917: if(inocurrent_pol.eq.1 .and. imulti_region.eq.0) then
unstructured/metricterms_new_gpu.f90:8948: if(inocurrent_pol.eq.1 .and. imulti_region.eq.0) then
unstructured/metricterms_new_gpu.f90:8979: if(inocurrent_pol.eq.1 .and. imulti_region.eq.0) then
unstructured/metricterms_new_gpu.f90:15703: if(inocurrent_pol.eq.1 .and. imulti_region.eq.0) then"
345,inocurrent_tor,inocurrent_tor,&inputnl,Boundary Conditions,边界条件,integer,0,1,源码 `add_var_*` 注册说明为空；请结合所在逻辑组和下方源码使用位置判断。,1 通过 `Delta*psi=0` 型边界约束使环向电流为零。,,unstructured/input.f90,827,11,unstructured/metricterms_new_gpu.f90(7); unstructured/model.f90(2); unstructured/newpar.f90(1); unstructured/newvar.f90(1),"源码引用 11 处；主要在 `metricterms_new_gpu.f90` 7处, `model.f90` 2处, `newpar.f90` 1处, `newvar.f90` 1处。","unstructured/metricterms_new_gpu.f90:8738: if(inocurrent_tor.eq.1 .and. imulti_region.eq.0) then
unstructured/metricterms_new_gpu.f90:8768: if(inocurrent_tor.eq.1 .and. imulti_region.eq.0) then
unstructured/metricterms_new_gpu.f90:8798: if(inocurrent_tor.eq.1 .and. imulti_region.eq.0) then
unstructured/metricterms_new_gpu.f90:16649: if(inocurrent_tor.eq.1 .and. imulti_region.eq.0) then
unstructured/metricterms_new_gpu.f90:16789: if(inocurrent_tor.eq.1 .and. imulti_region.eq.0) then
unstructured/metricterms_new_gpu.f90:16865: if(inocurrent_tor.eq.1 .and. imulti_region.eq.0) then
unstructured/metricterms_new_gpu.f90:17010: if(inocurrent_tor.eq.1 .and. imulti_region.eq.0) then
unstructured/model.f90:108: if(inocurrent_tor.eq.1) ibound = ior(ibound, BOUNDARY_LAPLACIAN)
unstructured/model.f90:515: if(inocurrent_tor.eq.1) then
unstructured/newpar.f90:840: if(inocurrent_tor.eq.1) then"
346,inocurrent_norm,inocurrent_norm,&inputnl,Boundary Conditions,边界条件,integer,0,1,源码 `add_var_*` 注册说明为空；请结合所在逻辑组和下方源码使用位置判断。,1 对三维磁场变量施加组合边界条件，使法向电流为零；会改变 `psi/bz` 的边界掩码组合。,,unstructured/input.f90,828,17,unstructured/metricterms_new_gpu.f90(15); unstructured/model.f90(2),"源码引用 17 处；主要在 `metricterms_new_gpu.f90` 15处, `model.f90` 2处。","unstructured/metricterms_new_gpu.f90:13444: if(inocurrent_norm.eq.1 .and. imulti_region.eq.0) then
unstructured/metricterms_new_gpu.f90:13451: if(inocurrent_norm.eq.1 .and. imulti_region.eq.0) then
unstructured/metricterms_new_gpu.f90:13556: if(inocurrent_norm.eq.1 .and. imulti_region.eq.0) then
unstructured/metricterms_new_gpu.f90:13607: if(inocurrent_norm.eq.1 .and. imulti_region.eq.0) then
unstructured/metricterms_new_gpu.f90:13614: if(inocurrent_norm.eq.1 .and. imulti_region.eq.0) then
unstructured/metricterms_new_gpu.f90:13670: if(inocurrent_norm.eq.1 .and. imulti_region.eq.0) then
unstructured/metricterms_new_gpu.f90:13735: if(inocurrent_norm.eq.1 .and. imulti_region.eq.0) then
unstructured/metricterms_new_gpu.f90:15019: if(inocurrent_norm.eq.1 .and. imulti_region.eq.0) then
unstructured/metricterms_new_gpu.f90:15058: if(inocurrent_norm.eq.1 .and. imulti_region.eq.0) then
unstructured/metricterms_new_gpu.f90:16686: if(inocurrent_norm.eq.1 .and. imulti_region.eq.0) then"
347,ifbound,ifbound,&inputnl,Boundary Conditions,边界条件,integer,-1,1,"Boundary condition on 'f' field. 1 = Dirichlet, 2 = Neumann",-1 表示校验后按编译版本设置：complex 为 2，real 为 1。 运行时默认：`ifbound=-1` 时，complex 版本默认 2，real 版本默认 1。,,unstructured/input.f90,829,12,unstructured/model.f90(4); unstructured/input.f90(3); unstructured/newvar.f90(3); unstructured/ludef_t.f90(1); unstructured/ludef_t_gpu.f90(1),"源码引用 12 处；主要在 `model.f90` 4处, `input.f90` 3处, `newvar.f90` 3处, `ludef_t.f90` 1处。","unstructured/input.f90:1745: if(ifbound.eq.-1) then
unstructured/input.f90:1747: ifbound = 2
unstructured/input.f90:1749: ifbound = 1
unstructured/ludef_t.f90:4795: if(ifbound.eq.2) then
unstructured/ludef_t_gpu.f90:5452: if(ifbound.eq.2) then
unstructured/model.f90:156: if(ifbound.eq.1) then
unstructured/model.f90:158: else if(ifbound.eq.2) then
unstructured/model.f90:564: if(ifbound.eq.1) then
unstructured/model.f90:566: else if(ifbound.eq.2) then
unstructured/newvar.f90:100: if(ifbound.eq.1) then"
348,iconstflux,iconstflux,&inputnl,Boundary Conditions,边界条件,integer,0,1,源码 `add_var_*` 注册说明为空；请结合所在逻辑组和下方源码使用位置判断。,非线性推进中重新缩放环向磁场以保持总环向磁通；0 不做该全局修正。,,unstructured/input.f90,831,2,unstructured/newpar.f90(1); unstructured/time_step.f90(1),"源码引用 2 处；主要在 `newpar.f90` 1处, `time_step.f90` 1处。","unstructured/newpar.f90:921: if(numvar.ge.2 .and. iconstflux.eq.1) then
unstructured/time_step.f90:237: if(iconstflux.eq.1 .and. numvar.ge.2) then"
349,iper,iper,&inputnl,Boundary Conditions,边界条件,integer,0,1,1: Periodic boundary condition in R direction,,,unstructured/input.f90,832,24,unstructured/model.f90(9); unstructured/boundary.f90(4); unstructured/rmp.f90(3); unstructured/biharmonic.f90(1); unstructured/gradshafranov.f90(1); unstructured/gread_restart_c11.fh(1); unstructured/init_vmec.f90(1); unstructured/kprad_m3dc1.f90(1),"源码引用 24 处；主要在 `model.f90` 9处, `boundary.f90` 4处, `rmp.f90` 3处, `biharmonic.f90` 1处。","unstructured/biharmonic.f90:311: if(iper.eq.1 .and. jper.eq.1) return
unstructured/boundary.f90:679: if(iper.eq.1 .and. jper.eq.1) return
unstructured/boundary.f90:725: if(iper.eq.1 .and. jper.eq.1) return
unstructured/boundary.f90:764: if(iper.eq.1 .and. jper.eq.1) return
unstructured/boundary.f90:809: if(iper.eq.1 .and. jper.eq.1) return
unstructured/gradshafranov.f90:3400: if(iper.eq.1 .and. jper.eq.1) return
unstructured/gread_restart_c11.fh:13: call adios_read (adios_handle, ""iper"", iiper, adios_buf_size, adios_err)
unstructured/init_vmec.f90:278: if(iper.eq.1 .and. jper.eq.1) return
unstructured/kprad_m3dc1.f90:241: if(iper.eq.1 .and. jper.eq.1) return
unstructured/model.f90:286: if(iper.eq.1 .and. jper.eq.1) return"
350,jper,jper,&inputnl,Boundary Conditions,边界条件,integer,0,1,1: Preiodic boundary condition in Z direction,,,unstructured/input.f90,834,24,unstructured/model.f90(9); unstructured/boundary.f90(4); unstructured/rmp.f90(3); unstructured/biharmonic.f90(1); unstructured/gradshafranov.f90(1); unstructured/gread_restart_c11.fh(1); unstructured/init_vmec.f90(1); unstructured/kprad_m3dc1.f90(1),"源码引用 24 处；主要在 `model.f90` 9处, `boundary.f90` 4处, `rmp.f90` 3处, `biharmonic.f90` 1处。","unstructured/biharmonic.f90:311: if(iper.eq.1 .and. jper.eq.1) return
unstructured/boundary.f90:679: if(iper.eq.1 .and. jper.eq.1) return
unstructured/boundary.f90:725: if(iper.eq.1 .and. jper.eq.1) return
unstructured/boundary.f90:764: if(iper.eq.1 .and. jper.eq.1) return
unstructured/boundary.f90:809: if(iper.eq.1 .and. jper.eq.1) return
unstructured/gradshafranov.f90:3400: if(iper.eq.1 .and. jper.eq.1) return
unstructured/gread_restart_c11.fh:15: call adios_read (adios_handle, ""jper"", ijper, adios_buf_size, adios_err)
unstructured/init_vmec.f90:278: if(iper.eq.1 .and. jper.eq.1) return
unstructured/kprad_m3dc1.f90:241: if(iper.eq.1 .and. jper.eq.1) return
unstructured/model.f90:286: if(iper.eq.1 .and. jper.eq.1) return"
351,tebound,tebound,&inputnl,Boundary Conditions,边界条件,real,-1.,1,源码 `add_var_*` 注册说明为空；请结合所在逻辑组和下方源码使用位置判断。,大于 0 时，在标记为 first-wall 的边界把电子温度固定为该归一化值；负值保留初始边界值。,,unstructured/input.f90,836,2,unstructured/model.f90(2),源码引用 2 处；主要在 `model.f90` 2处。,"unstructured/model.f90:722: if((tebound.gt.0.) .and. is_inner) then
unstructured/model.f90:724: temp(1) = tebound"
352,tibound,tibound,&inputnl,Boundary Conditions,边界条件,real,-1.,1,源码 `add_var_*` 注册说明为空；请结合所在逻辑组和下方源码使用位置判断。,大于 0 时，在 first-wall 边界把离子温度固定为该归一化值；仅双温模型有独立作用。,,unstructured/input.f90,837,2,unstructured/model.f90(2),源码引用 2 处；主要在 `model.f90` 2处。,"unstructured/model.f90:801: if((tibound.gt.0.) .and. is_inner) then
unstructured/model.f90:803: temp(1) = tibound"
353,eta_wall,eta_wall,&inputnl,Resistive Wall,电阻壁/真空/导体区,real,1e-3,1,Resistivity of conducting wall region,,,unstructured/input.f90,840,5,unstructured/input.f90(3); unstructured/output.f90(1); unstructured/resistive_wall.f90(1),"源码引用 5 处；主要在 `input.f90` 3处, `output.f90` 1处, `resistive_wall.f90` 1处。","unstructured/input.f90:1585: if(eta_wall .gt. eta_vac) then
unstructured/input.f90:1586: if(myrank.eq.0) print *, 'Warning: eta_wall > eta_vac.'
unstructured/input.f90:1629: if(eta_wallRZ .lt. 0) eta_wallRZ = eta_wall
unstructured/output.f90:303: call write_real_attr(root_id, ""eta_wall"" , eta_wall, error)
unstructured/resistive_wall.f90:73: wall_resistivity = eta_wall"
354,eta_wallRZ,eta_wallRZ,&inputnl,Resistive Wall,电阻壁/真空/导体区,real,-1.,1,Resistivity of conducting wall region,-1 表示校验后取 `eta_wall`。 运行时默认：`eta_wallRZ<0` 时改为 `eta_wall`。,,unstructured/input.f90,842,2,unstructured/input.f90(1); unstructured/resistive_wall.f90(1),"源码引用 2 处；主要在 `input.f90` 1处, `resistive_wall.f90` 1处。","unstructured/input.f90:1629: if(eta_wallRZ .lt. 0) eta_wallRZ = eta_wall
unstructured/resistive_wall.f90:137: wall_resistivityRZ = eta_wallRZ"
355,eta_vac,eta_vac,&inputnl,Resistive Wall,电阻壁/真空/导体区,real,1.,1,Resistivity of vacuum region,,,unstructured/input.f90,844,5,unstructured/input.f90(3); unstructured/m3dc1_nint.f90(1); unstructured/transport.f90(1),"源码引用 5 处；主要在 `input.f90` 3处, `m3dc1_nint.f90` 1处, `transport.f90` 1处。","unstructured/input.f90:1585: if(eta_wall .gt. eta_vac) then
unstructured/input.f90:1586: if(myrank.eq.0) print *, 'Warning: eta_wall > eta_vac.'
unstructured/input.f90:1796: if(eta_max.le.0.) eta_max = eta_vac
unstructured/m3dc1_nint.f90:1229: eta79(:,OP_1) = eta_vac
unstructured/transport.f90:1101: temp79a = eta_vac - etar*eta_fac"
356,iwall_breaks,iwall_breaks,&inputnl,Resistive Wall,电阻壁/真空/导体区,integer,0,1,Number of wall break regions,,,unstructured/input.f90,846,2,unstructured/resistive_wall.f90(2),源码引用 2 处；主要在 `resistive_wall.f90` 2处。,"unstructured/resistive_wall.f90:83: do i=iwall_breaks, 1, -1
unstructured/resistive_wall.f90:147: do i=iwall_breaks, 1, -1"
357,eta_break,eta_break,&inputnl,Resistive Wall,电阻壁/真空/导体区,real array,1.,20,Resistivity of wall break,数组参数在 C1input 中使用 Fortran 一基索引，例如 `name(1)=...`；未赋值元素保持默认值。,,unstructured/input.f90,848,2,unstructured/resistive_wall.f90(2),源码引用 2 处；主要在 `resistive_wall.f90` 2处。,"unstructured/resistive_wall.f90:92: wall_resistivity = eta_break(i)
unstructured/resistive_wall.f90:156: wall_resistivityRZ = eta_break(i)"
358,wall_break_xmin,wall_break_xmin,&inputnl,Resistive Wall,电阻壁/真空/导体区,real array,0.,20,Minimum x coordinate for wall break,数组参数在 C1input 中使用 Fortran 一基索引，例如 `name(1)=...`；未赋值元素保持默认值。,,unstructured/input.f90,850,2,unstructured/resistive_wall.f90(2),源码引用 2 处；主要在 `resistive_wall.f90` 2处。,"unstructured/resistive_wall.f90:88: if(x.ge.wall_break_xmin(i) .and. &
unstructured/resistive_wall.f90:152: if(x.ge.wall_break_xmin(i) .and. &"
359,wall_break_xmax,wall_break_xmax,&inputnl,Resistive Wall,电阻壁/真空/导体区,real array,0.,20,Maximum x coordinate for wall break,数组参数在 C1input 中使用 Fortran 一基索引，例如 `name(1)=...`；未赋值元素保持默认值。,,unstructured/input.f90,852,2,unstructured/resistive_wall.f90(2),源码引用 2 处；主要在 `resistive_wall.f90` 2处。,"unstructured/resistive_wall.f90:89: x.le.wall_break_xmax(i) .and. &
unstructured/resistive_wall.f90:153: x.le.wall_break_xmax(i) .and. &"
360,wall_break_zmin,wall_break_zmin,&inputnl,Resistive Wall,电阻壁/真空/导体区,real array,0.,20,Minimum z coordinate for wall break,数组参数在 C1input 中使用 Fortran 一基索引，例如 `name(1)=...`；未赋值元素保持默认值。,,unstructured/input.f90,854,2,unstructured/resistive_wall.f90(2),源码引用 2 处；主要在 `resistive_wall.f90` 2处。,"unstructured/resistive_wall.f90:90: z.ge.wall_break_zmin(i) .and. &
unstructured/resistive_wall.f90:154: z.ge.wall_break_zmin(i) .and. &"
361,wall_break_zmax,wall_break_zmax,&inputnl,Resistive Wall,电阻壁/真空/导体区,real array,0.,20,Maximum z coordinate for wall break,数组参数在 C1input 中使用 Fortran 一基索引，例如 `name(1)=...`；未赋值元素保持默认值。,,unstructured/input.f90,856,2,unstructured/resistive_wall.f90(2),源码引用 2 处；主要在 `resistive_wall.f90` 2处。,"unstructured/resistive_wall.f90:91: z.le.wall_break_zmax(i)) then
unstructured/resistive_wall.f90:155: z.le.wall_break_zmax(i)) then"
362,wall_break_phimin,wall_break_phimin,&inputnl,Resistive Wall,电阻壁/真空/导体区,real array,0.,20,Minimum phi coordinate for wall break,数组参数在 C1input 中使用 Fortran 一基索引，例如 `name(1)=...`；未赋值元素保持默认值。,,unstructured/input.f90,858,2,unstructured/resistive_wall.f90(2),源码引用 2 处；主要在 `resistive_wall.f90` 2处。,"unstructured/resistive_wall.f90:85: if(phi.ge.wall_break_phimin(i) .and. &
unstructured/resistive_wall.f90:149: if(phi.ge.wall_break_phimin(i) .and. &"
363,wall_break_phimax,wall_break_phimax,&inputnl,Resistive Wall,电阻壁/真空/导体区,real array,0.,20,Maximum phi coordinate for wall break,数组参数在 C1input 中使用 Fortran 一基索引，例如 `name(1)=...`；未赋值元素保持默认值。,,unstructured/input.f90,860,2,unstructured/resistive_wall.f90(2),源码引用 2 处；主要在 `resistive_wall.f90` 2处。,"unstructured/resistive_wall.f90:86: phi.le.wall_break_phimax(i)) then
unstructured/resistive_wall.f90:150: phi.le.wall_break_phimax(i)) then"
364,iwall_regions,iwall_regions,&inputnl,Resistive Wall,电阻壁/真空/导体区,integer,0,1,Number of resistive wall regions,,,unstructured/input.f90,862,9,unstructured/resistive_wall.f90(5); unstructured/input.f90(2); unstructured/output.f90(2),"源码引用 9 处；主要在 `resistive_wall.f90` 5处, `input.f90` 2处, `output.f90` 2处。","unstructured/input.f90:1630: if(iwall_regions.gt.0) then
unstructured/input.f90:1631: do i=1,iwall_regions
unstructured/output.f90:941: call write_int_attr(group_id, ""iwall_regions"", iwall_regions, error)
unstructured/output.f90:943: do i=1, iwall_regions
unstructured/resistive_wall.f90:41: do i=1, iwall_regions
unstructured/resistive_wall.f90:53: do i=1, iwall_regions
unstructured/resistive_wall.f90:56: iwall_regions = 0
unstructured/resistive_wall.f90:76: do i=iwall_regions, 1, -1
unstructured/resistive_wall.f90:140: do i=iwall_regions, 1, -1"
365,wall_region_eta,wall_region_eta,&inputnl,Resistive Wall,电阻壁/真空/导体区,real array,1e-3,20,Resistivity of each wall region,数组参数在 C1input 中使用 Fortran 一基索引，例如 `name(1)=...`；未赋值元素保持默认值。,,unstructured/input.f90,864,3,unstructured/input.f90(1); unstructured/output.f90(1); unstructured/resistive_wall.f90(1),"源码引用 3 处；主要在 `input.f90` 1处, `output.f90` 1处, `resistive_wall.f90` 1处。","unstructured/input.f90:1633: wall_region_etaRZ(i) = wall_region_eta(i)
unstructured/output.f90:949: call write_real_attr(region_group_id, ""eta"", wall_region_eta(i), error)
unstructured/resistive_wall.f90:78: wall_resistivity = wall_region_eta(i)"
366,wall_region_etaRZ,wall_region_etaRZ,&inputnl,Resistive Wall,电阻壁/真空/导体区,real array,-1.,20,Poloidal Resistivity of each wall region,-1 表示校验后逐区域取对应 `wall_region_eta(i)`。 数组参数在 C1input 中使用 Fortran 一基索引，例如 `name(1)=...`；未赋值元素保持默认值。 运行时默认：每个 `wall_region_etaRZ(i)<0` 时改为对应 `wall_region_eta(i)`。,,unstructured/input.f90,866,4,unstructured/input.f90(2); unstructured/output.f90(1); unstructured/resistive_wall.f90(1),"源码引用 4 处；主要在 `input.f90` 2处, `output.f90` 1处, `resistive_wall.f90` 1处。","unstructured/input.f90:1632: if(wall_region_etaRZ(i) .lt. 0) then
unstructured/input.f90:1633: wall_region_etaRZ(i) = wall_region_eta(i)
unstructured/output.f90:950: call write_real_attr(region_group_id, ""etaRZ"", wall_region_etaRZ(i),error)
unstructured/resistive_wall.f90:142: wall_resistivityRZ = wall_region_etaRZ(i)"
367,eta_zone,eta_zone,&inputnl,Resistive Wall,电阻壁/真空/导体区,real array,0.,100,Resistivity of mesh zone,托卡马克：为 `zone_type(i)=2` 的导体 zone 指定标量电阻率，正值优先于全局 `eta_wall`；适合显式第一壁/导体区域。仿星器：数值优先级相同，但只有用户事先设计了与 VMEC/bloat 映射后物理位置一致的导体 zone 才有物理意义。 数组参数在 C1input 中使用 Fortran 一基索引，例如 `name(1)=...`；未赋值元素保持默认值。,,unstructured/input.f90,868,4,unstructured/resistive_wall.f90(4),源码引用 4 处；主要在 `resistive_wall.f90` 4处。,"unstructured/resistive_wall.f90:70: if(eta_zone(izone).gt.0.) then
unstructured/resistive_wall.f90:71: wall_resistivity = eta_zone(izone)
unstructured/resistive_wall.f90:134: else if(eta_zone(izone).gt.0.) then
unstructured/resistive_wall.f90:135: wall_resistivityRZ = eta_zone(izone)"
368,etaRZ_zone,etaRZ_zone,&inputnl,Resistive Wall,电阻壁/真空/导体区,real array,0.,100,Poloidal resistivity of mesh zone,托卡马克：为导体 zone 指定极向电阻率，正值优先于 `eta_zone`，否则回退到全局 `eta_wallRZ`。仿星器：用法相同，但程序不会检查该 zone 是否真的对应物理导体壁。 数组参数在 C1input 中使用 Fortran 一基索引，例如 `name(1)=...`；未赋值元素保持默认值。,,unstructured/input.f90,870,2,unstructured/resistive_wall.f90(2),源码引用 2 处；主要在 `resistive_wall.f90` 2处。,"unstructured/resistive_wall.f90:132: if(etaRZ_zone(izone).gt.0.) then
unstructured/resistive_wall.f90:133: wall_resistivityRZ = etaRZ_zone(izone)"
369,wall_region_filename,wall_region_filename,&inputnl,Resistive Wall,电阻壁/真空/导体区,character(len=256) array,"""""",20,Resistivity of each wall region,字符数组；每个 wall region 轮廓点文件名。 数组参数在 C1input 中使用 Fortran 一基索引，例如 `name(1)=...`；未赋值元素保持默认值。 字符串值可写成 `name = value` 或带引号形式；解析器会去掉首尾引号。,,unstructured/input.f90,873,1,unstructured/resistive_wall.f90(1),源码引用 1 处；主要在 `resistive_wall.f90` 1处。,"unstructured/resistive_wall.f90:42: call create_region_from_file(wall_region(i), wall_region_filename(i), &"
370,eta_rekc,eta_rekc,&inputnl,Resistive Wall,电阻壁/真空/导体区,real,0.,1,Resistivity of runaway-electron killer coil (REKC),,,unstructured/input.f90,875,6,unstructured/resistive_wall.f90(6),源码引用 6 处；主要在 `resistive_wall.f90` 6处。,"unstructured/resistive_wall.f90:100: if(eta_rekc.gt.0) then
unstructured/resistive_wall.f90:109: wall_resistivity = 10.**(log10(wall_resistivity)*(1.-f) + log10(eta_rekc)*f)
unstructured/resistive_wall.f90:115: wall_resistivity = 10.**(log10(wall_resistivity)*(1.-max(f1,f2)) + log10(eta_rekc)*max(f1,f2))
unstructured/resistive_wall.f90:164: if(eta_rekc.gt.0) then
unstructured/resistive_wall.f90:173: wall_resistivityRZ = 10.**(log10(wall_resistivityRZ)*(1.-f) + log10(eta_rekc)*f)
unstructured/resistive_wall.f90:179: wall_resistivityRZ = 10.**(log10(wall_resistivityRZ)*(1.-max(f1,f2)) + log10(eta_rekc)*max(f1,f2))"
371,ntor_rekc,ntor_rekc,&inputnl,Resistive Wall,电阻壁/真空/导体区,integer,0,1,Toroidal mode number of REKC,,,unstructured/input.f90,877,2,unstructured/resistive_wall.f90(2),源码引用 2 处；主要在 `resistive_wall.f90` 2处。,"unstructured/resistive_wall.f90:104: f = ntor_rekc*(phi-phi_rekc)*twopi/toroidal_period
unstructured/resistive_wall.f90:168: f = ntor_rekc*(phi-phi_rekc)*twopi/toroidal_period"
372,mpol_rekc,mpol_rekc,&inputnl,Resistive Wall,电阻壁/真空/导体区,integer,0,1,Poloidal mode number of REKC,,,unstructured/input.f90,879,6,unstructured/resistive_wall.f90(6),源码引用 6 处；主要在 `resistive_wall.f90` 6处。,"unstructured/resistive_wall.f90:107: f = cos(f - mpol_rekc*(theta-theta_rekc))
unstructured/resistive_wall.f90:111: f1 = cos(f - mpol_rekc*(theta-theta_rekc))
unstructured/resistive_wall.f90:113: f2 = cos(f + mpol_rekc*(theta-theta_rekc))
unstructured/resistive_wall.f90:171: f = cos(f - mpol_rekc*(theta-theta_rekc))
unstructured/resistive_wall.f90:175: f1 = cos(f - mpol_rekc*(theta-theta_rekc))
unstructured/resistive_wall.f90:177: f2 = cos(f + mpol_rekc*(theta-theta_rekc))"
373,isym_rekc,isym_rekc,&inputnl,Resistive Wall,电阻壁/真空/导体区,integer,0,1,"if nonzero, a double helix",,,unstructured/input.f90,881,2,unstructured/resistive_wall.f90(2),源码引用 2 处；主要在 `resistive_wall.f90` 2处。,"unstructured/resistive_wall.f90:106: if(isym_rekc .eq. 0) then
unstructured/resistive_wall.f90:170: if(isym_rekc .eq. 0) then"
374,phi_rekc,phi_rekc,&inputnl,Resistive Wall,电阻壁/真空/导体区,real,0.,1,Toroidal angle of fixed point of REKC,,,unstructured/input.f90,883,2,unstructured/resistive_wall.f90(2),源码引用 2 处；主要在 `resistive_wall.f90` 2处。,"unstructured/resistive_wall.f90:104: f = ntor_rekc*(phi-phi_rekc)*twopi/toroidal_period
unstructured/resistive_wall.f90:168: f = ntor_rekc*(phi-phi_rekc)*twopi/toroidal_period"
375,theta_rekc,theta_rekc,&inputnl,Resistive Wall,电阻壁/真空/导体区,real,0.,1,Poloidal angle of fixed point of REKC,,,unstructured/input.f90,885,6,unstructured/resistive_wall.f90(6),源码引用 6 处；主要在 `resistive_wall.f90` 6处。,"unstructured/resistive_wall.f90:107: f = cos(f - mpol_rekc*(theta-theta_rekc))
unstructured/resistive_wall.f90:111: f1 = cos(f - mpol_rekc*(theta-theta_rekc))
unstructured/resistive_wall.f90:113: f2 = cos(f + mpol_rekc*(theta-theta_rekc))
unstructured/resistive_wall.f90:171: f = cos(f - mpol_rekc*(theta-theta_rekc))
unstructured/resistive_wall.f90:175: f1 = cos(f - mpol_rekc*(theta-theta_rekc))
unstructured/resistive_wall.f90:177: f2 = cos(f + mpol_rekc*(theta-theta_rekc))"
376,sigma_rekc,sigma_rekc,&inputnl,Resistive Wall,电阻壁/真空/导体区,real,0.,1,Angular half-width of REKC,,,unstructured/input.f90,887,6,unstructured/resistive_wall.f90(6),源码引用 6 处；主要在 `resistive_wall.f90` 6处。,"unstructured/resistive_wall.f90:108: f = exp((f-1.)/sigma_rekc**2)
unstructured/resistive_wall.f90:112: f1 = exp((f1-1.)/sigma_rekc**2)
unstructured/resistive_wall.f90:114: f2 = exp((f2-1.)/sigma_rekc**2)
unstructured/resistive_wall.f90:172: f = exp((f-1.)/sigma_rekc**2)
unstructured/resistive_wall.f90:176: f1 = exp((f1-1.)/sigma_rekc**2)
unstructured/resistive_wall.f90:178: f2 = exp((f2-1.)/sigma_rekc**2)"
377,rzero_rekc,rzero_rekc,&inputnl,Resistive Wall,电阻壁/真空/导体区,real,0.,1,R0 for computing theta of REKC,,,unstructured/input.f90,889,2,unstructured/resistive_wall.f90(2),源码引用 2 处；主要在 `resistive_wall.f90` 2处。,"unstructured/resistive_wall.f90:101: theta = atan2(z-zzero_rekc, x-rzero_rekc)
unstructured/resistive_wall.f90:165: theta = atan2(z-zzero_rekc, x-rzero_rekc)"
378,zzero_rekc,zzero_rekc,&inputnl,Resistive Wall,电阻壁/真空/导体区,real,0.,1,Z0 for computing theta of REKC,,,unstructured/input.f90,891,2,unstructured/resistive_wall.f90(2),源码引用 2 处；主要在 `resistive_wall.f90` 2处。,"unstructured/resistive_wall.f90:101: theta = atan2(z-zzero_rekc, x-rzero_rekc)
unstructured/resistive_wall.f90:165: theta = atan2(z-zzero_rekc, x-rzero_rekc)"
138,ntimemax,ntimemax,&inputnl,Time Step,时间推进,integer,20,1,Total number of timesteps,,,unstructured/input.f90,470,4,unstructured/kprad_test.f90(2); unstructured/newpar.f90(2),"源码引用 4 处；主要在 `kprad_test.f90` 2处, `newpar.f90` 2处。","unstructured/kprad_test.f90:18: ntimemax = 100
unstructured/kprad_test.f90:38: do ntime=1, ntimemax
unstructured/newpar.f90:363: if(ntimemax.le.ntime) call safestop(0)
unstructured/newpar.f90:371: do ntime=ntime+1,ntimemax"
139,integrator,integrator,&inputnl,Time Step,时间推进,integer,0,1,源码 `add_var_*` 注册说明为空；请结合所在逻辑组和下方源码使用位置判断。,时间离散选择：0 为 theta/Crank-Nicolson 家族；1 为 BDF2，且程序把 `thimp` 强制为 1，首步使用一阶隐式启动。,,unstructured/input.f90,472,6,unstructured/input.f90(1); unstructured/ludef_t.f90(1); unstructured/ludef_t_gpu.f90(1); unstructured/newpar.f90(1); unstructured/output.f90(1); unstructured/time_step.f90(1),"源码引用 6 处；主要在 `input.f90` 1处, `ludef_t.f90` 1处, `ludef_t_gpu.f90` 1处, `newpar.f90` 1处。","unstructured/input.f90:1552: if(integrator.eq.1) then
unstructured/ludef_t.f90:4994: if(integrator.eq.1 .and. ntime.gt.1) then
unstructured/ludef_t_gpu.f90:5650: if(integrator.eq.1 .and. ntime.gt.1) then
unstructured/newpar.f90:556: select case(integrator)
unstructured/output.f90:269: call write_int_attr (root_id, ""integrator"" , integrator, error)
unstructured/time_step.f90:106: .or. (integrator.eq.1 .and. ntime.eq.1) .or. meshAdapted .eq. 1) then"
140,isplitstep,isplitstep,&inputnl,Time Step,时间推进,integer,1,1,0: Unsplit time step;  1: Split time step,,,unstructured/input.f90,473,57,unstructured/ludef_t.f90(17); unstructured/ludef_t_gpu.f90(15); unstructured/input.f90(11); unstructured/time_step.f90(8); unstructured/error_estimate.f90(2); unstructured/particle_com.f90(2); unstructured/particle.f90(1); unstructured/time_step_split.f90(1),"源码引用 57 处；主要在 `ludef_t.f90` 17处, `ludef_t_gpu.f90` 15处, `input.f90` 11处, `time_step.f90` 8处。","unstructured/error_estimate.f90:647: if (isplitstep .eq. 1 .and. .false.) then ! skip
unstructured/error_estimate.f90:765: if (isplitstep .eq. 0 .or. .true.) then
unstructured/input.f90:1428: if(isplitstep.eq.1) then
unstructured/input.f90:1429: if(myrank.eq.0) print *, 'imp_temp=1 not allowed with isplitstep=1'
unstructured/input.f90:1438: if(isplitstep.eq.0 .and. ipressplit.eq.1) then
unstructured/input.f90:1439: if(myrank.eq.0) print *, ""ipressplit=1 not allowed with isplitstep=0""
unstructured/input.f90:1443: if(isplitstep.eq.0 .and. idiff.eq.1) then
unstructured/input.f90:1444: if(myrank.eq.0) print *, ""idiff=1 not allowed with isplitstep=0""
unstructured/input.f90:1479: if(isplitstep.eq.0) then
unstructured/input.f90:1483: print *, 'WARNING: poloidal velocity smoothing not available with isplitstep=0'"
141,iteratephi,iteratephi,&inputnl,Time Step,时间推进,integer,0,1,源码 `add_var_*` 注册说明为空；请结合所在逻辑组和下方源码使用位置判断。,分裂推进中，更新密度/输运后再重算一次磁场推进；只用于非线性分裂步，线性模式禁止。,,unstructured/input.f90,475,4,unstructured/input.f90(2); unstructured/time_step_split.f90(1); unstructured/time_step_unsplit.f90(1),"源码引用 4 处；主要在 `input.f90` 2处, `time_step_split.f90` 1处, `time_step_unsplit.f90` 1处。","unstructured/input.f90:1408: if(iteratephi.eq.1) then
unstructured/input.f90:1409: if(myrank.eq.0) print *, ""iteratephi=1 is not allowed with linear=1.""
unstructured/time_step_split.f90:1384: if(iteratephi.eq.1) then
unstructured/time_step_unsplit.f90:327: if(linear.eq.0 .and. iteratephi.eq.0) call clear_mat(s1_mat)"
142,imp_mod,imp_mod,&inputnl,Time Step,时间推进,integer,1,1,Type of split step.  0: Standard;  1: Caramana,源码当前默认 1。0: standard/theta implicit；1: Caramana split-step 形式。 运行时默认：`isplitstep=0` 时校验阶段强制 `imp_mod=0`。,,unstructured/input.f90,476,20,unstructured/ludef_t.f90(9); unstructured/ludef_t_gpu.f90(9); unstructured/electrostatic_potential.f90(1); unstructured/input.f90(1),"源码引用 20 处；主要在 `ludef_t.f90` 9处, `ludef_t_gpu.f90` 9处, `electrostatic_potential.f90` 1处, `input.f90` 1处。","unstructured/electrostatic_potential.f90:599: if(imp_mod.eq.0) then
unstructured/input.f90:1480: imp_mod = 0
unstructured/ludef_t.f90:43: select case(imp_mod)
unstructured/ludef_t.f90:705: select case(imp_mod)
unstructured/ludef_t.f90:1274: select case(imp_mod)
unstructured/ludef_t.f90:1908: if(imp_mod.eq.0) then
unstructured/ludef_t.f90:2787: if(imp_mod.eq.0) then
unstructured/ludef_t.f90:3475: if(imp_mod.eq.0) then
unstructured/ludef_t.f90:4096: if(imp_mod.eq.0) then
unstructured/ludef_t.f90:5904: if(imp_mod.eq.0) then"
143,caramana_fac,caramana_fac,&inputnl,Time Step,时间推进,real,1.,1,Coefficient for the explicit term in Caramana method. 1: Caramana; 0: implicit,,,unstructured/input.f90,478,3,unstructured/ludef_t.f90(3),源码引用 3 处；主要在 `ludef_t.f90` 3处。,"unstructured/ludef_t.f90:47: ththm = -bdf*thimp**2*caramana_fac
unstructured/ludef_t.f90:709: ththm = -bdf*thimp**2*caramana_fac
unstructured/ludef_t.f90:1278: ththm = -bdf*thimp**2*caramana_fac"
144,idiff,idiff,&inputnl,Time Step,时间推进,integer,0,1,"only solve for difference in B,p",,,unstructured/input.f90,480,48,unstructured/model.f90(14); unstructured/ludef_t.f90(13); unstructured/ludef_t_gpu.f90(13); unstructured/time_step_split.f90(5); unstructured/input.f90(2); unstructured/kprad_m3dc1.f90(1),"源码引用 48 处；主要在 `model.f90` 14处, `ludef_t.f90` 13处, `ludef_t_gpu.f90` 13处, `time_step_split.f90` 5处。","unstructured/input.f90:1443: if(isplitstep.eq.0 .and. idiff.eq.1) then
unstructured/input.f90:1444: if(myrank.eq.0) print *, ""idiff=1 not allowed with isplitstep=0""
unstructured/kprad_m3dc1.f90:258: if(idiff .gt. 0) then
unstructured/ludef_t.f90:5560: if(idiff .gt. 0) dd(:,:,psi_g) = dd(:,:,psi_g) - ss(:,:,psi_g)
unstructured/ludef_t.f90:5566: if(idiff .gt. 0) dd(:,:,e_g) = dd(:,:,e_g) - ss(:,:,e_g)
unstructured/ludef_t.f90:5571: if(idiff .gt. 0) dd(:,:,bz_g) = dd(:,:,bz_g) - ss(:,:,bz_g)
unstructured/ludef_t.f90:5581: if(idiff .gt. 0) dd(:,:,p_g) = dd(:,:,p_g) - ss(:,:,p_g)
unstructured/ludef_t.f90:5585: if(idiff .gt. 0) dd(:,:,pe_g) = dd(:,:,pe_g) - ss(:,:,pe_g)
unstructured/ludef_t.f90:5601: if(imp_bf.eq.1 .and. idiff .gt. 0) q_bf(:,:) = q_bf(:,:) - r_bf(:,:)
unstructured/ludef_t.f90:5781: if(idiff .gt. 0) dd(:,:, p_g) = dd(:,:, p_g) - ss(:,:, p_g)"
145,idifv,idifv,&inputnl,Time Step,时间推进,integer,0,1,only solve for difference in v,,,unstructured/input.f90,481,7,unstructured/ludef_t.f90(3); unstructured/ludef_t_gpu.f90(3); unstructured/time_step_split.f90(1),"源码引用 7 处；主要在 `ludef_t.f90` 3处, `ludef_t_gpu.f90` 3处, `time_step_split.f90` 1处。","unstructured/ludef_t.f90:5272: if(idifv .gt. 0) dd(:,:, u_g) = dd(:,:, u_g) - ss(:,:, u_g)
unstructured/ludef_t.f90:5301: if(idifv .gt. 0) dd(:,:, vz_g) = dd(:,:, vz_g) - ss(:,:, vz_g)
unstructured/ludef_t.f90:5307: if(idifv .gt. 0) dd(:,:, chi_g) = dd(:,:, chi_g) - ss(:,:, chi_g)
unstructured/ludef_t_gpu.f90:5992: if(idifv .gt. 0) dd(:,:, u_g) = dd(:,:, u_g) - ss(:,:, u_g)
unstructured/ludef_t_gpu.f90:6021: if(idifv .gt. 0) dd(:,:, vz_g) = dd(:,:, vz_g) - ss(:,:, vz_g)
unstructured/ludef_t_gpu.f90:6027: if(idifv .gt. 0) dd(:,:, chi_g) = dd(:,:, chi_g) - ss(:,:, chi_g)
unstructured/time_step_split.f90:899: if(idifv .gt.0) then"
146,irecalc_eta,irecalc_eta,&inputnl,Time Step,时间推进,integer,0,1,源码 `add_var_*` 注册说明为空；请结合所在逻辑组和下方源码使用位置判断。,分裂步密度求解后重新计算输运系数，使电阻率等使用更新后的密度/温度。,,unstructured/input.f90,482,2,unstructured/time_step_split.f90(2),源码引用 2 处；主要在 `time_step_split.f90` 2处。,"unstructured/time_step_split.f90:991: if(irecalc_eta.eq.1) then
unstructured/time_step_split.f90:1072: if(irecalc_eta.eq.1) then"
147,iconst_eta,iconst_eta,&inputnl,Time Step,时间推进,integer,0,1,源码 `add_var_*` 注册说明为空；请结合所在逻辑组和下方源码使用位置判断。,1 时冻结初始电阻率场，不随温度/密度演化重新构造。,,unstructured/input.f90,483,0,,未发现除注册/声明外的源码引用；可能是废弃参数、条件编译路径参数，或仅由外部工具/库间接使用。,
148,itime_independent,itime_independent,&inputnl,Time Step,时间推进,integer,0,1,源码 `add_var_*` 注册说明为空；请结合所在逻辑组和下方源码使用位置判断。,线性模式下去掉普通时间导数并求频域/稳态响应；程序同时令 `thimp=1`，`frequency` 给出复频率。,,unstructured/input.f90,484,45,unstructured/ludef_t.f90(22); unstructured/ludef_t_gpu.f90(19); unstructured/input.f90(2); unstructured/output.f90(1); unstructured/time_step_unsplit.f90(1),"源码引用 45 处；主要在 `ludef_t.f90` 22处, `ludef_t_gpu.f90` 19处, `input.f90` 2处, `output.f90` 1处。","unstructured/input.f90:1556: if(itime_independent.eq.1) then
unstructured/input.f90:1561: print *, 'itime_independent=1 only available when linear=1'
unstructured/ludef_t.f90:54: if(itime_independent.eq.1) then
unstructured/ludef_t.f90:107: if(itime_independent.eq.0) ddterm(:,u_g) = ddterm(:,u_g) + tempx*bdf
unstructured/ludef_t.f90:112: if(itime_independent.eq.0) ddterm(:,chi_g) = ddterm(:,chi_g) + tempx*bdf
unstructured/ludef_t.f90:722: if(itime_independent.eq.1) then
unstructured/ludef_t.f90:769: if(itime_independent.eq.0) ddterm(:,vz_g) = ddterm(:,vz_g) + tempx*bdf
unstructured/ludef_t.f90:1291: if(itime_independent.eq.1) then
unstructured/ludef_t.f90:1353: if(itime_independent.eq.0) ddterm(:,u_g) = ddterm(:,u_g) + tempx*bdf
unstructured/ludef_t.f90:1357: if(itime_independent.eq.0) ddterm(:,chi_g) = ddterm(:,chi_g) + tempx*bdf"
149,thimp,thimp,&inputnl,Time Step,时间推进,real,0.5,1,Implicitness of timestep (.5<thimp<1),,,unstructured/input.f90,485,445,unstructured/ludef_t.f90(310); unstructured/ludef_t_gpu.f90(113); unstructured/kprad_m3dc1.f90(16); unstructured/input.f90(3); unstructured/electrostatic_potential.f90(1); unstructured/hypervisc.f90(1); unstructured/output.f90(1),"源码引用 445 处；主要在 `ludef_t.f90` 310处, `ludef_t_gpu.f90` 113处, `kprad_m3dc1.f90` 16处, `input.f90` 3处。","unstructured/electrostatic_potential.f90:597: thimp_e = thimp
unstructured/hypervisc.f90:54: thimp_sm = thimp
unstructured/input.f90:486: ""Implicitness of timestep (.5<thimp<1)"", time_grp)
unstructured/input.f90:1553: thimp = 1.
unstructured/input.f90:1557: thimp = 1.
unstructured/kprad_m3dc1.f90:327: ssterm(:,j) = ssterm(:,j) - thimp *dti*tempx
unstructured/kprad_m3dc1.f90:328: ddterm(:,j) = ddterm(:,j) + (1.-thimp)*dti*tempx
unstructured/kprad_m3dc1.f90:331: ssterm(:,j) = ssterm(:,j) - thimp *dti*tempx
unstructured/kprad_m3dc1.f90:332: ddterm(:,j) = ddterm(:,j) + (1.-thimp)*dti*tempx
unstructured/kprad_m3dc1.f90:340: ssterm(:,j) = ssterm(:,j) - thimp *dti*tempx"
150,thimpsm,thimpsm,&inputnl,Time Step,时间推进,real,1.,1,源码 `add_var_*` 注册说明为空；请结合所在逻辑组和下方源码使用位置判断。,平滑器/辅助隐式项使用的 theta 权重，与主时间离散的 `thimp` 分开。,,unstructured/input.f90,487,2,unstructured/newvar.f90(2),源码引用 2 处；主要在 `newvar.f90` 2处。,"unstructured/newvar.f90:251: temp(:,:,1,2) = -thimpsm*intxx2(mu79(:,:,OP_1),nu79(:,:,OP_GS))
unstructured/newvar.f90:255: temp(:,:,1,2) = (1.-thimpsm)*&"
151,harned_mikic,harned_mikic,&inputnl,Time Step,时间推进,real,0.,1,源码 `add_var_*` 注册说明为空；请结合所在逻辑组和下方源码使用位置判断。,二场模型的 Harned-Mikic 数值稳定项系数；0 关闭，非零时抑制特定高速/高频耦合。,,unstructured/input.f90,488,10,unstructured/harned_mikic.f90(8); unstructured/ludef_t.f90(2),"源码引用 10 处；主要在 `harned_mikic.f90` 8处, `ludef_t.f90` 2处。","unstructured/harned_mikic.f90:18: db.eq.0. .or. harned_mikic.eq.0.) then
unstructured/harned_mikic.f90:23: psiterm = -db**2*harned_mikic*b1hm(trial,lin,ni79,bzt79,bzt79)
unstructured/harned_mikic.f90:90: bterm = bterm*db**2*harned_mikic
unstructured/harned_mikic.f90:91: psiterm = psiterm*db**2*harned_mikic
unstructured/harned_mikic.f90:108: db.eq.0. .or. harned_mikic.eq.0.) then
unstructured/harned_mikic.f90:113: bterm = -db**2*harned_mikic*b2hm(trial,lin,ni79,bzt79,bzt79)
unstructured/harned_mikic.f90:245: bterm = bterm*db**2*harned_mikic
unstructured/harned_mikic.f90:246: psiterm = psiterm*db**2*harned_mikic
unstructured/ludef_t.f90:2661: if(itwofluid.eq.1 .and. harned_mikic.ne.0) then
unstructured/ludef_t.f90:3362: if(itwofluid.eq.1 .and. harned_mikic.ne.0) then"
152,isources,isources,&inputnl,Time Step,时间推进,integer,0,1,源码 `add_var_*` 注册说明为空；请结合所在逻辑组和下方源码使用位置判断。,1 时把粒子注入等源项导致的动量修正放入速度推进；要求计算标量诊断以取得所需全局量。,,unstructured/input.f90,489,2,unstructured/input.f90(2),源码引用 2 处；主要在 `input.f90` 2处。,"unstructured/input.f90:1521: if(isources.eq.1) then
unstructured/input.f90:1522: if(myrank.eq.0) print *, 'ERROR: isources=1 requires icalcscalars=1'"
153,nskip,nskip,&inputnl,Time Step,时间推进,integer,1,1,源码 `add_var_*` 注册说明为空；请结合所在逻辑组和下方源码使用位置判断。,有限元系统矩阵重建的时间步间隔；1 每步重建，较大值在系数变化慢时复用矩阵。,,unstructured/input.f90,490,1,unstructured/time_step.f90(1),源码引用 1 处；主要在 `time_step.f90` 1处。,"unstructured/time_step.f90:105: .or. (linear.eq.0 .and. mod(ntime,nskip).eq.0) &"
154,pskip,pskip,&inputnl,Time Step,时间推进,integer,0,1,源码 `add_var_*` 注册说明为空；请结合所在逻辑组和下方源码使用位置判断。,源码当前默认 0；官方文档写 1。控制预条件器重算/复用相关周期。,,unstructured/input.f90,491,4,unstructured/time_step_split.f90(4),源码引用 4 处；主要在 `time_step_split.f90` 4处。,"unstructured/time_step_split.f90:476: if(mod(ntime,pskip)==0) then
unstructured/time_step_split.f90:484: if(pskip==0) then
unstructured/time_step_split.f90:488: else if(pskip==1) then
unstructured/time_step_split.f90:499: if(mod(ntime,pskip)==0) then"
155,iskippc,iskippc,&inputnl,Time Step,时间推进,integer,1,1,源码 `add_var_*` 注册说明为空；请结合所在逻辑组和下方源码使用位置判断。,后端线性求解中预条件器可复用的调用次数/周期控制；与分裂步层面的 `pskip` 分开。,,unstructured/input.f90,492,2,unstructured/get_pc_skip_count.f90(2),源码引用 2 处；主要在 `get_pc_skip_count.f90` 2处。,"unstructured/get_pc_skip_count.f90:2: use basic, ONLY: iskippc, myrank
unstructured/get_pc_skip_count.f90:7: MAX_SAME_PC_COUNT = iskippc"
156,dt,dt,&inputnl,Time Step,时间推进,real,0.1,1,Size of time step,,,unstructured/input.f90,493,1498,unstructured/ludef_t.f90(1014); unstructured/ludef_t_gpu.f90(334); unstructured/bootstrap.f90(36); unstructured/electrostatic_potential.f90(20); unstructured/time_step.f90(14); unstructured/error_estimate.f90(9); unstructured/particle.f90(8); unstructured/particle_com.f90(8),"源码引用 1498 处；主要在 `ludef_t.f90` 1014处, `ludef_t_gpu.f90` 334处, `bootstrap.f90` 36处, `electrostatic_potential.f90` 20处。","unstructured/bootstrap.f90:63: ssterm(:,pp_g) = ssterm(:,pp_g) - thimpi *dt*temp
unstructured/bootstrap.f90:64: ddterm(:,pp_g) = ddterm(:,pp_g) + (1. - thimpi*bdf)*dt*temp
unstructured/bootstrap.f90:612: ssterm(:,psi_g) = ssterm(:,psi_g) - thimpf *dt*temp
unstructured/bootstrap.f90:613: ddterm(:,psi_g) = ddterm(:,psi_g) + (1./2. - thimpf*bdf)*dt*temp
unstructured/bootstrap.f90:619: ssterm(:,psi_g) = ssterm(:,psi_g) - thimpf *dt*temp
unstructured/bootstrap.f90:620: ddterm(:,psi_g) = ddterm(:,psi_g) + (1. - thimpf*bdf)*dt*temp
unstructured/bootstrap.f90:628: ssterm(:,psi_g) = ssterm(:,psi_g) - thimpf *dt*temp
unstructured/bootstrap.f90:629: ddterm(:,psi_g) = ddterm(:,psi_g) + (3./12. - thimpf*bdf)*dt*temp
unstructured/bootstrap.f90:638: ssterm(:,bz_g) = ssterm(:,bz_g) - thimpf *dt*temp
unstructured/bootstrap.f90:639: ddterm(:,bz_g) = ddterm(:,bz_g) + (3./12. - thimpf*bdf)*dt*temp"
157,ddt,ddt,&inputnl,Time Step,时间推进,real,0.,1,源码 `add_var_*` 注册说明为空；请结合所在逻辑组和下方源码使用位置判断。,,,unstructured/input.f90,495,0,,未发现除注册/声明外的源码引用；可能是废弃参数、条件编译路径参数，或仅由外部工具/库间接使用。,
158,frequency,frequency,&inputnl,Time Step,时间推进,real,0.,1,Frequency in time-independent calculations,,,unstructured/input.f90,497,25,unstructured/ludef_t.f90(9); unstructured/ludef_t_gpu.f90(9); unstructured/input.f90(4); unstructured/init_circle.f90(1); unstructured/init_wave.f90(1); unstructured/output.f90(1),"源码引用 25 处；主要在 `ludef_t.f90` 9处, `ludef_t_gpu.f90` 9处, `input.f90` 4处, `init_circle.f90` 1处。","unstructured/init_circle.f90:33: print *, 'Analytic resonant frequency: ', j0*ntor*(q0 - mpol/ntor)/(2.*sqrt(den0))
unstructured/init_wave.f90:131: print *, ""Wave angular frequency: "", omega
unstructured/input.f90:498: ""Frequency in time-independent calculations"", time_grp)
unstructured/input.f90:900: ""Loop voltage frequency"", source_grp)
unstructured/input.f90:1565: if(frequency.ne.0) then
unstructured/input.f90:1567: print *, 'Warning: ""frequency"" ignored in time-dependent calculations'
unstructured/ludef_t.f90:56: freq_fac = (0,1)*frequency*dt
unstructured/ludef_t.f90:724: freq_fac = (0,1)*frequency*dt
unstructured/ludef_t.f90:1293: freq_fac = (0,1)*frequency*dt
unstructured/ludef_t.f90:1928: freq_fac = (0,1)*frequency*dt"
159,gamma_gr_stop,gamma_gr_stop,&inputnl,Time Step,时间推进,integer,0,1,Stop linear simulation when growth rate gamma is converged,,,unstructured/input.f90,500,1,unstructured/output.f90(1),源码引用 1 处；主要在 `output.f90` 1处。,unstructured/output.f90:123: if(linear.eq.1 .and. gamma_gr_stop.eq.1) then
160,nt_gamma_gr,nt_gamma_gr,&inputnl,Time Step,时间推进,integer,10,1,Number of time steps considered for gamma convergence check,,,unstructured/input.f90,501,3,unstructured/output.f90(3),源码引用 3 处；主要在 `output.f90` 3处。,"unstructured/output.f90:20: allocate(gamma_buffer(nt_gamma_gr))
unstructured/output.f90:124: gamma_idx = mod(gamma_idx, nt_gamma_gr) + 1
unstructured/output.f90:129: if ( (ntime-ntime0).ge.nt_gamma_gr ) then"
161,gamma_gr_stop_std,gamma_gr_stop_std,&inputnl,Time Step,时间推进,real,0.01,1,Standard deviation under which gamma is considered converged,,,unstructured/input.f90,502,1,unstructured/output.f90(1),源码引用 1 处；主要在 `output.f90` 1处。,unstructured/output.f90:130: if (abs(gamma_std/gamma_mean) .lt. gamma_gr_stop_std) then
162,dtmin,dtmin,&inputnl,Time Step,时间推进,real,4.0,1,minimum time step,,,unstructured/input.f90,507,1,unstructured/time_step.f90(1),源码引用 1 处；主要在 `time_step.f90` 1处。,"unstructured/time_step.f90:365: dt = max(dt,dtmin)"
163,dtmax,dtmax,&inputnl,Time Step,时间推进,real,40.,1,maximum time step,,,unstructured/input.f90,508,1,unstructured/time_step.f90(1),源码引用 1 处；主要在 `time_step.f90` 1处。,"unstructured/time_step.f90:366: dt = min(dt,dtmax)"
164,dtkecrit,dtkecrit,&inputnl,Time Step,时间推进,real,0.0,1,ekin limit on timestep,,,unstructured/input.f90,509,5,unstructured/time_step.f90(4); unstructured/newpar.f90(1),"源码引用 5 处；主要在 `time_step.f90` 4处, `newpar.f90` 1处。","unstructured/newpar.f90:259: if(dtkecrit.eq.0) dt = dtsave
unstructured/time_step.f90:179: if((maxiter .lt. ksp_max) .or. dtkecrit .le. 0) exit
unstructured/time_step.f90:343: if(dtkecrit.gt.0) then
unstructured/time_step.f90:350: if(ekin.gt.dtkecrit) then
unstructured/time_step.f90:368: if(iprint.ge.1) write(*,'(""dtold,dt,dtkecrit,ekin"",1p4e12.4)') dtold,dt,dtkecrit,ekin"
165,dtfrac,dtfrac,&inputnl,Time Step,时间推进,real,0.1,1,fractional change of time step,,,unstructured/input.f90,510,3,unstructured/time_step.f90(3),源码引用 3 处；主要在 `time_step.f90` 3处。,"unstructured/time_step.f90:351: dt = dtold/(1. + dtfrac)
unstructured/time_step.f90:360: if(maxiter .gt. ksp_warn) dt = dtold/(1. + dtfrac)
unstructured/time_step.f90:361: if(maxiter .lt. ksp_min) dt = dtold*(1. + dtfrac)"
166,max_repeat,max_repeat,&inputnl,Time Step,时间推进,integer,1,1,maximum number of times a time step can be attempted,,,unstructured/input.f90,511,1,unstructured/time_step.f90(1),源码引用 1 处；主要在 `time_step.f90` 1处。,"unstructured/time_step.f90:124: do irepeat = 1, max_repeat"
167,ksp_max,ksp_max,&inputnl,Time Step,时间推进,integer,10000,1,maximum number of ksp iterations without repeating time step,,,unstructured/input.f90,513,2,unstructured/time_step.f90(2),源码引用 2 处；主要在 `time_step.f90` 2处。,"unstructured/time_step.f90:178: if(myrank.eq.0) write(*,'(A,2i5)') 'ksp_max, maxiter =', ksp_max, maxiter
unstructured/time_step.f90:179: if((maxiter .lt. ksp_max) .or. dtkecrit .le. 0) exit"
168,ksp_min,ksp_min,&inputnl,Time Step,时间推进,integer,500,1,time step is increased if max ksp iterations is less than this,,,unstructured/input.f90,515,2,unstructured/time_step.f90(2),源码引用 2 处；主要在 `time_step.f90` 2处。,"unstructured/time_step.f90:361: if(maxiter .lt. ksp_min) dt = dtold*(1. + dtfrac)
unstructured/time_step.f90:362: if(iprint.ge.1) write(*,'(""maxiter, ksp_warn, ksp_min"",3i5)') maxiter, ksp_warn, ksp_min"
169,ksp_warn,ksp_warn,&inputnl,Time Step,时间推进,integer,1000,1,time step is reduced if max ksp iterations exceeds this,,,unstructured/input.f90,517,2,unstructured/time_step.f90(2),源码引用 2 处；主要在 `time_step.f90` 2处。,"unstructured/time_step.f90:360: if(maxiter .gt. ksp_warn) dt = dtold/(1. + dtfrac)
unstructured/time_step.f90:362: if(iprint.ge.1) write(*,'(""maxiter, ksp_warn, ksp_min"",3i5)') maxiter, ksp_warn, ksp_min"
170,jadv,jadv,&inputnl,Numerical Options,数值选项,integer,1,1,Use Del*(psi) eqn. instead of psi eqn.,1 使用环向电流密度方程代替极向磁通方程；官方文档旧表写 0，但当前源码默认是 1。,,unstructured/input.f90,521,174,unstructured/metricterms_new_gpu.f90(56); unstructured/metricterms_new.f90(42); unstructured/ludef_t.f90(11); unstructured/electric_field.f90(8); unstructured/auxiliary_fields.f90(7); unstructured/ludef_t_gpu.f90(7); unstructured/bootstrap.f90(6); unstructured/time_step_split.f90(6),"源码引用 174 处；主要在 `metricterms_new_gpu.f90` 56处, `metricterms_new.f90` 42处, `ludef_t.f90` 11处, `electric_field.f90` 8处。","unstructured/auxiliary_fields.f90:56: if(jadv.eq.0) then
unstructured/auxiliary_fields.f90:105: if(jadv.eq.0) then
unstructured/auxiliary_fields.f90:163: if(jadv.eq.0) then
unstructured/auxiliary_fields.f90:704: if(jadv.eq.0) then
unstructured/auxiliary_fields.f90:744: if(jadv.eq.0) def_fields = def_fields + FIELD_ES
unstructured/auxiliary_fields.f90:995: if(jadv.eq.0) then
unstructured/auxiliary_fields.f90:1167: if(jadv.eq.0) then
unstructured/bootstrap.f90:194: if(jadv.eq.0) then
unstructured/bootstrap.f90:281: if(jadv.eq.0) then
unstructured/bootstrap.f90:393: if(jadv.eq.0) then"
171,int_pts_main,int_pts_main,&inputnl,Numerical Options,数值选项,integer,25,1,源码 `add_var_*` 注册说明为空；请结合所在逻辑组和下方源码使用位置判断。,主演化弱式在每个二维三角形上的 Gaussian 积分点数；必须是程序已实现的 Dunavant 阶数。,,unstructured/input.f90,524,91,unstructured/gradshafranov.f90(13); unstructured/init_common.f90(12); unstructured/particle.f90(11); unstructured/particle_com.f90(8); unstructured/runaway_advection.f90(6); unstructured/output.f90(5); unstructured/kprad_m3dc1.f90(4); unstructured/rmp.f90(4),"源码引用 91 处；主要在 `gradshafranov.f90` 13处, `init_common.f90` 12处, `particle.f90` 11处, `particle_com.f90` 8处。","unstructured/adapt.f90:112: call define_element_quadrature(itri,int_pts_main,int_pts_tor)
unstructured/biharmonic.f90:98: call define_element_quadrature(itri,int_pts_main,5)
unstructured/biharmonic.f90:200: call define_element_quadrature(itri,int_pts_main,5)
unstructured/coils.f90:195: call define_element_quadrature(itri,int_pts_main,int_pts_tor)
unstructured/geometry.f90:46: call define_element_quadrature(itri,int_pts_main,int_pts_tor)
unstructured/geometry.f90:87: call define_element_quadrature(itri,int_pts_main,int_pts_tor)
unstructured/gradshafranov.f90:1185: call define_element_quadrature(itri,int_pts_main,int_tor)
unstructured/gradshafranov.f90:1431: call define_element_quadrature(itri, int_pts_main, int_tor)
unstructured/gradshafranov.f90:1497: call define_element_quadrature(itri, int_pts_main, int_tor)
unstructured/gradshafranov.f90:1526: call define_element_quadrature(itri, int_pts_main, int_tor)"
172,int_pts_aux,int_pts_aux,&inputnl,Numerical Options,数值选项,integer,25,1,源码 `add_var_*` 注册说明为空；请结合所在逻辑组和下方源码使用位置判断。,辅助场投影/构造所用的二维积分点数；提高它增加后处理与系数构造成本。,,unstructured/input.f90,525,10,unstructured/auxiliary_fields.f90(5); unstructured/input.f90(3); unstructured/diagnostics.f90(1); unstructured/transport.f90(1),"源码引用 10 处；主要在 `auxiliary_fields.f90` 5处, `input.f90` 3处, `diagnostics.f90` 1处, `transport.f90` 1处。","unstructured/auxiliary_fields.f90:237: call define_element_quadrature(itri, int_pts_aux, 5)
unstructured/auxiliary_fields.f90:359: call define_element_quadrature(itri, int_pts_aux, 5)
unstructured/auxiliary_fields.f90:503: call define_element_quadrature(itri, int_pts_aux, 5)
unstructured/auxiliary_fields.f90:754: call define_element_quadrature(itri, int_pts_aux, 5)
unstructured/auxiliary_fields.f90:1248: call define_element_quadrature(itri, int_pts_aux, 5)
unstructured/diagnostics.f90:1996: call define_element_quadrature(itri, int_pts_aux, 5)
unstructured/input.f90:1533: if(int_pts_aux*int_pts_tor .gt. MAX_PTS) then
unstructured/input.f90:1534: if(myrank.eq.0) print*, 'ERROR: int_pts_aux > MAX_PTS = ', MAX_PTS
unstructured/input.f90:1542: (.not.quadrature_implemented(int_pts_aux)) .or. &
unstructured/transport.f90:1718: call define_element_quadrature(itri, int_pts_aux, 5)"
173,int_pts_diag,int_pts_diag,&inputnl,Numerical Options,数值选项,integer,25,1,源码 `add_var_*` 注册说明为空；请结合所在逻辑组和下方源码使用位置判断。,标量和诊断积分使用的二维积分点数。,,unstructured/input.f90,526,14,unstructured/diagnostics.f90(6); unstructured/input.f90(3); unstructured/gradshafranov.f90(2); unstructured/init_basicq.f90(1); unstructured/init_conds.f90(1); unstructured/init_kstar.f90(1),"源码引用 14 处；主要在 `diagnostics.f90` 6处, `input.f90` 3处, `gradshafranov.f90` 2处, `init_basicq.f90` 1处。","unstructured/diagnostics.f90:826: call define_element_quadrature(itri, int_pts_diag, int_pts_tor)
unstructured/diagnostics.f90:1230: call define_element_quadrature(itri, int_pts_diag, int_pts_tor)
unstructured/diagnostics.f90:2428: call define_element_quadrature(itri, int_pts_diag, int_pts_tor)
unstructured/diagnostics.f90:2632: call define_element_quadrature(itri, int_pts_diag, int_pts_tor)
unstructured/diagnostics.f90:2792: call define_element_quadrature(itri,int_pts_diag,int_pts_tor)
unstructured/diagnostics.f90:3000: call define_element_quadrature(itri, int_pts_diag, int_pts_tor)
unstructured/gradshafranov.f90:2115: call define_element_quadrature(itri,int_pts_diag, int_pts_tor)
unstructured/gradshafranov.f90:2907: call define_element_quadrature(itri, int_pts_diag, int_tor)
unstructured/init_basicq.f90:117: call define_element_quadrature(itri,int_pts_diag, int_pts_tor)
unstructured/init_conds.f90:797: call define_element_quadrature(itri,int_pts_diag, int_pts_tor)"
174,int_pts_tor,int_pts_tor,&inputnl,Numerical Options,数值选项,integer,5,1,源码 `add_var_*` 注册说明为空；请结合所在逻辑组和下方源码使用位置判断。,三维棱柱在环向 Hermite 方向的积分点数；非 3D 编译会强制为 1，且与二维点数乘积不能超过内部上限。,,unstructured/input.f90,527,76,unstructured/init_common.f90(12); unstructured/particle.f90(11); unstructured/particle_com.f90(8); unstructured/diagnostics.f90(6); unstructured/runaway_advection.f90(6); unstructured/output.f90(5); unstructured/input.f90(4); unstructured/init_basicj.f90(3),"源码引用 76 处；主要在 `init_common.f90` 12处, `particle.f90` 11处, `particle_com.f90` 8处, `diagnostics.f90` 6处。","unstructured/adapt.f90:112: call define_element_quadrature(itri,int_pts_main,int_pts_tor)
unstructured/coils.f90:195: call define_element_quadrature(itri,int_pts_main,int_pts_tor)
unstructured/diagnostics.f90:826: call define_element_quadrature(itri, int_pts_diag, int_pts_tor)
unstructured/diagnostics.f90:1230: call define_element_quadrature(itri, int_pts_diag, int_pts_tor)
unstructured/diagnostics.f90:2428: call define_element_quadrature(itri, int_pts_diag, int_pts_tor)
unstructured/diagnostics.f90:2632: call define_element_quadrature(itri, int_pts_diag, int_pts_tor)
unstructured/diagnostics.f90:2792: call define_element_quadrature(itri,int_pts_diag,int_pts_tor)
unstructured/diagnostics.f90:3000: call define_element_quadrature(itri, int_pts_diag, int_pts_tor)
unstructured/geometry.f90:46: call define_element_quadrature(itri,int_pts_main,int_pts_tor)
unstructured/geometry.f90:87: call define_element_quadrature(itri,int_pts_main,int_pts_tor)"
175,max_ke,max_ke,&inputnl,Numerical Options,数值选项,real,1.,1,Value of ke at which linear sims are rescaled；(ignore if 0),,,unstructured/input.f90,528,1,unstructured/time_step.f90(1),源码引用 1 处；主要在 `time_step.f90` 1处。,unstructured/time_step.f90:301: if(ekin.lt.max_ke .or. max_ke.eq.0) return
176,equilibrate,equilibrate,&inputnl,Numerical Options,数值选项,integer,0,1,源码 `add_var_*` 注册说明为空；请结合所在逻辑组和下方源码使用位置判断。,,,unstructured/input.f90,530,6,unstructured/newpar.f90(3); unstructured/gradshafranov.f90(1); unstructured/kprad_m3dc1.f90(1); unstructured/m3dc1_nint.f90(1),"源码引用 6 处；主要在 `newpar.f90` 3处, `gradshafranov.f90` 1处, `kprad_m3dc1.f90` 1处, `m3dc1_nint.f90` 1处。","unstructured/gradshafranov.f90:2068: if(equilibrate.ne.0) temp(i) = temp(i)*equil_fac(i, itri)
unstructured/kprad_m3dc1.f90:942: if(equilibrate.ne.0) temp(:) = temp(:)*equil_fac(:, itri(j))
unstructured/m3dc1_nint.f90:389: if(equilibrate.ne.0) then
unstructured/newpar.f90:1212: select case(equilibrate)
unstructured/newpar.f90:1494: if(equilibrate.ne.0) deallocate(equil_fac)
unstructured/newpar.f90:1502: if(equilibrate.ne.0) allocate(equil_fac(dofs_per_element,numelms))"
177,regular,regular,&inputnl,Numerical Options,数值选项,real,0.,1,源码 `add_var_*` 注册说明为空；请结合所在逻辑组和下方源码使用位置判断。,小分母/坐标奇点的正则化尺度；USEST 逻辑 rho 模型使用 `sqrt(rho^2+regular^2)`，压缩势方程也复用该量。,,unstructured/input.f90,531,21,unstructured/transport.f90(7); unstructured/ludef_t.f90(4); unstructured/init_vmec.f90(3); unstructured/init_common.f90(2); unstructured/newvar.f90(2); unstructured/rmp.f90(2); unstructured/ludef_t_gpu.f90(1),"源码引用 21 处；主要在 `transport.f90` 7处, `ludef_t.f90` 4处, `init_vmec.f90` 3处, `init_common.f90` 2处。","unstructured/init_common.f90:336: temp79b = sqrt((xl_79-xcenter)**2 + (zl_79-zcenter)**2 + regular**2)
unstructured/init_common.f90:346: temp79b = (xl_79-xcenter)**2 + (zl_79-zcenter)**2 + regular**2
unstructured/init_vmec.f90:129: + regular*intxx3(mu79(:,:,OP_1),nu79(:,:,OP_1),ri2_79)
unstructured/init_vmec.f90:140: -regular*intxx3(mu79(:,:,OP_1),nu79(:,:,OP_1),ri4_79)
unstructured/init_vmec.f90:313: r = sqrt((x - xcenter)**2 + (z - zcenter)**2 + regular**2)
unstructured/ludef_t.f90:97: tempx = -regular*intx2(trialx(:,:,OP_1),lin(:,OP_1))
unstructured/ludef_t.f90:1329: tempx = -regular*intx2(trialx(:,:,OP_1),lin(:,OP_1))
unstructured/ludef_t.f90:1955: tempx = -regular*intx2(trialx(:,:,OP_1),lin(:,OP_1))
unstructured/ludef_t.f90:4796: r_bf = r_bf - regular*intx3(trial(:,:,OP_1),r2_79,lin(:,OP_1))
unstructured/ludef_t_gpu.f90:5453: r_bf = r_bf - regular*intx3(trial(:,:,OP_1),r2_79,lin(:,OP_1))"
178,iset_pe_floor,iset_pe_floor,&inputnl,Numerical Options,数值选项,integer,0,1,1: Do not let pe drop below pe_floor,,,unstructured/input.f90,532,4,unstructured/m3dc1_nint.f90(3); unstructured/input.f90(1),"源码引用 4 处；主要在 `m3dc1_nint.f90` 3处, `input.f90` 1处。","unstructured/input.f90:535: ""Minimum allowed value for pe when iset_pe_floor=1"", num_grp)
unstructured/m3dc1_nint.f90:929: p_floor = iset_pe_floor*pe_floor + iset_pi_floor*pi_floor
unstructured/m3dc1_nint.f90:931: if(iset_pe_floor.eq.1) then
unstructured/m3dc1_nint.f90:953: if(iset_pe_floor.eq.1 .or. iset_pi_floor.eq.1) then"
179,pe_floor,pe_floor,&inputnl,Numerical Options,数值选项,real,0.,1,Minimum allowed value for pe when iset_pe_floor=1,,,unstructured/input.f90,534,6,unstructured/m3dc1_nint.f90(5); unstructured/input.f90(1),"源码引用 6 处；主要在 `m3dc1_nint.f90` 5处, `input.f90` 1处。","unstructured/input.f90:533: ""1: Do not let pe drop below pe_floor"", num_grp)
unstructured/m3dc1_nint.f90:929: p_floor = iset_pe_floor*pe_floor + iset_pi_floor*pi_floor
unstructured/m3dc1_nint.f90:933: where(real(pet79(:,OP_1)).lt.pe_floor)
unstructured/m3dc1_nint.f90:934: pe179(:,OP_1) = pe_floor - pe079(:,OP_1)
unstructured/m3dc1_nint.f90:937: where(real(pet79(:,OP_1)).lt.pe_floor)
unstructured/m3dc1_nint.f90:938: pet79(:,OP_1) = pe_floor"
180,iset_pi_floor,iset_pi_floor,&inputnl,Numerical Options,数值选项,integer,0,1,1: Do not let pi drop below pi_floor,,,unstructured/input.f90,536,4,unstructured/m3dc1_nint.f90(3); unstructured/input.f90(1),"源码引用 4 处；主要在 `m3dc1_nint.f90` 3处, `input.f90` 1处。","unstructured/input.f90:539: ""Minimum allowed value for pi when iset_pi_floor=1"", num_grp)
unstructured/m3dc1_nint.f90:929: p_floor = iset_pe_floor*pe_floor + iset_pi_floor*pi_floor
unstructured/m3dc1_nint.f90:942: if(iset_pi_floor.eq.1) then
unstructured/m3dc1_nint.f90:953: if(iset_pe_floor.eq.1 .or. iset_pi_floor.eq.1) then"
181,pi_floor,pi_floor,&inputnl,Numerical Options,数值选项,real,0.,1,Minimum allowed value for pi when iset_pi_floor=1,,,unstructured/input.f90,538,6,unstructured/m3dc1_nint.f90(5); unstructured/input.f90(1),"源码引用 6 处；主要在 `m3dc1_nint.f90` 5处, `input.f90` 1处。","unstructured/input.f90:537: ""1: Do not let pi drop below pi_floor"", num_grp)
unstructured/m3dc1_nint.f90:929: p_floor = iset_pe_floor*pe_floor + iset_pi_floor*pi_floor
unstructured/m3dc1_nint.f90:944: where(real(pit79(:,OP_1)).lt.pi_floor)
unstructured/m3dc1_nint.f90:945: pi179(:,OP_1) = pi_floor - pi079(:,OP_1)
unstructured/m3dc1_nint.f90:948: where(real(pit79(:,OP_1)).lt.pi_floor)
unstructured/m3dc1_nint.f90:949: pit79(:,OP_1) = pi_floor"
182,iset_ne_floor,iset_ne_floor,&inputnl,Numerical Options,数值选项,integer,0,1,1: Do not let ne drop below ne_floor,,,unstructured/input.f90,540,2,unstructured/input.f90(1); unstructured/m3dc1_nint.f90(1),"源码引用 2 处；主要在 `input.f90` 1处, `m3dc1_nint.f90` 1处。","unstructured/input.f90:543: ""Minimum allowed value for ne when iset_ne_floor=1"", num_grp)
unstructured/m3dc1_nint.f90:1009: if(iset_ne_floor.eq.1) then"
183,ne_floor,ne_floor,&inputnl,Numerical Options,数值选项,real,0.,1,Minimum allowed value for ne when iset_ne_floor=1,,,unstructured/input.f90,542,5,unstructured/m3dc1_nint.f90(4); unstructured/input.f90(1),"源码引用 5 处；主要在 `m3dc1_nint.f90` 4处, `input.f90` 1处。","unstructured/input.f90:541: ""1: Do not let ne drop below ne_floor"", num_grp)
unstructured/m3dc1_nint.f90:1011: where(real(net79(:,OP_1)).lt.ne_floor)
unstructured/m3dc1_nint.f90:1012: ne179(:,OP_1) = ne_floor - ne079(:,OP_1)
unstructured/m3dc1_nint.f90:1015: where(real(net79(:,OP_1)).lt.ne_floor)
unstructured/m3dc1_nint.f90:1016: net79(:,OP_1) = ne_floor"
184,iset_ni_floor,iset_ni_floor,&inputnl,Numerical Options,数值选项,integer,0,1,1: Do not let ni drop below ni_floor,,,unstructured/input.f90,544,2,unstructured/input.f90(1); unstructured/m3dc1_nint.f90(1),"源码引用 2 处；主要在 `input.f90` 1处, `m3dc1_nint.f90` 1处。","unstructured/input.f90:547: ""Minimum allowed value for ni when iset_ni_floor=1"", num_grp)
unstructured/m3dc1_nint.f90:1020: if(iset_ni_floor.eq.1) then"
185,ni_floor,ni_floor,&inputnl,Numerical Options,数值选项,real,0.,1,Minimum allowed value for ni when iset_ni_floor=1,,,unstructured/input.f90,546,5,unstructured/m3dc1_nint.f90(4); unstructured/input.f90(1),"源码引用 5 处；主要在 `m3dc1_nint.f90` 4处, `input.f90` 1处。","unstructured/input.f90:545: ""1: Do not let ni drop below ni_floor"", num_grp)
unstructured/m3dc1_nint.f90:1022: where(real(nt79(:,OP_1)).lt.ni_floor)
unstructured/m3dc1_nint.f90:1023: n179(:,OP_1) = ni_floor - n079(:,OP_1)
unstructured/m3dc1_nint.f90:1026: where(real(nt79(:,OP_1)).lt.ni_floor)
unstructured/m3dc1_nint.f90:1027: nt79(:,OP_1) = ni_floor"
186,iset_te_floor,iset_te_floor,&inputnl,Numerical Options,数值选项,integer,0,1,1: Do not let Te drop below te_floor,,,unstructured/input.f90,548,2,unstructured/input.f90(1); unstructured/m3dc1_nint.f90(1),"源码引用 2 处；主要在 `input.f90` 1处, `m3dc1_nint.f90` 1处。","unstructured/input.f90:551: ""Minimum allowed value for Te when iset_te_floor=1"", num_grp)
unstructured/m3dc1_nint.f90:1106: if(iset_te_floor.eq.1) then"
187,te_floor,te_floor,&inputnl,Numerical Options,数值选项,real,0.,1,Minimum allowed value for Te when iset_te_floor=1,,,unstructured/input.f90,550,5,unstructured/m3dc1_nint.f90(4); unstructured/input.f90(1),"源码引用 5 处；主要在 `m3dc1_nint.f90` 4处, `input.f90` 1处。","unstructured/input.f90:549: ""1: Do not let Te drop below te_floor"", num_grp)
unstructured/m3dc1_nint.f90:1108: where(real(tet79(:,OP_1)).lt.te_floor)
unstructured/m3dc1_nint.f90:1109: te179(:,OP_1) = te_floor - te079(:,OP_1)
unstructured/m3dc1_nint.f90:1112: where(real(tet79(:,OP_1)).lt.te_floor)
unstructured/m3dc1_nint.f90:1113: tet79(:,OP_1) = te_floor"
188,iset_ti_floor,iset_ti_floor,&inputnl,Numerical Options,数值选项,integer,0,1,1: Do not let Ti drop below ti_floor,,,unstructured/input.f90,552,2,unstructured/input.f90(1); unstructured/m3dc1_nint.f90(1),"源码引用 2 处；主要在 `input.f90` 1处, `m3dc1_nint.f90` 1处。","unstructured/input.f90:555: ""Minimum allowed value for Ti when iset_ti_floor=1"", num_grp)
unstructured/m3dc1_nint.f90:1138: if(iset_ti_floor.eq.1) then"
189,ti_floor,ti_floor,&inputnl,Numerical Options,数值选项,real,0.,1,Minimum allowed value for Ti when iset_ti_floor=1,,,unstructured/input.f90,554,5,unstructured/m3dc1_nint.f90(4); unstructured/input.f90(1),"源码引用 5 处；主要在 `m3dc1_nint.f90` 4处, `input.f90` 1处。","unstructured/input.f90:553: ""1: Do not let Ti drop below ti_floor"", num_grp)
unstructured/m3dc1_nint.f90:1140: where(real(tit79(:,OP_1)).lt.ti_floor)
unstructured/m3dc1_nint.f90:1141: ti179(:,OP_1) = ti_floor - ti079(:,OP_1)
unstructured/m3dc1_nint.f90:1144: where(real(tit79(:,OP_1)).lt.ti_floor)
unstructured/m3dc1_nint.f90:1145: tit79(:,OP_1) = ti_floor"
190,iprecompute_metric,iprecompute_metric,&inputnl,Numerical Options,数值选项,integer,0,1,1: precompute full metric tensor,,,unstructured/input.f90,556,13,unstructured/newpar.f90(4); unstructured/element.f90(1); unstructured/error_estimate.f90(1); unstructured/gradshafranov.f90(1); unstructured/input.f90(1); unstructured/kprad_m3dc1.f90(1); unstructured/m3dc1_nint.f90(1); unstructured/particle.f90(1),"源码引用 13 处；主要在 `newpar.f90` 4处, `element.f90` 1处, `error_estimate.f90` 1处, `gradshafranov.f90` 1处。","unstructured/element.f90:609: if(iprecompute_metric.eq.1) then
unstructured/error_estimate.f90:572: if(iprecompute_metric.eq.1) then
unstructured/gradshafranov.f90:2059: if(iprecompute_metric.eq.1) then
unstructured/input.f90:1401: iprecompute_metric = 1
unstructured/kprad_m3dc1.f90:929: if(iprecompute_metric.eq.1) then
unstructured/m3dc1_nint.f90:353: if(iprecompute_metric.eq.1) then
unstructured/newpar.f90:1195: if(iprecompute_metric.eq.1) then
unstructured/newpar.f90:1206: if(iprecompute_metric.eq.1) then
unstructured/newpar.f90:1493: if(iprecompute_metric.eq.1) deallocate(ctri)
unstructured/newpar.f90:1500: if(iprecompute_metric.eq.1) &"
564,solver_tol,solver_tol,&inputnl,Solver,线性求解器,real,1e-9,1,solver tolerance,,,unstructured/input.f90,1238,4,unstructured/scorec_matrix.f90(4),源码引用 4 处；主要在 `scorec_matrix.f90` 4处。,"unstructured/scorec_matrix.f90:468: solver_tol,krylov_solver,preconditioner,sub_dom_solver,&
unstructured/scorec_matrix.f90:475: call m3dc1_matrix_solve(mat%imatrix,v%id,solver_type,solver_tol)
unstructured/scorec_matrix.f90:522: solver_tol,krylov_solver,preconditioner,sub_dom_solver,&
unstructured/scorec_matrix.f90:527: call m3dc1_matrix_solve_with_guess(mat%imatrix,v%id, x_guess%id, solver_type,solver_tol)"
565,solver_type,solver_type,&inputnl,Solver,线性求解器,integer,0,1,Solver type,,,unstructured/input.f90,1240,2,unstructured/scorec_matrix.f90(2),源码引用 2 处；主要在 `scorec_matrix.f90` 2处。,"unstructured/scorec_matrix.f90:475: call m3dc1_matrix_solve(mat%imatrix,v%id,solver_type,solver_tol)
unstructured/scorec_matrix.f90:527: call m3dc1_matrix_solve_with_guess(mat%imatrix,v%id, x_guess%id, solver_type,solver_tol)"
566,num_iter,num_iter,&inputnl,Solver,线性求解器,integer,100,1,Maximum number of iterations,,,unstructured/input.f90,1241,27,unstructured/scorec_matrix.f90(18); m3dc1_scorec/api/m3dc1_scorec.cc(8); m3dc1_scorec/api/m3dc1_scorec.h(1),"源码引用 27 处；主要在 `scorec_matrix.f90` 18处, `m3dc1_scorec.cc` 8处, `m3dc1_scorec.h` 1处。","unstructured/scorec_matrix.f90:467: call m3dc1_solver_aztec(mat%imatrix,v%id,v%id,num_iter,&
unstructured/scorec_matrix.f90:481: call m3dc1_solver_getnumiter(mat%imatrix,num_iter)
unstructured/scorec_matrix.f90:484: call m3dc1_matrix_getiternum(mat%imatrix,num_iter)
unstructured/scorec_matrix.f90:488: ""For mat%imatrix="",mat%imatrix,"", newsolve takes num_iter="",num_iter,"", time="", t2-t1, "" secs""
unstructured/scorec_matrix.f90:489: if (num_iter.ge.10000) then
unstructured/scorec_matrix.f90:493: if(mat%imatrix== 5) kspits(1)=num_iter
unstructured/scorec_matrix.f90:494: if(mat%imatrix== 1) kspits(2)=num_iter
unstructured/scorec_matrix.f90:495: if(mat%imatrix==17) kspits(3)=num_iter
unstructured/scorec_matrix.f90:496: if(mat%imatrix== 6) kspits(4)=num_iter
unstructured/scorec_matrix.f90:521: call m3dc1_solver_aztec(mat%imatrix,v%id,v%id,num_iter,&"
567,isolve_with_guess,isolve_with_guess,&inputnl,Solver,线性求解器,integer,0,1,newsolve with nonzero initial guess,,,unstructured/input.f90,1242,15,unstructured/kprad_m3dc1.f90(8); unstructured/time_step_split.f90(7),"源码引用 15 处；主要在 `kprad_m3dc1.f90` 8处, `time_step_split.f90` 7处。","unstructured/kprad_m3dc1.f90:71: if(isolve_with_guess==1) allocate(kprad_n_prev(0:kprad_z))
unstructured/kprad_m3dc1.f90:101: if(isolve_with_guess==1) then
unstructured/kprad_m3dc1.f90:127: use basic, only:isolve_with_guess
unstructured/kprad_m3dc1.f90:142: if(isolve_with_guess==1) then
unstructured/kprad_m3dc1.f90:378: if(isolve_with_guess==1) then
unstructured/kprad_m3dc1.f90:394: if(isolve_with_guess==1) kprad_n_prev(j) = kprad_n(j)
unstructured/kprad_m3dc1.f90:468: if(isolve_with_guess==1) then
unstructured/kprad_m3dc1.f90:484: if(isolve_with_guess==1) kprad_n_prev(0) = kprad_n(0)
unstructured/time_step_split.f90:888: if(isolve_with_guess==1) then
unstructured/time_step_split.f90:960: if(isolve_with_guess==1) then"
568,krylov_solver,krylov_solver,&inputnl,Trilinos Options,Trilinos 选项,character(len=50),gmres,1,Krylov solver,字符串值可写成 `name = value` 或带引号形式；解析器会去掉首尾引号。,,unstructured/input.f90,1245,6,m3dc1_scorec/api/m3dc1_scorec.cc(3); unstructured/scorec_matrix.f90(2); m3dc1_scorec/api/m3dc1_scorec.h(1),"源码引用 6 处；主要在 `m3dc1_scorec.cc` 3处, `scorec_matrix.f90` 2处, `m3dc1_scorec.h` 1处。","unstructured/scorec_matrix.f90:468: solver_tol,krylov_solver,preconditioner,sub_dom_solver,&
unstructured/scorec_matrix.f90:522: solver_tol,krylov_solver,preconditioner,sub_dom_solver,&
m3dc1_scorec/api/m3dc1_scorec.cc:6076: double* tolerance,const char* krylov_solver, const char* preconditioner)
m3dc1_scorec/api/m3dc1_scorec.cc:6214: const char* krylov_solver, const char*
m3dc1_scorec/api/m3dc1_scorec.cc:6266: std::string krylov_solver_s = krylov_solver;
m3dc1_scorec/api/m3dc1_scorec.h:273: const char* krylov_solver, const char*"
569,preconditioner,preconditioner,&inputnl,Trilinos Options,Trilinos 选项,character(len=50),dom_decomp,1,Preconditioner,字符串值可写成 `name = value` 或带引号形式；解析器会去掉首尾引号。,,unstructured/input.f90,1247,30,m3dc1_scorec/src/m3dc1_matrix.cc(12); unstructured/PETScInterface.cpp(8); m3dc1_scorec/api/m3dc1_scorec.cc(5); unstructured/input.f90(2); unstructured/scorec_matrix.f90(2); m3dc1_scorec/api/m3dc1_scorec.h(1),"源码引用 30 处；主要在 `m3dc1_matrix.cc` 12处, `PETScInterface.cpp` 8处, `m3dc1_scorec.cc` 5处, `input.f90` 2处。","unstructured/PETScInterface.cpp:161: solve2 new strategy for preconditioner
unstructured/PETScInterface.cpp:163: preconditioner is update every MAX_SAME_PC_COUNT times
unstructured/PETScInterface.cpp:176: Mat A; // solver matrix and preconditioner
unstructured/PETScInterface.cpp:358: /* Step 7: at the start of each new cycle, re-set A as the preconditioner
unstructured/PETScInterface.cpp:367: PetscPrintf(PETSC_COMM_WORLD, ""\tsolve2_%d: new preconditioner at %d\n"",
unstructured/PETScInterface.cpp:374: PetscPrintf(PETSC_COMM_WORLD, ""\tsolve2_%d: old preconditioner at %d\n"",
unstructured/PETScInterface.cpp:617: /* 8.4 hybrid solve: call hybrid solver to compute preconditioner */
unstructured/PETScInterface.cpp:640: PetscPrintf(PETSC_COMM_WORLD, ""\thybrid_: matrixId_%d calculate preconditioner and subdomain info_%d\n"",
unstructured/input.f90:1248: ""dom_decomp"", ""Preconditioner"", trilinos_grp)
unstructured/input.f90:1251: ""ilu"", ""Subdomain solver in preconditioner"", trilinos_grp)"
570,sub_dom_solver,sub_dom_solver,&inputnl,Trilinos Options,Trilinos 选项,character(len=50),ilu,1,Subdomain solver in preconditioner,字符串值可写成 `name = value` 或带引号形式；解析器会去掉首尾引号。,,unstructured/input.f90,1250,5,unstructured/scorec_matrix.f90(2); m3dc1_scorec/api/m3dc1_scorec.cc(2); m3dc1_scorec/api/m3dc1_scorec.h(1),"源码引用 5 处；主要在 `scorec_matrix.f90` 2处, `m3dc1_scorec.cc` 2处, `m3dc1_scorec.h` 1处。","unstructured/scorec_matrix.f90:468: solver_tol,krylov_solver,preconditioner,sub_dom_solver,&
unstructured/scorec_matrix.f90:522: solver_tol,krylov_solver,preconditioner,sub_dom_solver,&
m3dc1_scorec/api/m3dc1_scorec.cc:6215: preconditioner, const char* sub_dom_solver,
m3dc1_scorec/api/m3dc1_scorec.cc:6268: std::string sub_dom_solver_s = sub_dom_solver;
m3dc1_scorec/api/m3dc1_scorec.h:274: preconditioner, const char* sub_dom_solver,"
571,subdomain_overlap,subdomain_overlap,&inputnl,Trilinos Options,Trilinos 选项,integer,1,1,subdomain overlap,,,unstructured/input.f90,1252,2,unstructured/scorec_matrix.f90(2),源码引用 2 处；主要在 `scorec_matrix.f90` 2处。,"unstructured/scorec_matrix.f90:469: subdomain_overlap,graph_fill,ilu_drop_tol,ilu_fill,&
unstructured/scorec_matrix.f90:523: subdomain_overlap,graph_fill,ilu_drop_tol,ilu_fill,&"
572,graph_fill,graph_fill,&inputnl,Trilinos Options,Trilinos 选项,integer,0,1,graph fill level,,,unstructured/input.f90,1254,5,unstructured/scorec_matrix.f90(2); m3dc1_scorec/api/m3dc1_scorec.cc(2); m3dc1_scorec/api/m3dc1_scorec.h(1),"源码引用 5 处；主要在 `scorec_matrix.f90` 2处, `m3dc1_scorec.cc` 2处, `m3dc1_scorec.h` 1处。","unstructured/scorec_matrix.f90:469: subdomain_overlap,graph_fill,ilu_drop_tol,ilu_fill,&
unstructured/scorec_matrix.f90:523: subdomain_overlap,graph_fill,ilu_drop_tol,ilu_fill,&
m3dc1_scorec/api/m3dc1_scorec.cc:6216: int* overlap, int* graph_fill, double*
m3dc1_scorec/api/m3dc1_scorec.cc:6343: solver.SetAztecOption(AZ_graph_fill, *graph_fill);
m3dc1_scorec/api/m3dc1_scorec.h:275: int* overlap, int* graph_fill, double*"
573,drop_tolerance,ilu_drop_tol,&inputnl,Trilinos Options,Trilinos 选项,real,0.0,1,ILU drop tolerance,,,unstructured/input.f90,1256,5,unstructured/scorec_matrix.f90(2); m3dc1_scorec/api/m3dc1_scorec.cc(2); m3dc1_scorec/api/m3dc1_scorec.h(1),"源码引用 5 处；主要在 `scorec_matrix.f90` 2处, `m3dc1_scorec.cc` 2处, `m3dc1_scorec.h` 1处。","unstructured/scorec_matrix.f90:469: subdomain_overlap,graph_fill,ilu_drop_tol,ilu_fill,&
unstructured/scorec_matrix.f90:523: subdomain_overlap,graph_fill,ilu_drop_tol,ilu_fill,&
m3dc1_scorec/api/m3dc1_scorec.cc:6217: ilu_drop_tol, double* ilu_fill, double*
m3dc1_scorec/api/m3dc1_scorec.cc:6347: solver.SetAztecParam(AZ_drop, *ilu_drop_tol);
m3dc1_scorec/api/m3dc1_scorec.h:276: ilu_drop_tol, double* ilu_fill,"
574,ilu_fill_level,ilu_fill,&inputnl,Trilinos Options,Trilinos 选项,real,1.0,1,ILU fill level,,,unstructured/input.f90,1258,5,unstructured/scorec_matrix.f90(2); m3dc1_scorec/api/m3dc1_scorec.cc(2); m3dc1_scorec/api/m3dc1_scorec.h(1),"源码引用 5 处；主要在 `scorec_matrix.f90` 2处, `m3dc1_scorec.cc` 2处, `m3dc1_scorec.h` 1处。","unstructured/scorec_matrix.f90:469: subdomain_overlap,graph_fill,ilu_drop_tol,ilu_fill,&
unstructured/scorec_matrix.f90:523: subdomain_overlap,graph_fill,ilu_drop_tol,ilu_fill,&
m3dc1_scorec/api/m3dc1_scorec.cc:6217: ilu_drop_tol, double* ilu_fill, double*
m3dc1_scorec/api/m3dc1_scorec.cc:6348: solver.SetAztecParam(AZ_ilut_fill, *ilu_fill);
m3dc1_scorec/api/m3dc1_scorec.h:276: ilu_drop_tol, double* ilu_fill,"
575,ilu_omega,ilu_omega,&inputnl,Trilinos Options,Trilinos 选项,real,1.0,1,Relaxation parameter for rILU,,,unstructured/input.f90,1260,5,unstructured/scorec_matrix.f90(2); m3dc1_scorec/api/m3dc1_scorec.cc(2); m3dc1_scorec/api/m3dc1_scorec.h(1),"源码引用 5 处；主要在 `scorec_matrix.f90` 2处, `m3dc1_scorec.cc` 2处, `m3dc1_scorec.h` 1处。","unstructured/scorec_matrix.f90:470: ilu_omega,poly_ord)
unstructured/scorec_matrix.f90:524: ilu_omega,poly_ord)
m3dc1_scorec/api/m3dc1_scorec.cc:6218: ilu_omega, int* poly_ord)
m3dc1_scorec/api/m3dc1_scorec.cc:6350: solver.SetAztecParam(AZ_omega, *ilu_omega);
m3dc1_scorec/api/m3dc1_scorec.h:277: double* ilu_omega, int* poly_ord);"
576,poly_ord,poly_ord,&inputnl,Trilinos Options,Trilinos 选项,integer,1,1,Polynomial order for certain preconditioners,,,unstructured/input.f90,1262,5,unstructured/scorec_matrix.f90(2); m3dc1_scorec/api/m3dc1_scorec.cc(2); m3dc1_scorec/api/m3dc1_scorec.h(1),"源码引用 5 处；主要在 `scorec_matrix.f90` 2处, `m3dc1_scorec.cc` 2处, `m3dc1_scorec.h` 1处。","unstructured/scorec_matrix.f90:470: ilu_omega,poly_ord)
unstructured/scorec_matrix.f90:524: ilu_omega,poly_ord)
m3dc1_scorec/api/m3dc1_scorec.cc:6218: ilu_omega, int* poly_ord)
m3dc1_scorec/api/m3dc1_scorec.cc:6358: solver.SetAztecOption(AZ_poly_ord, *poly_ord);
m3dc1_scorec/api/m3dc1_scorec.h:277: double* ilu_omega, int* poly_ord);"
501,iadapt,iadapt,&inputnl,Mesh Adaptation,网格自适应,integer,0,1,源码 `add_var_*` 注册说明为空；请结合所在逻辑组和下方源码使用位置判断。,SCOREC 网格自适应总模式：0 关闭；1 初始化按磁通；2 推进中按误差；3 两者结合；4 初始化和推进均可按误差。,,unstructured/input.f90,1130,8,unstructured/newpar.f90(5); unstructured/input.f90(1); unstructured/time_step_split.f90(1); unstructured/time_step_unsplit.f90(1),"源码引用 8 处；主要在 `newpar.f90` 5处, `input.f90` 1处, `time_step_split.f90` 1处, `time_step_unsplit.f90` 1处。","unstructured/input.f90:1465: if(iadapt.gt.0) then
unstructured/newpar.f90:329: if (iadapt.gt.0 .and. iadapt_writevtk .eq. 1) then
unstructured/newpar.f90:335: if (mod (iadapt, 2) .eq. 1) then
unstructured/newpar.f90:339: if (iadapt .eq. 4) call adapt_by_error
unstructured/newpar.f90:342: if(irestart.eq.0 .or. iadapt.gt.0) then
unstructured/newpar.f90:467: if (iadapt .gt. 1 .and. ispradapt .eq.0) then
unstructured/time_step_split.f90:716: if(iadapt .ne. 0) then
unstructured/time_step_unsplit.f90:225: if(iadapt .ne. 0) then"
502,ispradapt,ispradapt,&inputnl,Mesh Adaptation,网格自适应,integer,0,1,源码 `add_var_*` 注册说明为空；请结合所在逻辑组和下方源码使用位置判断。,1 启用 SPR 梯度恢复自适应，并在推进阶段替代普通 residual/error 路径。,,unstructured/input.f90,1132,17,unstructured/newpar.f90(7); unstructured/auxiliary_fields.f90(4); unstructured/gradshafranov.f90(2); unstructured/adapt.f90(1); unstructured/kprad_m3dc1.f90(1); unstructured/time_step_split.f90(1); unstructured/wall.f90(1),"源码引用 17 处；主要在 `newpar.f90` 7处, `auxiliary_fields.f90` 4处, `gradshafranov.f90` 2处, `adapt.f90` 1处。","unstructured/adapt.f90:67: if (ispradapt .eq. 1) then
unstructured/auxiliary_fields.f90:40: if (ispradapt .eq. 1) then
unstructured/auxiliary_fields.f90:224: if (ispradapt .eq. 1) then
unstructured/auxiliary_fields.f90:347: if (ispradapt .eq. 1) then
unstructured/auxiliary_fields.f90:494: if (ispradapt .eq. 1) then
unstructured/gradshafranov.f90:1147: if (ispradapt .eq. 1) then
unstructured/gradshafranov.f90:1418: if (ispradapt .eq. 1) then
unstructured/kprad_m3dc1.f90:76: if (ispradapt .eq. 1) then
unstructured/newpar.f90:347: if (ispradapt .eq. 1) call marker
unstructured/newpar.f90:451: if (ispradapt .eq. 1) then"
503,isprntime,isprntime,&inputnl,Mesh Adaptation,网格自适应,integer,10,1,源码 `add_var_*` 注册说明为空；请结合所在逻辑组和下方源码使用位置判断。,SPR 自适应的时间步调用周期。,,unstructured/input.f90,1133,1,unstructured/newpar.f90(1),源码引用 1 处；主要在 `newpar.f90` 1处。,"unstructured/newpar.f90:452: if (mod(ntime, isprntime) .eq. 0) then"
504,isprweight,isprweight,&inputnl,Mesh Adaptation,网格自适应,real,0.1,1,源码 `add_var_*` 注册说明为空；请结合所在逻辑组和下方源码使用位置判断。,SPR 恢复误差转换为目标尺寸时的权重，控制细化强度。,,unstructured/input.f90,1134,1,unstructured/newpar.f90(1),源码引用 1 处；主要在 `newpar.f90` 1处。,"unstructured/newpar.f90:463: isprweight, isprmaxsize, isprrefinelevel, isprcoarsenlevel, update_mesh)"
505,isprmaxsize,isprmaxsize,&inputnl,Mesh Adaptation,网格自适应,real,0.05,1,源码 `add_var_*` 注册说明为空；请结合所在逻辑组和下方源码使用位置判断。,SPR 目标尺寸场允许的最大单元尺寸。,,unstructured/input.f90,1135,1,unstructured/newpar.f90(1),源码引用 1 处；主要在 `newpar.f90` 1处。,"unstructured/newpar.f90:463: isprweight, isprmaxsize, isprrefinelevel, isprcoarsenlevel, update_mesh)"
506,isprrefinelevel,isprrefinelevel,&inputnl,Mesh Adaptation,网格自适应,integer,1,1,源码 `add_var_*` 注册说明为空；请结合所在逻辑组和下方源码使用位置判断。,一次 SPR 调用允许的最大细化层级。,,unstructured/input.f90,1136,1,unstructured/newpar.f90(1),源码引用 1 处；主要在 `newpar.f90` 1处。,"unstructured/newpar.f90:463: isprweight, isprmaxsize, isprrefinelevel, isprcoarsenlevel, update_mesh)"
507,isprcoarsenlevel,isprcoarsenlevel,&inputnl,Mesh Adaptation,网格自适应,integer,-1,1,源码 `add_var_*` 注册说明为空；请结合所在逻辑组和下方源码使用位置判断。,一次 SPR 调用允许的粗化层级；负值表示使用实现的默认/不强制粗化。,,unstructured/input.f90,1137,1,unstructured/newpar.f90(1),源码引用 1 处；主要在 `newpar.f90` 1处。,"unstructured/newpar.f90:463: isprweight, isprmaxsize, isprrefinelevel, isprcoarsenlevel, update_mesh)"
508,iadapt_writevtk,iadapt_writevtk,&inputnl,Mesh Adaptation,网格自适应,integer,0,1,源码 `add_var_*` 注册说明为空；请结合所在逻辑组和下方源码使用位置判断。,1 在自适应阶段写出 VTK 调试网格/尺寸场。,,unstructured/input.f90,1140,3,unstructured/adapt.f90(2); unstructured/newpar.f90(1),"源码引用 3 处；主要在 `adapt.f90` 2处, `newpar.f90` 1处。","unstructured/adapt.f90:267: if(iadapt_writevtk .eq. 1) call m3dc1_mesh_write (mesh_file_name,0,ntime)
unstructured/adapt.f90:530: if(iadapt_writevtk .eq. 1) call m3dc1_mesh_write (mesh_file_name,0,ntime)
unstructured/newpar.f90:329: if (iadapt.gt.0 .and. iadapt_writevtk .eq. 1) then"
509,iadapt_writesmb,iadapt_writesmb,&inputnl,Mesh Adaptation,网格自适应,integer,1,1,源码 `add_var_*` 注册说明为空；请结合所在逻辑组和下方源码使用位置判断。,1 写出 SCOREC `.smb` 自适应网格快照，便于重启或检查。,,unstructured/input.f90,1143,2,unstructured/adapt.f90(2),源码引用 2 处；主要在 `adapt.f90` 2处。,"unstructured/adapt.f90:268: if(iadapt_writesmb .eq. 1) call m3dc1_mesh_write (mesh_file_name,1,ntime)
unstructured/adapt.f90:531: if(iadapt_writesmb .eq. 1) call m3dc1_mesh_write (mesh_file_name,1,ntime)"
510,iadapt_useH1,iadapt_useH1,&inputnl,Mesh Adaptation,网格自适应,integer,0,1,源码 `add_var_*` 注册说明为空；请结合所在逻辑组和下方源码使用位置判断。,1 用 H1 型误差度量替代默认高阶度量构造目标尺寸。,,unstructured/input.f90,1144,5,unstructured/error_estimate.f90(5),源码引用 5 处；主要在 `error_estimate.f90` 5处。,"unstructured/error_estimate.f90:342: if(iadapt_useH1 .eq. 1) edge_error(edges(iedge)+1,:) = edge_error(edges(iedge)+1,:) /edge_len(1)**2;
unstructured/error_estimate.f90:760: elm_res_U (itri) = int1 (fn_eval_elm) *CONJG (int1 (fn_eval_elm)) * ((d%a+d%b)*d%c)**(2-iadapt_useH1)
unstructured/error_estimate.f90:763: elm_res_U (itri) = int1 (fn_eval_elm) **2 * ((d%a+d%b)*d%c)**(2-iadapt_useH1)
unstructured/error_estimate.f90:813: elm_res_psi (itri) = int1 (fn_eval_elm) *CONJG(int1 (fn_eval_elm)) * ((d%a+d%b)*d%c)**(2-iadapt_useH1)
unstructured/error_estimate.f90:816: elm_res_psi (itri) = int1 (fn_eval_elm) **2 * ((d%a+d%b)*d%c)**(2-iadapt_useH1)"
511,iadapt_removeEquiv,iadapt_removeEquiv,&inputnl,Mesh Adaptation,网格自适应,integer,0,1,源码 `add_var_*` 注册说明为空；请结合所在逻辑组和下方源码使用位置判断。,1 在误差估计前去掉环向等价节点/重复贡献，供周期网格的专用适配路径使用。,,unstructured/input.f90,1145,1,unstructured/error_estimate.f90(1),源码引用 1 处；主要在 `error_estimate.f90` 1处。,unstructured/error_estimate.f90:439: if(iadapt_removeEquiv .eq. 1) then
512,adapt_target_error,adapt_target_error,&inputnl,Mesh Adaptation,网格自适应,real,0.0001,1,源码 `add_var_*` 注册说明为空；请结合所在逻辑组和下方源码使用位置判断。,普通误差自适应的目标/触发误差；估计误差未超过它时不换网格。,,unstructured/input.f90,1146,7,m3dc1_scorec/api/m3dc1_scorec.cc(4); unstructured/adapt.f90(3),"源码引用 7 处；主要在 `m3dc1_scorec.cc` 4处, `adapt.f90` 3处。","unstructured/adapt.f90:510: if (max_error(1) .gt. error_tol * adapt_target_error .or. max_error(2) &
unstructured/adapt.f90:511: .gt. error_tol * adapt_target_error) then
unstructured/adapt.f90:528: call adapt_by_error_field(sqrt(node_error(1,:)**2+node_error(2,:)**2), adapt_target_error, &
m3dc1_scorec/api/m3dc1_scorec.cc:4727: // double* errorAimed: Parameter ""adapt_target_error"" from the user input parameter file
m3dc1_scorec/api/m3dc1_scorec.cc:4730: // Maximum node number in the adapted mesh. If the estimated mesh node number from adapt_target_error exceeds iadapt_max_node,
m3dc1_scorec/api/m3dc1_scorec.cc:4733: // 0: adapt_target_error is global (integral over the domain)
m3dc1_scorec/api/m3dc1_scorec.cc:4734: // 1: adapt_target_error is local (integral over the element)"
513,adapt_ke,adapt_ke,&inputnl,Mesh Adaptation,网格自适应,real,0.0,1,源码 `add_var_*` 注册说明为空；请结合所在逻辑组和下方源码使用位置判断。,线性计算中触发动态自适应的动能阈值；0 不使用该触发条件。,,unstructured/input.f90,1147,2,unstructured/adapt.f90(2),源码引用 2 处；主要在 `adapt.f90` 2处。,"unstructured/adapt.f90:621: if(linear .eq. 1 .and. adapt_ke .gt. 0 .and. ekin .gt. adapt_ke) then
unstructured/adapt.f90:623: if (myrank .eq. 0) print *, ""diagnose_adapt: run adaptation as ekin is greater than adapt_ke"", adapt_ke, ""(linear)"""
514,iadapt_ntime,iadapt_ntime,&inputnl,Mesh Adaptation,网格自适应,integer,0,1,源码 `add_var_*` 注册说明为空；请结合所在逻辑组和下方源码使用位置判断。,普通动态自适应检查的时间步周期；非线性且为 0 时当前流程可每步检查。,,unstructured/input.f90,1148,3,unstructured/adapt.f90(3),源码引用 3 处；主要在 `adapt.f90` 3处。,"unstructured/adapt.f90:611: if (iadapt_ntime .gt. 0 .and. mod(ntime, iadapt_ntime) .eq. 0) then
unstructured/adapt.f90:613: if (myrank .eq. 0) print *, ""diagnose_adapt: run adaptation every"", iadapt_ntime, ""time step(s)""
unstructured/adapt.f90:616: if (linear .eq. 0 .and. iadapt_ntime .eq. 0) then"
515,iadapt_max_node,iadapt_max_node,&inputnl,Mesh Adaptation,网格自适应,integer,10000,1,源码 `add_var_*` 注册说明为空；请结合所在逻辑组和下方源码使用位置判断。,自适应后允许的节点数上限，用于限制内存和网格增长。,,unstructured/input.f90,1149,4,unstructured/adapt.f90(2); m3dc1_scorec/api/m3dc1_scorec.cc(2),"源码引用 4 处；主要在 `adapt.f90` 2处, `m3dc1_scorec.cc` 2处。","unstructured/adapt.f90:12: data iadapt_max_node /100/
unstructured/adapt.f90:529: iadapt_max_node, adapt_control);
m3dc1_scorec/api/m3dc1_scorec.cc:4730: // Maximum node number in the adapted mesh. If the estimated mesh node number from adapt_target_error exceeds iadapt_max_node,
m3dc1_scorec/api/m3dc1_scorec.cc:4731: // the target mesh size in the adapted mesh is scaled such that the mesh node number is below iadapt_max_node."
516,adapt_control,adapt_control,&inputnl,Mesh Adaptation,网格自适应,integer,1,1,源码 `add_var_*` 注册说明为空；请结合所在逻辑组和下方源码使用位置判断。,误差到目标尺寸的控制模式/方向参数；常规保持默认 1。,,unstructured/input.f90,1150,3,unstructured/adapt.f90(2); m3dc1_scorec/api/m3dc1_scorec.cc(1),"源码引用 3 处；主要在 `adapt.f90` 2处, `m3dc1_scorec.cc` 1处。","unstructured/adapt.f90:497: if (adapt_control .eq. 0) then
unstructured/adapt.f90:529: iadapt_max_node, adapt_control);
m3dc1_scorec/api/m3dc1_scorec.cc:4732: // int* option: Parameter ""adapt_control"" from the user input parameter file and is either 0 or 1"
517,iadapt_order_p,iadapt_order_p,&inputnl,Mesh Adaptation,网格自适应,real,3.0,1,源码 `add_var_*` 注册说明为空；请结合所在逻辑组和下方源码使用位置判断。,误差随网格尺寸收敛的假定阶数，用于由目标误差反算目标尺寸。,,unstructured/input.f90,1151,2,unstructured/adapt.f90(2),源码引用 2 处；主要在 `adapt.f90` 2处。,"unstructured/adapt.f90:11: data iadapt_order_p /3/
unstructured/adapt.f90:527: call set_adapt_p(iadapt_order_p)"
518,iadaptFaceNumber,iadaptFaceNumber,&inputnl,Mesh Adaptation,网格自适应,integer,-1,1,源码 `add_var_*` 注册说明为空；请结合所在逻辑组和下方源码使用位置判断。,只适配指定几何模型 face 的编号；-1 表示不按单一 face 限制。,,unstructured/input.f90,1152,8,m3dc1_scorec/api/m3dc1_scorec.cc(5); unstructured/adapt.f90(2); m3dc1_scorec/api/m3dc1_scorec.h(1),"源码引用 8 处；主要在 `m3dc1_scorec.cc` 5处, `adapt.f90` 2处, `m3dc1_scorec.h` 1处。","unstructured/adapt.f90:260: if (iadaptFaceNumber.gt.0) then
unstructured/adapt.f90:261: call adapt_model_face(temporary_field%vec%id,psimin,psibound,iadaptFaceNumber)
m3dc1_scorec/api/m3dc1_scorec.cc:5476: int adapt_model_face(int * fieldId, double* psi0, double * psil, int* iadaptFaceNumber)
m3dc1_scorec/api/m3dc1_scorec.cc:5499: if (gmi_tag(model, gf) == *iadaptFaceNumber)
m3dc1_scorec/api/m3dc1_scorec.cc:5508: std::cout << ""The model face to adapt (ID = "" << *iadaptFaceNumber << "") given in C1Input doesn't exist in model.\n"";
m3dc1_scorec/api/m3dc1_scorec.cc:5518: std::cout << ""The model face to adapt with ID "" << *iadaptFaceNumber << "" found in the model"" << ""\n"";
m3dc1_scorec/api/m3dc1_scorec.cc:5554: int adaptFaceNumber = *iadaptFaceNumber;
m3dc1_scorec/api/m3dc1_scorec.h:237: int adapt_model_face(int * fieldId, double* psi0, double * psil, int* iadaptFaceNumber);"
519,iadapt_snap,iadapt_snap,&inputnl,Mesh Adaptation,网格自适应,integer,1,1,源码 `add_var_*` 注册说明为空；请结合所在逻辑组和下方源码使用位置判断。,1 时把新边界节点投影/贴合回既有几何模型边界；不会创建新的壁面或 LCFS。,,unstructured/input.f90,1153,1,unstructured/scorec_mesh.f90(1),源码引用 1 处；主要在 `scorec_mesh.f90` 1处。,unstructured/scorec_mesh.f90:121: if (iadapt_snap.eq.1) call m3dc1_model_settopo()
520,adapt_factor,adapt_factor,&inputnl,Mesh Adaptation,网格自适应,real,1.,1,源码 `add_var_*` 注册说明为空；请结合所在逻辑组和下方源码使用位置判断。,保留的自适应缩放输入；当前活动源码未读取其值，修改它不会改变网格。,,unstructured/input.f90,1155,0,,未发现除注册/声明外的源码引用；可能是废弃参数、条件编译路径参数，或仅由外部工具/库间接使用。,
521,adapt_hmin,adapt_hmin,&inputnl,Mesh Adaptation,网格自适应,real,0.001,1,源码 `add_var_*` 注册说明为空；请结合所在逻辑组和下方源码使用位置判断。,磁通/误差尺寸场允许的绝对最小单元尺度。,,unstructured/input.f90,1156,1,unstructured/adapt.f90(1),源码引用 1 处；主要在 `adapt.f90` 1处。,unstructured/adapt.f90:521: abs_size(1) = adapt_hmin
522,adapt_hmax,adapt_hmax,&inputnl,Mesh Adaptation,网格自适应,real,0.1,1,源码 `add_var_*` 注册说明为空；请结合所在逻辑组和下方源码使用位置判断。,磁通/误差尺寸场允许的绝对最大单元尺度。,,unstructured/input.f90,1157,1,unstructured/adapt.f90(1),源码引用 1 处；主要在 `adapt.f90` 1处。,unstructured/adapt.f90:522: abs_size(2) = adapt_hmax
523,adapt_hmin_rel,adapt_hmin_rel,&inputnl,Mesh Adaptation,网格自适应,real,0.5,1,源码 `add_var_*` 注册说明为空；请结合所在逻辑组和下方源码使用位置判断。,相对当前单元尺寸的一次最小缩放比，限制单次细化幅度。,,unstructured/input.f90,1158,1,unstructured/adapt.f90(1),源码引用 1 处；主要在 `adapt.f90` 1处。,unstructured/adapt.f90:523: rel_size(1) = adapt_hmin_rel
524,adapt_hmax_rel,adapt_hmax_rel,&inputnl,Mesh Adaptation,网格自适应,real,2.0,1,源码 `add_var_*` 注册说明为空；请结合所在逻辑组和下方源码使用位置判断。,相对当前单元尺寸的一次最大缩放比，限制单次粗化幅度。,,unstructured/input.f90,1159,1,unstructured/adapt.f90(1),源码引用 1 处；主要在 `adapt.f90` 1处。,unstructured/adapt.f90:524: rel_size(2) = adapt_hmax_rel
525,adapt_smooth,adapt_smooth,&inputnl,Mesh Adaptation,网格自适应,real,2./3. (约 0.6667),1,源码 `add_var_*` 注册说明为空；请结合所在逻辑组和下方源码使用位置判断。,保留的尺寸场平滑输入；当前活动源码未读取其值。,,unstructured/input.f90,1160,0,,未发现除注册/声明外的源码引用；可能是废弃参数、条件编译路径参数，或仅由外部工具/库间接使用。,
526,adapt_psin_vacuum,adapt_psin_vacuum,&inputnl,Mesh Adaptation,网格自适应,real,-1.,1,源码 `add_var_*` 注册说明为空；请结合所在逻辑组和下方源码使用位置判断。,按磁通适配时 vacuum 区的归一化磁通阈值/目标范围；负值关闭该专用阈值。,,unstructured/input.f90,1161,2,unstructured/adapt.f90(2),源码引用 2 处；主要在 `adapt.f90` 2处。,"unstructured/adapt.f90:157: if(izone.ge.3 .and. adapt_psin_vacuum.ge.0) then
unstructured/adapt.f90:158: temp79b = adapt_psin_vacuum"
527,adapt_psin_wall,adapt_psin_wall,&inputnl,Mesh Adaptation,网格自适应,real,-1.,1,源码 `add_var_*` 注册说明为空；请结合所在逻辑组和下方源码使用位置判断。,按磁通适配时 wall 区的归一化磁通阈值/目标范围；负值关闭该专用阈值。,,unstructured/input.f90,1163,2,unstructured/adapt.f90(2),源码引用 2 处；主要在 `adapt.f90` 2处。,"unstructured/adapt.f90:154: if(izone.eq.2 .and. adapt_psin_wall.ge.0) then
unstructured/adapt.f90:155: temp79b = adapt_psin_wall"
528,iadapt_pack_rationals,iadapt_pack_rationals,&inputnl,Mesh Adaptation,网格自适应,integer,0,1,Number of mode-rational surfaces to pack mesh around,,,unstructured/input.f90,1165,4,unstructured/adapt.f90(4),源码引用 4 处；主要在 `adapt.f90` 4处。,"unstructured/adapt.f90:164: if(iadapt_pack_rationals.gt.0 .and. ntor.ne.0) then
unstructured/adapt.f90:166: print *, 'Error, iadapt_pack_rationals > 0, but q profile not set'
unstructured/adapt.f90:176: do j=1, iadapt_pack_rationals
unstructured/adapt.f90:187: print *, 'Error, iadapt_pack_rationals > 0, but q profile not set'"
529,adapt_pack_factor,adapt_pack_factor,&inputnl,Mesh Adaptation,网格自适应,real,0.02,1,Width of Lorentzian (in psi_N) for rational mesh packing,,,unstructured/input.f90,1167,2,unstructured/adapt.f90(2),源码引用 2 处；主要在 `adapt.f90` 2处。,"unstructured/adapt.f90:177: tmp = (q*ntor - j) / (q*ntor*adapt_pack_factor)
unstructured/adapt.f90:201: exp(-(q - adapt_qs(j))**2 / (2.*adapt_pack_factor**2))"
530,adapt_coil_delta,adapt_coil_delta,&inputnl,Mesh Adaptation,网格自适应,real,0.,1,Parameter for packing mesh around coil locations,,,unstructured/input.f90,1169,3,unstructured/adapt.f90(3),源码引用 3 处；主要在 `adapt.f90` 3处。,"unstructured/adapt.f90:102: if(adapt_coil_delta.gt.0) then
unstructured/adapt.f90:212: if(adapt_coil_delta.gt.0) then
unstructured/adapt.f90:217: (2.*adapt_coil_delta**2))"
531,adapt_pellet_length,adapt_pellet_length,&inputnl,Mesh Adaptation,网格自适应,real,0.,1,Length of pellet path to pack mesh along,,,unstructured/input.f90,1171,1,unstructured/adapt.f90(1),源码引用 1 处；主要在 `adapt.f90` 1处。,unstructured/adapt.f90:82: p_steps = ceiling(adapt_pellet_length/(2.*adapt_pellet_delta))+1
532,adapt_pellet_delta,adapt_pellet_delta,&inputnl,Mesh Adaptation,网格自适应,real,0.,1,Parameter for packing mesh along pellet path,,,unstructured/input.f90,1173,6,unstructured/adapt.f90(6),源码引用 6 处；主要在 `adapt.f90` 6处。,"unstructured/adapt.f90:73: if(adapt_pellet_delta.gt.0) then
unstructured/adapt.f90:82: p_steps = ceiling(adapt_pellet_length/(2.*adapt_pellet_delta))+1
unstructured/adapt.f90:86: p_dt = 2.*adapt_pellet_delta/p_v
unstructured/adapt.f90:226: if(adapt_pellet_delta.gt.0) then
unstructured/adapt.f90:232: (2.*adapt_pellet_delta**2))
unstructured/adapt.f90:251: if(adapt_pellet_delta.gt.0) then"
16,iheat_sink,iheat_sink,&inputnl,Sources/Sinks,源项/汇项,integer,0,1,源码 `add_var_*` 注册说明为空；请结合所在逻辑组和下方源码使用位置判断。,1 启用 `itaylor=27` 专用热沉；其它平衡类型下不产生通用热沉。,,unstructured/input.f90,243,4,unstructured/ludef_t.f90(2); unstructured/input.f90(1); unstructured/transport.f90(1),"源码引用 4 处；主要在 `ludef_t.f90` 2处, `input.f90` 1处, `transport.f90` 1处。","unstructured/input.f90:1671: iheat_sink.eq.1)
unstructured/ludef_t.f90:3523: if(iheat_sink.eq.1 .and. itaylor.eq.27) then
unstructured/ludef_t.f90:4152: if(iheat_sink.eq.1 .and. itaylor.eq.27) then
unstructured/transport.f90:669: if(iheat_sink.eq.1 .and. itaylor.eq.27) then"
379,vloop,vloop,&inputnl,Sources/Sinks,源项/汇项,real,0.,1,源码 `add_var_*` 注册说明为空；请结合所在逻辑组和下方源码使用位置判断。,施加在环向 Ohm/磁通方程中的回路电压幅值；无电流反馈时按 `vloop*cos(2*pi*vloop_freq*t)` 使用。,,unstructured/input.f90,896,19,unstructured/newpar.f90(5); unstructured/restart_hdf5.f90(3); unstructured/mackenbach_profiles.f90(2); unstructured/electric_field.f90(1); unstructured/gread_restart_c11.fh(1); unstructured/input.f90(1); unstructured/ludef_t.f90(1); unstructured/ludef_t_gpu.f90(1),"源码引用 19 处；主要在 `newpar.f90` 5处, `restart_hdf5.f90` 3处, `mackenbach_profiles.f90` 2处, `electric_field.f90` 1处。","unstructured/electric_field.f90:887: o = -vloop*ri2_79*bzt79(:,OP_1)/toroidal_period
unstructured/gread_restart_c11.fh:41: call adios_read (adios_handle, ""vloop"", vloop, adios_buf_size, adios_err)
unstructured/input.f90:1572: vloop = -vloop
unstructured/ludef_t.f90:2696: vloop*intx1(trialx(:,:,OP_1))/toroidal_period
unstructured/ludef_t_gpu.f90:3106: vloop*intx1(trialx(:,:,OP_1))/toroidal_period
unstructured/mackenbach_profiles.f90:508: open (unit=6,file=""vloop"",action=""write"",status=""replace"")
unstructured/mackenbach_profiles.f90:548: print *, ""vloop = "", VL/2.18122e+06
unstructured/metricterms_new.f90:11504: temp = -vloop/toroidal_period * &
unstructured/metricterms_new_gpu.f90:22046: temp = -vloop/toroidal_period * &
unstructured/model.f90:510: if(igauge.eq.0) temp(1) = temp(1) + dt*vloop/toroidal_period"
380,vloopRZ,vloopRZ,&inputnl,Sources/Sinks,源项/汇项,real,0.,1,源码 `add_var_*` 注册说明为空；请结合所在逻辑组和下方源码使用位置判断。,R-Z/极向磁场方程使用的回路电压分量，独立于主环向 `vloop`。,,unstructured/input.f90,897,1,unstructured/model.f90(1),源码引用 1 处；主要在 `model.f90` 1处。,unstructured/model.f90:548: temp(1) = temp(1) + dt*vloopRZ
381,tcur,tcur,&inputnl,Sources/Sinks,源项/汇项,real,0.,1,源码 `add_var_*` 注册说明为空；请结合所在逻辑组和下方源码使用位置判断。,电流反馈的目标总等离子体电流；若给定 `tcuri/tcurf`，运行时目标可被时间 ramp 覆盖。,,unstructured/input.f90,898,7,unstructured/newpar.f90(3); unstructured/control.f90(2); unstructured/input.f90(1); unstructured/mackenbach_profiles.f90(1),"源码引用 7 处；主要在 `newpar.f90` 3处, `control.f90` 2处, `input.f90` 1处, `mackenbach_profiles.f90` 1处。","unstructured/control.f90:51: subroutine variable_tcur(tcuri, tcurf, tcur_t0, tcur_tw, time, tcur)
unstructured/control.f90:57: tcur = tcuri + (tcurf-tcuri)*.5*(1.+tanh((time - tcur_t0)/tcur_tw))
unstructured/input.f90:1573: tcur = -tcur
unstructured/mackenbach_profiles.f90:549: print *, ""tcur = "", IP/795217.
unstructured/newpar.f90:404: call variable_tcur(tcuri,tcurf,tcur_t0,tcur_tw,time,tcur)
unstructured/newpar.f90:405: i_control%target_val = tcur
unstructured/newpar.f90:514: i_control%target_val = tcur"
382,vloop_freq,vloop_freq,&inputnl,Sources/Sinks,源项/汇项,real,0.,1,Loop voltage frequency,,,unstructured/input.f90,899,1,unstructured/newpar.f90(1),源码引用 1 处；主要在 `newpar.f90` 1处。,unstructured/newpar.f90:420: vloop = vloop0*cos(2.*pi*vloop_freq*time)
383,tcuri,tcuri,&inputnl,Sources/Sinks,源项/汇项,real,0.,1,源码 `add_var_*` 注册说明为空；请结合所在逻辑组和下方源码使用位置判断。,电流反馈 tanh ramp 的初始目标电流。,,unstructured/input.f90,902,4,unstructured/control.f90(2); unstructured/newpar.f90(2),"源码引用 4 处；主要在 `control.f90` 2处, `newpar.f90` 2处。","unstructured/control.f90:51: subroutine variable_tcur(tcuri, tcurf, tcur_t0, tcur_tw, time, tcur)
unstructured/control.f90:57: tcur = tcuri + (tcurf-tcuri)*.5*(1.+tanh((time - tcur_t0)/tcur_tw))
unstructured/newpar.f90:402: if(tcurf .ne. tcuri) then
unstructured/newpar.f90:404: call variable_tcur(tcuri,tcurf,tcur_t0,tcur_tw,time,tcur)"
384,tcurf,tcurf,&inputnl,Sources/Sinks,源项/汇项,real,0.,1,源码 `add_var_*` 注册说明为空；请结合所在逻辑组和下方源码使用位置判断。,电流反馈 tanh ramp 的最终目标电流。,,unstructured/input.f90,903,4,unstructured/control.f90(2); unstructured/newpar.f90(2),"源码引用 4 处；主要在 `control.f90` 2处, `newpar.f90` 2处。","unstructured/control.f90:51: subroutine variable_tcur(tcuri, tcurf, tcur_t0, tcur_tw, time, tcur)
unstructured/control.f90:57: tcur = tcuri + (tcurf-tcuri)*.5*(1.+tanh((time - tcur_t0)/tcur_tw))
unstructured/newpar.f90:402: if(tcurf .ne. tcuri) then
unstructured/newpar.f90:404: call variable_tcur(tcuri,tcurf,tcur_t0,tcur_tw,time,tcur)"
385,tcur_t0,tcur_t0,&inputnl,Sources/Sinks,源项/汇项,real,0.,1,源码 `add_var_*` 注册说明为空；请结合所在逻辑组和下方源码使用位置判断。,目标电流 tanh ramp 的中心时间。,,unstructured/input.f90,904,3,unstructured/control.f90(2); unstructured/newpar.f90(1),"源码引用 3 处；主要在 `control.f90` 2处, `newpar.f90` 1处。","unstructured/control.f90:51: subroutine variable_tcur(tcuri, tcurf, tcur_t0, tcur_tw, time, tcur)
unstructured/control.f90:57: tcur = tcuri + (tcurf-tcuri)*.5*(1.+tanh((time - tcur_t0)/tcur_tw))
unstructured/newpar.f90:404: call variable_tcur(tcuri,tcurf,tcur_t0,tcur_tw,time,tcur)"
386,tcur_tw,tcur_tw,&inputnl,Sources/Sinks,源项/汇项,real,0.,1,源码 `add_var_*` 注册说明为空；请结合所在逻辑组和下方源码使用位置判断。,目标电流 tanh ramp 的时间宽度；用于从 `tcuri` 平滑过渡到 `tcurf`。,,unstructured/input.f90,905,3,unstructured/control.f90(2); unstructured/newpar.f90(1),"源码引用 3 处；主要在 `control.f90` 2处, `newpar.f90` 1处。","unstructured/control.f90:51: subroutine variable_tcur(tcuri, tcurf, tcur_t0, tcur_tw, time, tcur)
unstructured/control.f90:57: tcur = tcuri + (tcurf-tcuri)*.5*(1.+tanh((time - tcur_t0)/tcur_tw))
unstructured/newpar.f90:404: call variable_tcur(tcuri,tcurf,tcur_t0,tcur_tw,time,tcur)"
387,control_p,control_p,&inputnl,Sources/Sinks,源项/汇项,real,0.,1,源码 `add_var_*` 注册说明为空；请结合所在逻辑组和下方源码使用位置判断。,`control_type=1` 电流 PID 的比例增益 P。,,unstructured/input.f90,907,1,unstructured/newpar.f90(1),源码引用 1 处；主要在 `newpar.f90` 1处。,unstructured/newpar.f90:511: i_control%p = control_p
388,control_i,control_i,&inputnl,Sources/Sinks,源项/汇项,real,0.,1,源码 `add_var_*` 注册说明为空；请结合所在逻辑组和下方源码使用位置判断。,`control_type=1` 电流 PID 的积分增益 I。,,unstructured/input.f90,908,1,unstructured/newpar.f90(1),源码引用 1 处；主要在 `newpar.f90` 1处。,unstructured/newpar.f90:512: i_control%i = control_i
389,control_d,control_d,&inputnl,Sources/Sinks,源项/汇项,real,0.,1,源码 `add_var_*` 注册说明为空；请结合所在逻辑组和下方源码使用位置判断。,`control_type=1` 电流 PID 的微分增益 D。,,unstructured/input.f90,909,1,unstructured/newpar.f90(1),源码引用 1 处；主要在 `newpar.f90` 1处。,unstructured/newpar.f90:513: i_control%d = control_d
390,control_type,control_type,&inputnl,Sources/Sinks,源项/汇项,integer,-1,1,源码 `add_var_*` 注册说明为空；请结合所在逻辑组和下方源码使用位置判断。,-1 不启用电流控制；0 旧算法；1 标准 PID，配合 `control_p/i/d`。,,unstructured/input.f90,910,2,unstructured/newpar.f90(1); unstructured/restart_hdf5.f90(1),"源码引用 2 处；主要在 `newpar.f90` 1处, `restart_hdf5.f90` 1处。","unstructured/newpar.f90:515: i_control%icontrol_type = control_type
unstructured/restart_hdf5.f90:254: if(control_type.ne.-1) then"
391,ipellet,ipellet,&inputnl,Sources/Sinks,源项/汇项,integer,0,1,1 = include a gaussian pellet source,源码用法：在 `pellet.f90` 中选择密度源分布；正值为持续源，负值用于初始扰动；双位数分布按 `Lor_vol` 数值归一化。,,unstructured/input.f90,914,27,unstructured/init_common.f90(5); unstructured/output.f90(5); unstructured/pellet.f90(5); unstructured/input.f90(3); unstructured/kprad_m3dc1.f90(3); unstructured/restart_hdf5.f90(2); unstructured/transport.f90(2); unstructured/diagnostics.f90(1),"源码引用 27 处；主要在 `init_common.f90` 5处, `output.f90` 5处, `pellet.f90` 5处, `input.f90` 3处。","unstructured/diagnostics.f90:814: if(ipellet.ne.0) call calculate_Lor_vol
unstructured/init_common.f90:259: if((idenfunc.eq.0 .or. idenfunc.eq.4) .and. .not.(ipellet.gt.0 .and. linear.eq.1) &
unstructured/init_common.f90:261: if(ipellet.ne.0) then
unstructured/init_common.f90:370: if(ipellet.gt.0 .and. linear.eq.1) then
unstructured/init_common.f90:411: if(ipellet.ge.0) return
unstructured/init_common.f90:425: if(ipellet.lt.0) then
unstructured/init_conds.f90:666: if(ipellet.ne.0) then
unstructured/input.f90:948: ""For ipellet=14, fraction of distribution that is Cauchy, vs von Mises"", &
unstructured/input.f90:1841: if(ipellet.ne.0 .or. iread_lp_source.gt.0) then
unstructured/input.f90:1845: density_source = idens.eq.1 .and. linear.eq.0 .and. ipellet.ge.1 &"
392,irestart_pellet,irestart_pellet,&inputnl,Sources/Sinks,源项/汇项,integer,0,1,1 = read some pellet restart parameters from C1input,restart 时仍从 C1input 覆盖部分 pellet 参数，如 pellet_rate、pellet_var_tor、pellet_var、cloud_pel、pellet_mix、cauchy_fraction。,,unstructured/input.f90,916,3,unstructured/restart_hdf5.f90(3),源码引用 3 处；主要在 `restart_hdf5.f90` 3处。,"unstructured/restart_hdf5.f90:201: if(irestart_pellet.eq.0) then
unstructured/restart_hdf5.f90:227: else if(irestart_pellet.eq.1) then
unstructured/restart_hdf5.f90:244: print *, 'Error: irestart_pellet not available for this value: ',irestart_pellet"
393,ipellet_z,ipellet_z,&inputnl,Sources/Sinks,源项/汇项,integer,0,1,Atomic number of pellet (0 = main ion species),,,unstructured/input.f90,918,12,unstructured/input.f90(4); unstructured/kprad_m3dc1.f90(3); unstructured/init_common.f90(2); unstructured/pellet.f90(2); unstructured/transport.f90(1),"源码引用 12 处；主要在 `input.f90` 4处, `kprad_m3dc1.f90` 3处, `init_common.f90` 2处, `pellet.f90` 2处。","unstructured/init_common.f90:262: if(ipellet_z.ne.0 .and. all(pellet_mix.eq.0.)) return
unstructured/init_common.f90:412: if(ipellet_z.ne.0 .and. all(pellet_mix.eq.0.)) return
unstructured/input.f90:1846: .and. (ipellet_z.eq.0 .or. any(pellet_mix.gt.0.))
unstructured/input.f90:1850: if(ipellet_z.ne.0 .and. &
unstructured/input.f90:1851: (ikprad.ne.0 .and. ipellet_z.ne.kprad_z)) then
unstructured/input.f90:1852: if(myrank.eq.0) print *, 'Error: ipellet_z != kprad_z'
unstructured/kprad_m3dc1.f90:188: if(ipellet.lt.0. .and. ipellet_z.eq.kprad_z) &
unstructured/kprad_m3dc1.f90:199: if(ipellet.lt.0. .and. ipellet_z.eq.kprad_z) then
unstructured/kprad_m3dc1.f90:575: if(ipellet.ge.1 .and. ipellet_z.eq.kprad_z .and. iread_lp_source.eq.0) then
unstructured/pellet.f90:453: z_abl = ipellet_z"
394,iread_pellet,iread_pellet,&inputnl,Sources/Sinks,源项/汇项,integer,0,1,1: read pellet info from pellet.dat,"0 用标量 pellet_* 定义单 pellet；1 读 `pellet.dat`，每行一个 pellet，列为 r,phi,z,rate,var,var_tor,velr,velphi,velz,r_p,cloud_pel,pellet_mix,cauchy_fraction。",,unstructured/input.f90,920,1,unstructured/pellet.f90(1),源码引用 1 处；主要在 `pellet.f90` 1处。,unstructured/pellet.f90:60: if(iread_pellet.eq.0) then
395,pellet_r,pellet_r_scl,&inputnl,Sources/Sinks,源项/汇项,real,0.,1,Initial radial position of the pellet,,,unstructured/input.f90,922,33,unstructured/pellet.f90(23); unstructured/restart_hdf5.f90(4); unstructured/adapt.f90(2); unstructured/output.f90(2); unstructured/diagnostics.f90(1); unstructured/kprad_m3dc1.f90(1),"源码引用 33 处；主要在 `pellet.f90` 23处, `restart_hdf5.f90` 4处, `adapt.f90` 2处, `output.f90` 2处。","unstructured/adapt.f90:80: x0 = pellet_r(ip)*cos(pellet_phi(ip))
unstructured/adapt.f90:81: y0 = pellet_r(ip)*sin(pellet_phi(ip))
unstructured/diagnostics.f90:1184: print *, "" R position: "", pellet_r(ip)*l0_norm
unstructured/kprad_m3dc1.f90:809: x_vals = x_vals + pellet_r(1)
unstructured/output.f90:430: call output_1dextendarr(pel_group_id, ""pellet_r"", pellet_r, npellets, ntime, error)
unstructured/output.f90:455: call output_scalar(scalar_group_id, ""pellet_r"", pellet_r(1), ntime, error)
unstructured/pellet.f90:63: allocate(pellet_r(npellets))
unstructured/pellet.f90:77: pellet_r(1) = pellet_r_scl
unstructured/pellet.f90:91: call read_ascii_column(pellet_filename, pellet_r, npellets, icol=1)
unstructured/pellet.f90:131: where(pellet_var_tor.le.0) pellet_var_tor = pellet_var/pellet_r"
396,pellet_phi,pellet_phi_scl,&inputnl,Sources/Sinks,源项/汇项,real,0.,1,Initial toroidal position of the pellet,,,unstructured/input.f90,924,30,unstructured/pellet.f90(21); unstructured/restart_hdf5.f90(3); unstructured/adapt.f90(2); unstructured/output.f90(2); unstructured/diagnostics.f90(1); unstructured/kprad_m3dc1.f90(1),"源码引用 30 处；主要在 `pellet.f90` 21处, `restart_hdf5.f90` 3处, `adapt.f90` 2处, `output.f90` 2处。","unstructured/adapt.f90:80: x0 = pellet_r(ip)*cos(pellet_phi(ip))
unstructured/adapt.f90:81: y0 = pellet_r(ip)*sin(pellet_phi(ip))
unstructured/diagnostics.f90:1185: print *, "" phi position: "", pellet_phi(ip)
unstructured/kprad_m3dc1.f90:813: phi_vals = z_vals / x_vals + pellet_phi(1)
unstructured/output.f90:431: call output_1dextendarr(pel_group_id, ""pellet_phi"", pellet_phi, npellets, ntime, error)
unstructured/output.f90:456: call output_scalar(scalar_group_id, ""pellet_phi"", pellet_phi(1), ntime, error)
unstructured/pellet.f90:64: allocate(pellet_phi(npellets))
unstructured/pellet.f90:78: pellet_phi(1) = pellet_phi_scl
unstructured/pellet.f90:92: call read_ascii_column(pellet_filename, pellet_phi, npellets, icol=2)
unstructured/pellet.f90:106: where(pellet_phi .lt. 0) pellet_phi = pellet_phi + toroidal_period"
397,pellet_z,pellet_z_scl,&inputnl,Sources/Sinks,源项/汇项,real,0.,1,Initial vertical position of the pellet,,,unstructured/input.f90,926,24,unstructured/pellet.f90(16); unstructured/restart_hdf5.f90(3); unstructured/output.f90(2); unstructured/adapt.f90(1); unstructured/diagnostics.f90(1); unstructured/kprad_m3dc1.f90(1),"源码引用 24 处；主要在 `pellet.f90` 16处, `restart_hdf5.f90` 3处, `output.f90` 2处, `adapt.f90` 1处。","unstructured/adapt.f90:97: zp_adapt(j,ip) = pellet_z(ip) + pellet_velz(ip)*(j-1)*p_dt
unstructured/diagnostics.f90:1186: print *, "" Z position: "", pellet_z(ip)*l0_norm
unstructured/kprad_m3dc1.f90:810: y_vals = y_vals + pellet_z(1)
unstructured/output.f90:432: call output_1dextendarr(pel_group_id, ""pellet_z"", pellet_z, npellets, ntime, error)
unstructured/output.f90:457: call output_scalar(scalar_group_id, ""pellet_z"", pellet_z(1), ntime, error)
unstructured/pellet.f90:65: allocate(pellet_z(npellets))
unstructured/pellet.f90:79: pellet_z(1) = pellet_z_scl
unstructured/pellet.f90:93: call read_ascii_column(pellet_filename, pellet_z, npellets, icol=3)
unstructured/pellet.f90:204: *exp(-((r-pellet_r(ip))**2 + (z-pellet_z(ip))**2) &
unstructured/pellet.f90:218: + (z - pellet_z(ip))**2) / (2.*pellet_var(ip)**2))"
398,pellet_rate,pellet_rate_scl,&inputnl,Sources/Sinks,源项/汇项,real,0.,1,源码 `add_var_*` 注册说明为空；请结合所在逻辑组和下方源码使用位置判断。,,,unstructured/input.f90,928,29,unstructured/pellet.f90(14); unstructured/newpar.f90(3); unstructured/transport.f90(3); unstructured/init_common.f90(2); unstructured/kprad_m3dc1.f90(2); unstructured/output.f90(2); unstructured/restart_hdf5.f90(2); unstructured/diagnostics.f90(1),"源码引用 29 处；主要在 `pellet.f90` 14处, `newpar.f90` 3处, `transport.f90` 3处, `init_common.f90` 2处。","unstructured/diagnostics.f90:1178: print *, "" particles injected = "", pellet_rate(ip)*dt*(n0_norm*l0_norm**3)
unstructured/init_common.f90:375: rate = pellet_rate(ip)
unstructured/init_common.f90:430: rate = pellet_rate(ip)
unstructured/kprad_m3dc1.f90:203: pellet_rate(ip)*pellet_distribution(ip, x_79, phi_79, z_79, p, 1, izone)
unstructured/kprad_m3dc1.f90:579: source(:,0) = source(:,0) + pellet_rate(ip)*pellet_distribution(ip, x_79, phi_79, z_79, p, 1, izone)
unstructured/newpar.f90:429: print *, "" "", pellet_rate(ip), totden, n_control%p, &
unstructured/newpar.f90:432: call control(totden, pellet_rate(ip), n_control, dt) ! ???
unstructured/newpar.f90:439: print *, "" "", pellet_rate(ip), totden, n_control%p, &
unstructured/output.f90:433: call output_1dextendarr(pel_group_id, ""pellet_rate"", pellet_rate, npellets, ntime, error)
unstructured/output.f90:465: call output_scalar(scalar_group_id, ""pellet_rate"", pellet_rate(1), ntime, error)"
399,pellet_var,pellet_var_scl,&inputnl,Sources/Sinks,源项/汇项,real,1.,1,源码 `add_var_*` 注册说明为空；请结合所在逻辑组和下方源码使用位置判断。,,,unstructured/input.f90,929,36,unstructured/pellet.f90(29); unstructured/output.f90(2); unstructured/restart_hdf5.f90(2); unstructured/transport.f90(2); unstructured/input.f90(1),"源码引用 36 处；主要在 `pellet.f90` 29处, `output.f90` 2处, `restart_hdf5.f90` 2处, `transport.f90` 2处。","unstructured/input.f90:940: ""1 = use fixed input pellet_var when ipellet_abl=1"", source_grp)
unstructured/output.f90:435: call output_1dextendarr(pel_group_id, ""pellet_var"", pellet_var, npellets, ntime, error)
unstructured/output.f90:463: call output_scalar(scalar_group_id, ""pellet_var"", pellet_var(1), ntime, error)
unstructured/pellet.f90:67: allocate(pellet_var(npellets))
unstructured/pellet.f90:81: pellet_var(1) = pellet_var_scl
unstructured/pellet.f90:95: call read_ascii_column(pellet_filename, pellet_var, npellets, icol=5)
unstructured/pellet.f90:126: pellet_var = cloud_pel*r_p
unstructured/pellet.f90:131: where(pellet_var_tor.le.0) pellet_var_tor = pellet_var/pellet_r
unstructured/pellet.f90:133: where(pellet_var_tor.le.0) pellet_var_tor = pellet_var
unstructured/pellet.f90:203: (sqrt(twopi)**3*pellet_var(ip)**2*pellet_var_tor(ip)) &"
400,pellet_var_tor,pellet_var_tor_scl,&inputnl,Sources/Sinks,源项/汇项,real,0.,1,源码 `add_var_*` 注册说明为空；请结合所在逻辑组和下方源码使用位置判断。,源码用法：读入后若 <=0 会自动补值：`ipellet=15` 用 `pellet_var/pellet_r`，其它分支用 `pellet_var`。,,unstructured/input.f90,930,13,unstructured/pellet.f90(11); unstructured/output.f90(1); unstructured/restart_hdf5.f90(1),"源码引用 13 处；主要在 `pellet.f90` 11处, `output.f90` 1处, `restart_hdf5.f90` 1处。","unstructured/output.f90:436: call output_1dextendarr(pel_group_id, ""pellet_var_tor"", pellet_var_tor, npellets, ntime, error)
unstructured/pellet.f90:68: allocate(pellet_var_tor(npellets))
unstructured/pellet.f90:82: pellet_var_tor(1) = pellet_var_tor_scl
unstructured/pellet.f90:96: call read_ascii_column(pellet_filename, pellet_var_tor, npellets, icol=6)
unstructured/pellet.f90:131: where(pellet_var_tor.le.0) pellet_var_tor = pellet_var/pellet_r
unstructured/pellet.f90:133: where(pellet_var_tor.le.0) pellet_var_tor = pellet_var
unstructured/pellet.f90:203: (sqrt(twopi)**3*pellet_var(ip)**2*pellet_var_tor(ip)) &
unstructured/pellet.f90:207: /(2.*pellet_var_tor(ip)**2))
unstructured/pellet.f90:243: (sqrt(twopi)**3*pellet_var(ip)**2*pellet_var_tor(ip)) &
unstructured/pellet.f90:246: gamma = pellet_var_tor(ip)/sqrt(r*pellet_r(ip))"
401,pellet_velr,pellet_velr_scl,&inputnl,Sources/Sinks,源项/汇项,real,0.,1,Initial radial velocity of the pellet,,,unstructured/input.f90,931,11,unstructured/pellet.f90(5); unstructured/restart_hdf5.f90(4); unstructured/output.f90(2),"源码引用 11 处；主要在 `pellet.f90` 5处, `restart_hdf5.f90` 4处, `output.f90` 2处。","unstructured/output.f90:437: call output_1dextendarr(pel_group_id, ""pellet_velr"", pellet_velr, npellets, ntime, error)
unstructured/output.f90:458: call output_scalar(scalar_group_id, ""pellet_velr"", pellet_velr(1), ntime, error)
unstructured/pellet.f90:69: allocate(pellet_velr(npellets))
unstructured/pellet.f90:83: pellet_velr(1) = pellet_velr_scl
unstructured/pellet.f90:97: call read_ascii_column(pellet_filename, pellet_velr, npellets, icol=7)
unstructured/pellet.f90:138: pellet_vx = pellet_velr*cos(pellet_phi) - pellet_velphi*sin(pellet_phi)
unstructured/pellet.f90:139: pellet_vy = pellet_velr*sin(pellet_phi) + pellet_velphi*cos(pellet_phi)
unstructured/restart_hdf5.f90:181: call read_scalar(scalar_group_id, ""pellet_velx"", pellet_velr(1), ntime, error)
unstructured/restart_hdf5.f90:183: call read_scalar(scalar_group_id, ""pellet_velr"", pellet_velr(1), ntime, error)
unstructured/restart_hdf5.f90:208: call read_1dextendarr(pel_group_id, ""pellet_velr"", pellet_velr, npellets, ntime, error)"
402,pellet_velphi,pellet_velphi_scl,&inputnl,Sources/Sinks,源项/汇项,real,0.,1,Initial toroidal velocity of the pellet,,,unstructured/input.f90,933,10,unstructured/pellet.f90(5); unstructured/restart_hdf5.f90(3); unstructured/output.f90(2),"源码引用 10 处；主要在 `pellet.f90` 5处, `restart_hdf5.f90` 3处, `output.f90` 2处。","unstructured/output.f90:438: call output_1dextendarr(pel_group_id, ""pellet_velphi"", pellet_velphi, npellets, ntime, error)
unstructured/output.f90:459: call output_scalar(scalar_group_id, ""pellet_velphi"", pellet_velphi(1), ntime, error)
unstructured/pellet.f90:70: allocate(pellet_velphi(npellets))
unstructured/pellet.f90:84: pellet_velphi(1) = pellet_velphi_scl
unstructured/pellet.f90:98: call read_ascii_column(pellet_filename, pellet_velphi, npellets, icol=8)
unstructured/pellet.f90:138: pellet_vx = pellet_velr*cos(pellet_phi) - pellet_velphi*sin(pellet_phi)
unstructured/pellet.f90:139: pellet_vy = pellet_velr*sin(pellet_phi) + pellet_velphi*cos(pellet_phi)
unstructured/restart_hdf5.f90:185: call read_scalar(scalar_group_id, ""pellet_velphi"", pellet_velphi(1), ntime, error)
unstructured/restart_hdf5.f90:209: call read_1dextendarr(pel_group_id, ""pellet_velphi"", pellet_velphi, npellets, ntime, error)
unstructured/restart_hdf5.f90:233: call read_1dextendarr(pel_group_id, ""pellet_velphi"", pellet_velphi, npellets, ntime, error)"
403,pellet_velz,pellet_velz_scl,&inputnl,Sources/Sinks,源项/汇项,real,0.,1,Initial vertical velocity of the pellet,,,unstructured/input.f90,935,14,unstructured/pellet.f90(7); unstructured/restart_hdf5.f90(3); unstructured/adapt.f90(2); unstructured/output.f90(2),"源码引用 14 处；主要在 `pellet.f90` 7处, `restart_hdf5.f90` 3处, `adapt.f90` 2处, `output.f90` 2处。","unstructured/adapt.f90:84: p_v = sqrt(pellet_vx(ip)**2 + pellet_vy(ip)**2 + pellet_velz(ip)**2)
unstructured/adapt.f90:97: zp_adapt(j,ip) = pellet_z(ip) + pellet_velz(ip)*(j-1)*p_dt
unstructured/output.f90:439: call output_1dextendarr(pel_group_id, ""pellet_velz"", pellet_velz, npellets, ntime, error)
unstructured/output.f90:460: call output_scalar(scalar_group_id, ""pellet_velz"", pellet_velz(1), ntime, error)
unstructured/pellet.f90:71: allocate(pellet_velz(npellets))
unstructured/pellet.f90:85: pellet_velz(1) = pellet_velz_scl
unstructured/pellet.f90:99: call read_ascii_column(pellet_filename, pellet_velz, npellets, icol=9)
unstructured/pellet.f90:329: pellet_velz(j) = 0.
unstructured/pellet.f90:349: pellet_velz(j) = 0.
unstructured/pellet.f90:368: where((pellet_vx**2 + pellet_vy**2 + pellet_velz**2).gt.0.)"
404,ipellet_abl,ipellet_abl,&inputnl,Sources/Sinks,源项/汇项,integer,0,1,1 = include an ablation model,源码用法：选择 pellet ablation 模型；1/2 lithium，3 neon，43 carbon/Sergeev06。`ipellet_z=0` 时会由模型推断默认 Z。,,unstructured/input.f90,937,20,unstructured/pellet.f90(10); unstructured/diagnostics.f90(5); unstructured/transport.f90(2); unstructured/input.f90(1); unstructured/output.f90(1); unstructured/time_step.f90(1),"源码引用 20 处；主要在 `pellet.f90` 10处, `diagnostics.f90` 5处, `transport.f90` 2处, `input.f90` 1处。","unstructured/diagnostics.f90:258: if(ipellet_abl.gt.0) then
unstructured/diagnostics.f90:478: if(ipellet_abl.gt.0) then
unstructured/diagnostics.f90:1017: if(ipellet_abl.gt.0) then
unstructured/diagnostics.f90:1126: if(ipellet_abl.gt.0) call calculate_ablation
unstructured/diagnostics.f90:1173: if(ipellet_abl.gt.0) then
unstructured/input.f90:940: ""1 = use fixed input pellet_var when ipellet_abl=1"", source_grp)
unstructured/output.f90:271: call write_int_attr (root_id, ""ipellet_abl"", ipellet_abl,error)
unstructured/pellet.f90:125: if((ipellet_abl.gt.0).and.(ipellet_fixed_dep.eq.0)) then
unstructured/pellet.f90:385: if((ipellet_abl.gt.0).and.(ipellet_fixed_dep.eq.0)) then
unstructured/pellet.f90:455: select case(ipellet_abl)"
405,ipellet_fixed_dep,ipellet_fixed_dep,&inputnl,Sources/Sinks,源项/汇项,integer,0,1,1 = use fixed input pellet_var when ipellet_abl=1,,,unstructured/input.f90,939,2,unstructured/pellet.f90(2),源码引用 2 处；主要在 `pellet.f90` 2处。,"unstructured/pellet.f90:125: if((ipellet_abl.gt.0).and.(ipellet_fixed_dep.eq.0)) then
unstructured/pellet.f90:385: if((ipellet_abl.gt.0).and.(ipellet_fixed_dep.eq.0)) then"
406,r_p,r_p_scl,&inputnl,Sources/Sinks,源项/汇项,real,1.e-3,1,源码 `add_var_*` 注册说明为空；请结合所在逻辑组和下方源码使用位置判断。,pellet 实体半径，供 ablation 模型计算剩余粒子数和烧蚀率；不是沉积 Gaussian 宽度。,,unstructured/input.f90,941,34,unstructured/pellet.f90(25); unstructured/restart_hdf5.f90(3); unstructured/diagnostics.f90(2); unstructured/output.f90(2); m3dc1_scorec/src/Expression.cc(2),"源码引用 34 处；主要在 `pellet.f90` 25处, `restart_hdf5.f90` 3处, `diagnostics.f90` 2处, `output.f90` 2处。","unstructured/diagnostics.f90:1019: if((pellet_state(ip).eq.1).and.(r_p(ip).ge.1e-8)) then
unstructured/diagnostics.f90:1179: print *, "" radius (in cm) = "", r_p(ip)*l0_norm
unstructured/output.f90:442: call output_1dextendarr(pel_group_id, ""r_p"", r_p, npellets, ntime, error)
unstructured/output.f90:464: call output_scalar(scalar_group_id, ""r_p"", r_p(1), ntime, error)
unstructured/pellet.f90:72: allocate(r_p(npellets))
unstructured/pellet.f90:86: r_p(1) = r_p_scl
unstructured/pellet.f90:100: call read_ascii_column(pellet_filename, r_p, npellets, icol=10)
unstructured/pellet.f90:126: pellet_var = cloud_pel*r_p
unstructured/pellet.f90:386: pellet_var = cloud_pel*r_p
unstructured/pellet.f90:428: if((r_p(ip)*l0_norm).lt.1e-8 .or. &"
407,cloud_pel,cloud_pel_scl,&inputnl,Sources/Sinks,源项/汇项,real,1.,1,源码 `add_var_*` 注册说明为空；请结合所在逻辑组和下方源码使用位置判断。,pellet ablation 云团/沉积宽度的乘性系数，控制烧蚀物质相对 pellet 的扩散尺度。,,unstructured/input.f90,942,7,unstructured/pellet.f90(5); unstructured/output.f90(1); unstructured/restart_hdf5.f90(1),"源码引用 7 处；主要在 `pellet.f90` 5处, `output.f90` 1处, `restart_hdf5.f90` 1处。","unstructured/output.f90:443: call output_1dextendarr(pel_group_id, ""cloud_pel"", cloud_pel, npellets, ntime, error)
unstructured/pellet.f90:73: allocate(cloud_pel(npellets))
unstructured/pellet.f90:87: cloud_pel(1) = cloud_pel_scl
unstructured/pellet.f90:101: call read_ascii_column(pellet_filename, cloud_pel, npellets, icol=11)
unstructured/pellet.f90:126: pellet_var = cloud_pel*r_p
unstructured/pellet.f90:386: pellet_var = cloud_pel*r_p
unstructured/restart_hdf5.f90:216: call read_1dextendarr(pel_group_id, ""cloud_pel"", cloud_pel, npellets, ntime, error)"
408,pellet_mix,pellet_mix_scl,&inputnl,Sources/Sinks,源项/汇项,real,0.,1,Molar fraction of deuterium in pellet,,,unstructured/input.f90,943,27,unstructured/pellet.f90(17); unstructured/init_common.f90(4); unstructured/transport.f90(3); unstructured/input.f90(1); unstructured/output.f90(1); unstructured/restart_hdf5.f90(1),"源码引用 27 处；主要在 `pellet.f90` 17处, `init_common.f90` 4处, `transport.f90` 3处, `input.f90` 1处。","unstructured/init_common.f90:262: if(ipellet_z.ne.0 .and. all(pellet_mix.eq.0.)) return
unstructured/init_common.f90:374: if(pellet_mix(ip).eq.0.) then
unstructured/init_common.f90:412: if(ipellet_z.ne.0 .and. all(pellet_mix.eq.0.)) return
unstructured/init_common.f90:429: if(pellet_mix(ip).eq.0) then
unstructured/input.f90:1846: .and. (ipellet_z.eq.0 .or. any(pellet_mix.gt.0.))
unstructured/output.f90:444: call output_1dextendarr(pel_group_id, ""pellet_mix"", pellet_mix, npellets, ntime, error)
unstructured/pellet.f90:74: allocate(pellet_mix(npellets))
unstructured/pellet.f90:88: pellet_mix(1) = pellet_mix_scl
unstructured/pellet.f90:102: call read_ascii_column(pellet_filename, pellet_mix, npellets, icol=12)
unstructured/pellet.f90:493: if(pellet_mix(ip).gt.0) then"
409,temin_abl,temin_abl,&inputnl,Sources/Sinks,源项/汇项,real,0.,1,Min. Temp. at which ablation turns on,,,unstructured/input.f90,945,1,unstructured/pellet.f90(1),源码引用 1 处；主要在 `pellet.f90` 1处。,unstructured/pellet.f90:427: temin_eV = temin_abl*p0_norm/(1.6022e-12*n0_norm)
410,cauchy_fraction,cauchy_fraction_scl,&inputnl,Sources/Sinks,源项/汇项,real,0.,1,"For ipellet=14, fraction of distribution that is Cauchy, vs von Mises",,,unstructured/input.f90,947,7,unstructured/pellet.f90(5); unstructured/output.f90(1); unstructured/restart_hdf5.f90(1),"源码引用 7 处；主要在 `pellet.f90` 5处, `output.f90` 1处, `restart_hdf5.f90` 1处。","unstructured/output.f90:446: call output_1dextendarr(pel_group_id, ""cauchy_fraction"", cauchy_fraction, npellets, ntime, error)
unstructured/pellet.f90:75: allocate(cauchy_fraction(npellets))
unstructured/pellet.f90:89: cauchy_fraction(1) = cauchy_fraction_scl
unstructured/pellet.f90:103: call read_ascii_column(pellet_filename, cauchy_fraction, npellets, icol=13)
unstructured/pellet.f90:248: ((1.-cauchy_fraction(ip))*exp(-(1.-cos(phi-pellet_phi(ip)))/gamma**2) + &
unstructured/pellet.f90:249: cauchy_fraction(ip)*(cosh(gamma) - cos(pellet_phi(ip)))/(cosh(gamma) - cos(phi-pellet_phi(ip))))
unstructured/restart_hdf5.f90:219: call read_1dextendarr(pel_group_id, ""cauchy_fraction"",cauchy_fraction, npellets, ntime, error)"
411,abl_fac,abl_fac,&inputnl,Sources/Sinks,源项/汇项,real,1.,1,Factor multiplying calculated ablation rate,,,unstructured/input.f90,950,3,unstructured/pellet.f90(3),源码引用 3 处；主要在 `pellet.f90` 3处。,"unstructured/pellet.f90:592: pellet_rate(ip) = pellet_rate(ip)*abl_fac
unstructured/pellet.f90:593: pellet_rate_D2(ip) = pellet_rate_D2(ip)*abl_fac
unstructured/pellet.f90:594: rpdot(ip) = rpdot(ip)*abl_fac"
412,ibeam,ibeam,&inputnl,Sources/Sinks,源项/汇项,integer,0,1,GE 1: Include neutral beam source,,,unstructured/input.f90,955,9,unstructured/input.f90(5); unstructured/transport.f90(4),"源码引用 9 处；主要在 `input.f90` 5处, `transport.f90` 4处。","unstructured/input.f90:1662: .or. idenfloor.gt.0 .or. ibeam.eq.1 &
unstructured/input.f90:1663: .or. ibeam.eq.2 .or. iread_particlesource.eq.1 &
unstructured/input.f90:1666: (ibeam.eq.1 .or. ibeam.eq.4 .or. ibeam.eq.5)
unstructured/input.f90:1669: (ibeam.ge.1 .and. ibeam.le.4) .or. &
unstructured/input.f90:1840: if(ibeam.ge.1) call neutral_beam_init
unstructured/transport.f90:356: if(ibeam.eq.1 .or. ibeam.eq.2) then
unstructured/transport.f90:470: if(ibeam.eq.1 .or. ibeam.eq.4 .or. ibeam.eq.5) then
unstructured/transport.f90:630: if(ibeam.ge.1 .and. ibeam.le.4) then
unstructured/transport.f90:1698: if(ibeam.ge.1) def_fields = def_fields + FIELD_V"
413,beam_x,beam_x,&inputnl,Sources/Sinks,源项/汇项,real,0.,1,R-coordinate of beam center,,,unstructured/input.f90,957,1,unstructured/neutral_beam.f90(1),源码引用 1 处；主要在 `neutral_beam.f90` 1处。,unstructured/neutral_beam.f90:28: nb_r = beam_x/(l0_norm/100.)
414,beam_z,beam_z,&inputnl,Sources/Sinks,源项/汇项,real,0.,1,Z-coordinate of beam center,,,unstructured/input.f90,959,1,unstructured/neutral_beam.f90(1),源码引用 1 处；主要在 `neutral_beam.f90` 1处。,unstructured/neutral_beam.f90:29: nb_z = beam_z/(l0_norm/100.)
415,beam_v,beam_v,&inputnl,Sources/Sinks,源项/汇项,real,1.e4,1,Beam voltage (in volts),,,unstructured/input.f90,961,3,unstructured/neutral_beam.f90(2); unstructured/mackenbach_profiles.f90(1),"源码引用 3 处；主要在 `neutral_beam.f90` 2处, `mackenbach_profiles.f90` 1处。","unstructured/mackenbach_profiles.f90:550: print *, ""beam_v ="", 1e6
unstructured/neutral_beam.f90:31: nb_v = sqrt(2.*beam_zeff*e_c*(abs(beam_v)*1.e8/c_light)/(ion_mass*m_p)) &
unstructured/neutral_beam.f90:33: if(beam_v.lt.0.) nb_v = -nb_v"
416,beam_rate,beam_rate,&inputnl,Sources/Sinks,源项/汇项,real,0.,1,Ions/second deposited by beam,,,unstructured/input.f90,963,2,unstructured/mackenbach_profiles.f90(1); unstructured/neutral_beam.f90(1),"源码引用 2 处；主要在 `mackenbach_profiles.f90` 1处, `neutral_beam.f90` 1处。","unstructured/mackenbach_profiles.f90:551: print *, ""beam_rate = "", F0*2.718e21
unstructured/neutral_beam.f90:27: nb_n = beam_rate*t0_norm/(n0_norm*l0_norm**3)"
417,beam_dr,beam_dr,&inputnl,Sources/Sinks,源项/汇项,real,0.1,1,Dispersion of beam deposition,,,unstructured/input.f90,965,2,unstructured/mackenbach_profiles.f90(1); unstructured/neutral_beam.f90(1),"源码引用 2 处；主要在 `mackenbach_profiles.f90` 1处, `neutral_beam.f90` 1处。","unstructured/mackenbach_profiles.f90:552: print *, ""beam_dr = "", 0.2
unstructured/neutral_beam.f90:30: nb_dr = beam_dr/(l0_norm/100.)"
418,beam_dv,beam_dv,&inputnl,Sources/Sinks,源项/汇项,real,100.,1,Dispersion of beam voltage (in volts),,,unstructured/input.f90,967,1,unstructured/neutral_beam.f90(1),源码引用 1 处；主要在 `neutral_beam.f90` 1处。,unstructured/neutral_beam.f90:34: nb_dv =sqrt(2.*beam_zeff*e_c*(beam_dv*1.e8/c_light)/(ion_mass*m_p))/v0_norm
419,beam_fracpar,beam_fracpar,&inputnl,Sources/Sinks,源项/汇项,real,1.0,1,Cosine of beam angle relative to parallel,,,unstructured/input.f90,969,1,unstructured/transport.f90(1),源码引用 1 处；主要在 `transport.f90` 1处。,"unstructured/transport.f90:472: temp = temp + nb_v*beam_fracpar*intx2(mu79(:,:,OP_1),temp79a)"
420,icd_source,icd_source,&inputnl,Sources/Sinks,源项/汇项,integer,0,1,1: Include current drive source,,,unstructured/input.f90,973,16,unstructured/transport.f90(5); unstructured/adapt.f90(2); unstructured/ludef_t.f90(2); unstructured/ludef_t_gpu.f90(2); unstructured/newpar.f90(2); unstructured/output.f90(2); unstructured/m3dc1_nint.f90(1),"源码引用 16 处；主要在 `transport.f90` 5处, `adapt.f90` 2处, `ludef_t.f90` 2处, `ludef_t_gpu.f90` 2处。","unstructured/adapt.f90:363: if(icd_source.gt.0) cd_field = 0.
unstructured/adapt.f90:559: if(icd_source.gt.0) cd_field = 0.
unstructured/ludef_t.f90:2699: if(icd_source.gt.0) then
unstructured/ludef_t.f90:4971: if(icd_source.gt.0) def_fields = def_fields + FIELD_CD
unstructured/ludef_t_gpu.f90:3109: if(icd_source.gt.0) then
unstructured/ludef_t_gpu.f90:5631: if(icd_source.gt.0) def_fields = def_fields + FIELD_CD
unstructured/m3dc1_nint.f90:1619: .and. icd_source.gt.0) then
unstructured/newpar.f90:1365: if(icd_source.gt.0) call create_field(cd_field, ""cd"")
unstructured/newpar.f90:1424: if(icd_source.gt.0) call create_field(cd_field)
unstructured/output.f90:1380: if(icd_source.gt.0) then"
421,J_0cd,j_0cd,&inputnl,Sources/Sinks,源项/汇项,real,0.,1,amplitude of current drive,,,unstructured/input.f90,975,2,unstructured/transport.f90(2),源码引用 2 处；主要在 `transport.f90` 2处。,"unstructured/transport.f90:940: temp79a(j) = J_0cd * exp( -(x_79(j)-R_0cd)**2/w_cd**2 &
unstructured/transport.f90:950: temp79a = J_0cd/sqrt(2.*pi*w_cd**2) &"
422,R_0cd,r_0cd,&inputnl,Sources/Sinks,源项/汇项,real,0.,1,R-coordinate of cd maximum,,,unstructured/input.f90,977,1,unstructured/transport.f90(1),源码引用 1 处；主要在 `transport.f90` 1处。,unstructured/transport.f90:940: temp79a(j) = J_0cd * exp( -(x_79(j)-R_0cd)**2/w_cd**2 &
423,Z_0cd,z_0cd,&inputnl,Sources/Sinks,源项/汇项,real,0.,1,Z-coordinate of cd maximum,,,unstructured/input.f90,979,1,unstructured/transport.f90(1),源码引用 1 处；主要在 `transport.f90` 1处。,unstructured/transport.f90:941: - (z_79(j)-Z_0cd)**2/w_cd**2 ) - delta_cd
424,W_cd,w_cd,&inputnl,Sources/Sinks,源项/汇项,real,0.,1,width of cd gaussian,,,unstructured/input.f90,981,4,unstructured/transport.f90(4),源码引用 4 处；主要在 `transport.f90` 4处。,"unstructured/transport.f90:940: temp79a(j) = J_0cd * exp( -(x_79(j)-R_0cd)**2/w_cd**2 &
unstructured/transport.f90:941: - (z_79(j)-Z_0cd)**2/w_cd**2 ) - delta_cd
unstructured/transport.f90:950: temp79a = J_0cd/sqrt(2.*pi*w_cd**2) &
unstructured/transport.f90:951: *exp(-(temp79b - delta_cd)**2/(2.*w_cd**2))"
425,delta_cd,delta_cd,&inputnl,Sources/Sinks,源项/汇项,real,0.,1,shift of cd gaussian,,,unstructured/input.f90,983,2,unstructured/transport.f90(2),源码引用 2 处；主要在 `transport.f90` 2处。,"unstructured/transport.f90:941: - (z_79(j)-Z_0cd)**2/w_cd**2 ) - delta_cd
unstructured/transport.f90:951: *exp(-(temp79b - delta_cd)**2/(2.*w_cd**2))"
426,ipforce,ipforce,&inputnl,Sources/Sinks,源项/汇项,integer,0,1,1: Include Poloidal momentum source,,,unstructured/input.f90,987,22,unstructured/ludef_t.f90(5); unstructured/transport.f90(5); unstructured/adapt.f90(4); unstructured/newpar.f90(4); unstructured/output.f90(2); unstructured/ludef_t_gpu.f90(1); unstructured/m3dc1_nint.f90(1),"源码引用 22 处；主要在 `ludef_t.f90` 5处, `transport.f90` 5处, `adapt.f90` 4处, `newpar.f90` 4处。","unstructured/adapt.f90:351: if(ipforce.gt.0) pforce_field = 0.
unstructured/adapt.f90:352: if(ipforce.gt.0) pmach_field = 0.
unstructured/adapt.f90:547: if(ipforce.gt.0) pforce_field = 0.
unstructured/adapt.f90:548: if(ipforce.gt.0) pmach_field = 0.
unstructured/ludef_t.f90:514: if(gyro.eq.1 .or. amupar.ne.0 .or. ipforce.ge.1) then
unstructured/ludef_t.f90:581: if(ipforce.ge.1) then
unstructured/ludef_t.f90:1723: if(gyro.eq.1 .or. amupar.gt.0. .or. ipforce.ge.1) then
unstructured/ludef_t.f90:1788: if(ipforce.ge.1) then
unstructured/ludef_t.f90:4969: if(ipforce.gt.0) def_fields = def_fields + FIELD_PF
unstructured/ludef_t_gpu.f90:5629: if(ipforce.gt.0) def_fields = def_fields + FIELD_PF"
427,dforce,dforce,&inputnl,Sources/Sinks,源项/汇项,real,0.,1,half-width of poloidal momentum source,,,unstructured/input.f90,989,1,unstructured/transport.f90(1),源码引用 1 处；主要在 `transport.f90` 1处。,unstructured/transport.f90:501: * dforce**2/((temp79a(j) - xforce)**2 + dforce**2)
428,xforce,xforce,&inputnl,Sources/Sinks,源项/汇项,real,0.,1,"location [0,1] of poloidal momentum source",,,unstructured/input.f90,991,1,unstructured/transport.f90(1),源码引用 1 处；主要在 `transport.f90` 1处。,unstructured/transport.f90:501: * dforce**2/((temp79a(j) - xforce)**2 + dforce**2)
429,nforce,nforce,&inputnl,Sources/Sinks,源项/汇项,integer,0,1,exponent of (1-x) multiplying poloidal mom. source,,,unstructured/input.f90,993,1,unstructured/transport.f90(1),源码引用 1 处；主要在 `transport.f90` 1处。,unstructured/transport.f90:500: temp79b(j) = aforce*(1.-temp79a(j))**nforce &
430,aforce,aforce,&inputnl,Sources/Sinks,源项/汇项,real,0.,1,magnitude of poloidal momentum source,,,unstructured/input.f90,995,2,unstructured/transport.f90(2),源码引用 2 处；主要在 `transport.f90` 2处。,"unstructured/transport.f90:500: temp79b(j) = aforce*(1.-temp79a(j))**nforce &
unstructured/transport.f90:516: temp79e = aforce*temp79b**2*nt79(:,OP_1)*cos(temp79c/2.)/temp79d"
431,igaussian_heat_source,igaussian_heat_source,&inputnl,Sources/Sinks,源项/汇项,integer,0,1,Include gaussian heat source,,,unstructured/input.f90,1000,2,unstructured/input.f90(1); unstructured/transport.f90(1),"源码引用 2 处；主要在 `input.f90` 1处, `transport.f90` 1处。","unstructured/input.f90:1668: (igaussian_heat_source.eq.1 .or. &
unstructured/transport.f90:599: if(igaussian_heat_source.eq.1) then"
432,ghs_x,ghs_x,&inputnl,Sources/Sinks,源项/汇项,real,0.,1,R coordinate of gaussian heat source,,,unstructured/input.f90,1002,3,unstructured/transport.f90(3),源码引用 3 处；主要在 `transport.f90` 3处。,"unstructured/transport.f90:602: *exp(-((xl_79 - ghs_x)**2 + (zl_79 - ghs_z)**2) &
unstructured/transport.f90:606: *exp(-((x_79 - ghs_x)**2 + (z_79 - ghs_z)**2) &
unstructured/transport.f90:613: -2.*r_79*ghs_x*(1.-cos(phi_79 - ghs_phi)) &"
433,ghs_z,ghs_z,&inputnl,Sources/Sinks,源项/汇项,real,0.,1,Z coordinate of gaussian heat source,,,unstructured/input.f90,1004,2,unstructured/transport.f90(2),源码引用 2 处；主要在 `transport.f90` 2处。,"unstructured/transport.f90:602: *exp(-((xl_79 - ghs_x)**2 + (zl_79 - ghs_z)**2) &
unstructured/transport.f90:606: *exp(-((x_79 - ghs_x)**2 + (z_79 - ghs_z)**2) &"
434,ghs_phi,ghs_phi,&inputnl,Sources/Sinks,源项/汇项,real,0.,1,Phi coordinate of gaussian heat source,,,unstructured/input.f90,1006,4,unstructured/transport.f90(4),源码引用 4 处；主要在 `transport.f90` 4处。,"unstructured/transport.f90:613: -2.*r_79*ghs_x*(1.-cos(phi_79 - ghs_phi)) &
unstructured/transport.f90:618: (exp(-(phi_79-ghs_phi)**2/(2.*ghs_var_tor**2)) &
unstructured/transport.f90:619: +exp(-(phi_79-ghs_phi+toroidal_period)**2/(2.*ghs_var_tor**2)) &
unstructured/transport.f90:620: +exp(-(phi_79-ghs_phi-toroidal_period)**2/(2.*ghs_var_tor**2))) &"
435,ghs_rate,ghs_rate,&inputnl,Sources/Sinks,源项/汇项,real,0.,1,Amplitude of gaussian heat source,,,unstructured/input.f90,1008,3,unstructured/transport.f90(3),源码引用 3 处；主要在 `transport.f90` 3处。,"unstructured/transport.f90:601: temp79a = ri_79*ghs_rate/(2.*pi*ghs_var**2) &
unstructured/transport.f90:605: temp79a = ri_79*ghs_rate/(2.*pi*ghs_var**2) &
unstructured/transport.f90:645: yvals = yvals * ghs_rate"
436,ghs_var,ghs_var,&inputnl,Sources/Sinks,源项/汇项,real,1.,1,Variance of gaussian heat source,,,unstructured/input.f90,1010,4,unstructured/transport.f90(4),源码引用 4 处；主要在 `transport.f90` 4处。,"unstructured/transport.f90:601: temp79a = ri_79*ghs_rate/(2.*pi*ghs_var**2) &
unstructured/transport.f90:603: /(2.*ghs_var**2))
unstructured/transport.f90:605: temp79a = ri_79*ghs_rate/(2.*pi*ghs_var**2) &
unstructured/transport.f90:607: /(2.*ghs_var**2))"
437,ghs_var_tor,ghs_var_tor,&inputnl,Sources/Sinks,源项/汇项,real,0.,1,Toroidal variance of gaussian heat source,,,unstructured/input.f90,1012,7,unstructured/transport.f90(7),源码引用 7 处；主要在 `transport.f90` 7处。,"unstructured/transport.f90:610: if(ghs_var_tor .gt. 0) then
unstructured/transport.f90:614: /(2.*ghs_var_tor**2)) &
unstructured/transport.f90:615: / (sqrt(2.*pi)*ghs_var_tor)
unstructured/transport.f90:618: (exp(-(phi_79-ghs_phi)**2/(2.*ghs_var_tor**2)) &
unstructured/transport.f90:619: +exp(-(phi_79-ghs_phi+toroidal_period)**2/(2.*ghs_var_tor**2)) &
unstructured/transport.f90:620: +exp(-(phi_79-ghs_phi-toroidal_period)**2/(2.*ghs_var_tor**2))) &
unstructured/transport.f90:621: / (sqrt(2.*pi)*ghs_var_tor)"
438,ionization,ionization,&inputnl,Sources/Sinks,源项/汇项,integer,0,1,源码 `add_var_*` 注册说明为空；请结合所在逻辑组和下方源码使用位置判断。,1 在主离子密度方程加入温度门控的电离粒子源，并可用 `coolrate` 从热方程扣除能量。,,unstructured/input.f90,1015,6,unstructured/input.f90(4); unstructured/diagnostics.f90(1); unstructured/transport.f90(1),"源码引用 6 处；主要在 `input.f90` 4处, `diagnostics.f90` 1处, `transport.f90` 1处。","unstructured/diagnostics.f90:1170: print *, "" Ionization loss = "", ionrad
unstructured/input.f90:286: ""Use maximum value of dt for KPRAD ionization"", kprad_grp)
unstructured/input.f90:288: ""Specify maximum value of dt for KPRAD ionization"", kprad_grp)
unstructured/input.f90:290: ""Internally evolve ne and Te within KPRAD ionization"", kprad_grp)
unstructured/input.f90:1661: (ionization.ge.1 .or. isink.gt.0 &
unstructured/transport.f90:339: if(ionization.eq.1) then"
439,ionization_rate,ionization_rate,&inputnl,Sources/Sinks,源项/汇项,real,0.,1,源码 `add_var_*` 注册说明为空；请结合所在逻辑组和下方源码使用位置判断。,,,unstructured/input.f90,1016,1,unstructured/transport.f90(1),源码引用 1 处；主要在 `transport.f90` 1处。,unstructured/transport.f90:351: temp79a = ionization_rate * temp79e * &
440,coolrate,coolrate,&inputnl,Sources/Sinks,源项/汇项,real,0.,1,源码 `add_var_*` 注册说明为空；请结合所在逻辑组和下方源码使用位置判断。,,,unstructured/input.f90,1017,6,unstructured/ludef_t.f90(4); unstructured/init_basicq.f90(1); unstructured/transport.f90(1),"源码引用 6 处；主要在 `ludef_t.f90` 4处, `init_basicq.f90` 1处, `transport.f90` 1处。","unstructured/init_basicq.f90:36: coolrate_qp = coolrate
unstructured/ludef_t.f90:3525: ssterm(:,pp_g) = ssterm(:,pp_g) + thimpb *dt*(gam-1.)*coolrate*tempx
unstructured/ludef_t.f90:3526: ddterm(:,pp_g) = ddterm(:,pp_g) - (1.-thimpb*bdf)*dt*(gam-1.)*coolrate*tempx
unstructured/ludef_t.f90:4154: ssterm(:,pp_g) = ssterm(:,pp_g) + thimpb *dt*(gam-1.)*coolrate*tempx
unstructured/ludef_t.f90:4155: ddterm(:,pp_g) = ddterm(:,pp_g) - (1.-thimpb*bdf)*dt*(gam-1.)*coolrate*tempx
unstructured/transport.f90:674: temp79a(j) = pefac*coolrate*(pfunc(rsq)) ! now use new time p in pressure_lin"
441,ionization_temp,ionization_temp,&inputnl,Sources/Sinks,源项/汇项,real,0.01,1,源码 `add_var_*` 注册说明为空；请结合所在逻辑组和下方源码使用位置判断。,电离源中的特征温度，同时出现在 Arrhenius 型 `exp(-Tion/T)` 因子和高温衰减门控中。,,unstructured/input.f90,1018,3,unstructured/transport.f90(3),源码引用 3 处；主要在 `transport.f90` 3处。,"unstructured/transport.f90:343: if(real(temp79d(j)) .gt. ionization_temp) then
unstructured/transport.f90:344: temp79e(j) = exp(-(temp79d(j) - ionization_temp) &
unstructured/transport.f90:352: exp(-ionization_temp / temp79d)"
442,ionization_depth,ionization_depth,&inputnl,Sources/Sinks,源项/汇项,real,0.01,1,源码 `add_var_*` 注册说明为空；请结合所在逻辑组和下方源码使用位置判断。,温度高于 `ionization_temp` 后电离源指数衰减的温度宽度。,,unstructured/input.f90,1019,1,unstructured/transport.f90(1),源码引用 1 处；主要在 `transport.f90` 1处。,unstructured/transport.f90:345: / ionization_depth)
443,isink,isink,&inputnl,Sources/Sinks,源项/汇项,integer,0,1,源码 `add_var_*` 注册说明为空；请结合所在逻辑组和下方源码使用位置判断。,启用局部 Gaussian 粒子汇的数量：1 使用 sink1，2 同时使用 sink1 和 sink2。,,unstructured/input.f90,1021,3,unstructured/transport.f90(2); unstructured/input.f90(1),"源码引用 3 处；主要在 `transport.f90` 2处, `input.f90` 1处。","unstructured/input.f90:1661: (ionization.ge.1 .or. isink.gt.0 &
unstructured/transport.f90:395: if(isink.ge.1) then
unstructured/transport.f90:402: if(isink.ge.2) then"
444,sink1_x,sink1_x,&inputnl,Sources/Sinks,源项/汇项,real,0.,1,源码 `add_var_*` 注册说明为空；请结合所在逻辑组和下方源码使用位置判断。,,,unstructured/input.f90,1022,1,unstructured/transport.f90(1),源码引用 1 处；主要在 `transport.f90` 1处。,unstructured/transport.f90:398: *exp(-((x_79 - sink1_x)**2 + (z_79 - sink1_z)**2) &
445,sink1_z,sink1_z,&inputnl,Sources/Sinks,源项/汇项,real,0.,1,源码 `add_var_*` 注册说明为空；请结合所在逻辑组和下方源码使用位置判断。,,,unstructured/input.f90,1023,1,unstructured/transport.f90(1),源码引用 1 处；主要在 `transport.f90` 1处。,unstructured/transport.f90:398: *exp(-((x_79 - sink1_x)**2 + (z_79 - sink1_z)**2) &
446,sink1_rate,sink1_rate,&inputnl,Sources/Sinks,源项/汇项,real,0.,1,源码 `add_var_*` 注册说明为空；请结合所在逻辑组和下方源码使用位置判断。,,,unstructured/input.f90,1024,1,unstructured/transport.f90(1),源码引用 1 处；主要在 `transport.f90` 1处。,"unstructured/transport.f90:397: - nt79(:,OP_1)*ri_79*sink1_rate/(2.*pi*sink1_var**2) &"
447,sink1_var,sink1_var,&inputnl,Sources/Sinks,源项/汇项,real,1.,1,源码 `add_var_*` 注册说明为空；请结合所在逻辑组和下方源码使用位置判断。,,,unstructured/input.f90,1025,2,unstructured/transport.f90(2),源码引用 2 处；主要在 `transport.f90` 2处。,"unstructured/transport.f90:397: - nt79(:,OP_1)*ri_79*sink1_rate/(2.*pi*sink1_var**2) &
unstructured/transport.f90:399: /(2.*sink1_var**2))"
448,sink2_x,sink2_x,&inputnl,Sources/Sinks,源项/汇项,real,0.,1,源码 `add_var_*` 注册说明为空；请结合所在逻辑组和下方源码使用位置判断。,,,unstructured/input.f90,1026,1,unstructured/transport.f90(1),源码引用 1 处；主要在 `transport.f90` 1处。,unstructured/transport.f90:405: *exp(-((x_79 - sink2_x)**2 + (z_79 - sink2_z)**2) &
449,sink2_z,sink2_z,&inputnl,Sources/Sinks,源项/汇项,real,0.,1,源码 `add_var_*` 注册说明为空；请结合所在逻辑组和下方源码使用位置判断。,,,unstructured/input.f90,1027,1,unstructured/transport.f90(1),源码引用 1 处；主要在 `transport.f90` 1处。,unstructured/transport.f90:405: *exp(-((x_79 - sink2_x)**2 + (z_79 - sink2_z)**2) &
450,sink2_rate,sink2_rate,&inputnl,Sources/Sinks,源项/汇项,real,0.,1,源码 `add_var_*` 注册说明为空；请结合所在逻辑组和下方源码使用位置判断。,,,unstructured/input.f90,1028,1,unstructured/transport.f90(1),源码引用 1 处；主要在 `transport.f90` 1处。,"unstructured/transport.f90:404: - nt79(:,OP_1)*ri_79*sink2_rate/(2.*pi*sink2_var**2) &"
451,sink2_var,sink2_var,&inputnl,Sources/Sinks,源项/汇项,real,1.,1,源码 `add_var_*` 注册说明为空；请结合所在逻辑组和下方源码使用位置判断。,,,unstructured/input.f90,1029,2,unstructured/transport.f90(2),源码引用 2 处；主要在 `transport.f90` 2处。,"unstructured/transport.f90:404: - nt79(:,OP_1)*ri_79*sink2_rate/(2.*pi*sink2_var**2) &
unstructured/transport.f90:406: /(2.*sink2_var**2))"
452,iarc_source,iarc_source,&inputnl,Sources/Sinks,源项/汇项,integer,0,1,源码 `add_var_*` 注册说明为空；请结合所在逻辑组和下方源码使用位置判断。,1 启用与壁面法向电流和 wall-distance 相关的 arc 粒子源。,,unstructured/input.f90,1031,3,unstructured/transport.f90(2); unstructured/input.f90(1),"源码引用 3 处；主要在 `transport.f90` 2处, `input.f90` 1处。","unstructured/input.f90:1664: .or. iarc_source.ne.0)
unstructured/transport.f90:411: if(iarc_source.eq.1) then
unstructured/transport.f90:1701: if(iarc_source.ne.0) def_fields = def_fields + FIELD_WALL"
453,arc_source_alpha,arc_source_alpha,&inputnl,Sources/Sinks,源项/汇项,real,0.,1,源码 `add_var_*` 注册说明为空；请结合所在逻辑组和下方源码使用位置判断。,arc 粒子源的总幅值系数，乘正向法向电流。,,unstructured/input.f90,1032,1,unstructured/transport.f90(1),源码引用 1 处；主要在 `transport.f90` 1处。,unstructured/transport.f90:422: temp79b = arc_source_alpha*temp79a* &
454,arc_source_eta,arc_source_eta,&inputnl,Sources/Sinks,源项/汇项,real,0.01,1,源码 `add_var_*` 注册说明为空；请结合所在逻辑组和下方源码使用位置判断。,arc 源随 wall-distance 的尺度长度，形状含 `(w/eta)*exp(-w/eta)`。,,unstructured/input.f90,1033,1,unstructured/transport.f90(1),源码引用 1 处；主要在 `transport.f90` 1处。,"unstructured/transport.f90:423: (wall79(:,OP_1)/arc_source_eta)*exp(-wall79(:,OP_1)/arc_source_eta)"
455,idenfloor,idenfloor,&inputnl,Sources/Sinks,源项/汇项,integer,0,1,源码 `add_var_*` 注册说明为空；请结合所在逻辑组和下方源码使用位置判断。,1 在外侧非 plasma magnetic region 加入恢复型密度源，把密度拉向 `den_edge`；它不是逐节点硬截断。,,unstructured/input.f90,1035,2,unstructured/input.f90(1); unstructured/transport.f90(1),"源码引用 2 处；主要在 `input.f90` 1处, `transport.f90` 1处。","unstructured/input.f90:1662: .or. idenfloor.gt.0 .or. ibeam.eq.1 &
unstructured/transport.f90:431: if(idenfloor.ge.1) then"
456,alphadenfloor,alphadenfloor,&inputnl,Sources/Sinks,源项/汇项,real,0.,1,源码 `add_var_*` 注册说明为空；请结合所在逻辑组和下方源码使用位置判断。,密度恢复源 `alphadenfloor*(den_edge-n)` 的速率系数。,,unstructured/input.f90,1036,1,unstructured/transport.f90(1),源码引用 1 处；主要在 `transport.f90` 1处。,"unstructured/transport.f90:437: temp79a(j) = alphadenfloor*( den_edge - nt79(j,OP_1))"
457,n_target,n_target,&inputnl,Sources/Sinks,源项/汇项,real,1.,1,源码 `add_var_*` 注册说明为空；请结合所在逻辑组和下方源码使用位置判断。,pellet 密度反馈所追踪的目标全局粒子数/密度诊断量。,,unstructured/input.f90,1038,1,unstructured/newpar.f90(1),源码引用 1 处；主要在 `newpar.f90` 1处。,unstructured/newpar.f90:520: n_control%target_val = n_target
458,n_control_p,n_control_p,&inputnl,Sources/Sinks,源项/汇项,real,0.,1,源码 `add_var_*` 注册说明为空；请结合所在逻辑组和下方源码使用位置判断。,`n_control_type=1` pellet-rate PID 的比例增益。,,unstructured/input.f90,1039,1,unstructured/newpar.f90(1),源码引用 1 处；主要在 `newpar.f90` 1处。,unstructured/newpar.f90:517: n_control%p = n_control_p
459,n_control_i,n_control_i,&inputnl,Sources/Sinks,源项/汇项,real,0.,1,源码 `add_var_*` 注册说明为空；请结合所在逻辑组和下方源码使用位置判断。,pellet-rate PID 的积分增益。,,unstructured/input.f90,1040,1,unstructured/newpar.f90(1),源码引用 1 处；主要在 `newpar.f90` 1处。,unstructured/newpar.f90:518: n_control%i = n_control_i
460,n_control_d,n_control_d,&inputnl,Sources/Sinks,源项/汇项,real,0.,1,源码 `add_var_*` 注册说明为空；请结合所在逻辑组和下方源码使用位置判断。,pellet-rate PID 的微分增益。,,unstructured/input.f90,1041,1,unstructured/newpar.f90(1),源码引用 1 处；主要在 `newpar.f90` 1处。,unstructured/newpar.f90:519: n_control%d = n_control_d
461,n_control_type,n_control_type,&inputnl,Sources/Sinks,源项/汇项,integer,-1,1,源码 `add_var_*` 注册说明为空；请结合所在逻辑组和下方源码使用位置判断。,-1 不启用密度控制；0 旧算法；1 标准 PID，配合 `n_control_p/i/d`。,,unstructured/input.f90,1042,2,unstructured/newpar.f90(1); unstructured/pellet.f90(1),"源码引用 2 处；主要在 `newpar.f90` 1处, `pellet.f90` 1处。","unstructured/newpar.f90:521: n_control%icontrol_type = n_control_type
unstructured/pellet.f90:185: if((pellet_state(ip).ne.1 .and. n_control_type .eq.-1) &"
20,iprad,iprad,&inputnl,PRAD Options,PRAD 简单辐射模型,integer,0,1,1: Teng's PRad module with one impurity species,1 启用 Teng PRAD 单杂质辐射模型；当前 PRAD 表中 C/Ar/Fe 常用。,,unstructured/input.f90,252,3,unstructured/input.f90(2); unstructured/transport.f90(1),"源码引用 3 处；主要在 `input.f90` 2处, `transport.f90` 1处。","unstructured/input.f90:1675: (iprad.ne.0 .or. ikprad.ne.0)
unstructured/input.f90:1724: if(iprad.eq.1 .and. myrank.eq.0) then
unstructured/transport.f90:707: if(iprad.eq.1) then"
21,prad_z,prad_z,&inputnl,PRAD Options,PRAD 简单辐射模型,integer,1,1,Z of impurity species in PRad module,PRAD 杂质电荷数；源码警告只实现 6、18、26。,,unstructured/input.f90,254,4,unstructured/input.f90(3); unstructured/transport.f90(1),"源码引用 4 处；主要在 `input.f90` 3处, `transport.f90` 1处。","unstructured/input.f90:1725: if( (prad_z .ne. 6) .and. (prad_z .ne. 18) .and. (prad_z .ne. 26) ) then
unstructured/input.f90:1727: print *, 'your prad_z =', prad_z
unstructured/input.f90:1728: print *, 'Warning: prad only implemented for prad_z=6,18,26'
unstructured/transport.f90:753: prad_z, temp79c(j), ierr)"
22,prad_fz,prad_fz,&inputnl,PRAD Options,PRAD 简单辐射模型,real,1.,1,"Density of impurity species in PRad module, as fraction of ne",,,unstructured/input.f90,256,1,unstructured/transport.f90(1),源码引用 1 处；主要在 `transport.f90` 1处。,unstructured/transport.f90:747: temp79d = temp79c*prad_fz
23,iread_prad,iread_prad,&inputnl,PRAD Options,PRAD 简单辐射模型,integer,0,1,1: Read impurity density from profile_nz in units of 10^20 / m^3,,,unstructured/input.f90,259,1,unstructured/transport.f90(1),源码引用 1 处；主要在 `transport.f90` 1处。,unstructured/transport.f90:722: if(iread_prad.eq.1) then
24,ikprad,ikprad,&inputnl,KPRAD Options,KPRAD 辐射/杂质模型,integer,0,1,1: KPRad module with one impurity species,0 关闭；1 使用 KPRAD；-1 需 USEADAS 编译，使用 ADAS 数据。 源码用法：0 关闭；1 使用内置 KPRAD polynomial fit；-1 在 `USEADAS` 编译时读 ADAS ADF11，否则报错。,,unstructured/input.f90,264,53,unstructured/auxiliary_fields.f90(15); unstructured/kprad_m3dc1.f90(10); unstructured/input.f90(6); unstructured/output.f90(6); unstructured/transport.f90(6); unstructured/kprad.f90(4); unstructured/diagnostics.f90(2); unstructured/newpar.f90(2),"源码引用 53 处；主要在 `auxiliary_fields.f90` 15处, `kprad_m3dc1.f90` 10处, `input.f90` 6处, `output.f90` 6处。","unstructured/auxiliary_fields.f90:55: if(ikprad.ne.0) call create_field(kprad_totden, ""kprad_totden"")
unstructured/auxiliary_fields.f90:104: if(ikprad.ne.0) call create_field(kprad_totden)
unstructured/auxiliary_fields.f90:162: if(ikprad.ne.0) call destroy_field(kprad_totden)
unstructured/auxiliary_fields.f90:269: if(ikprad.ne.0) then
unstructured/auxiliary_fields.f90:414: if(ikprad.ne.0) then
unstructured/auxiliary_fields.f90:488: if(ikprad.eq.0 .or. linear.eq.1) then
unstructured/auxiliary_fields.f90:519: if(ikprad.ne.0) then
unstructured/auxiliary_fields.f90:560: if(ikprad.ne.0) then
unstructured/auxiliary_fields.f90:581: if(ikprad.ne.0) then
unstructured/auxiliary_fields.f90:601: if(ikprad.ne.0) then"
25,kprad_z,kprad_z,&inputnl,KPRAD Options,KPRAD 辐射/杂质模型,integer,1,1,Z of impurity species in KPRad module,,,unstructured/input.f90,266,54,unstructured/kprad_m3dc1.f90(37); unstructured/auxiliary_fields.f90(5); unstructured/output.f90(4); unstructured/diagnostics.f90(2); unstructured/input.f90(2); unstructured/newpar.f90(2); unstructured/restart_hdf5.f90(2),"源码引用 54 处；主要在 `kprad_m3dc1.f90` 37处, `auxiliary_fields.f90` 5处, `output.f90` 4处, `diagnostics.f90` 2处。","unstructured/auxiliary_fields.f90:270: do i=1, kprad_z
unstructured/auxiliary_fields.f90:415: do i=1, kprad_z
unstructured/auxiliary_fields.f90:520: do i=1, kprad_z
unstructured/auxiliary_fields.f90:625: do i=1, kprad_z
unstructured/auxiliary_fields.f90:655: do i=0, kprad_z
unstructured/diagnostics.f90:994: do i=1, kprad_z
unstructured/diagnostics.f90:2323: do i=1, kprad_z
unstructured/input.f90:1851: (ikprad.ne.0 .and. ipellet_z.ne.kprad_z)) then
unstructured/input.f90:1852: if(myrank.eq.0) print *, 'Error: ipellet_z != kprad_z'
unstructured/kprad_m3dc1.f90:59: call kprad_allocate(kprad_z)"
26,ikprad_evolve_neutrals,ikprad_evolve_neutrals,&inputnl,KPRAD Options,KPRAD 辐射/杂质模型,integer,0,1,Model for advection/diffusion of neutrals,0 中性粒子不对流不扩散；1 推荐：同其它电荷态对流扩散；2 只扩散不对流。,,unstructured/input.f90,268,2,unstructured/kprad_m3dc1.f90(2),源码引用 2 处；主要在 `kprad_m3dc1.f90` 2处。,"unstructured/kprad_m3dc1.f90:400: if(ikprad_evolve_neutrals.ge.1) then
unstructured/kprad_m3dc1.f90:426: if(ikprad_evolve_neutrals.eq.2) goto 200"
27,kprad_fz,kprad_fz,&inputnl,KPRAD Options,KPRAD 辐射/杂质模型,real,0.,1,"Density of neutral impurity species in KPRad module, as fraction of ne",,,unstructured/input.f90,270,1,unstructured/kprad_m3dc1.f90(1),源码引用 1 处；主要在 `kprad_m3dc1.f90` 1处。,"unstructured/kprad_m3dc1.f90:197: temp79a = kprad_nz + kprad_fz*nt79(:,OP_1)"
28,kprad_nz,kprad_nz,&inputnl,KPRAD Options,KPRAD 辐射/杂质模型,real,0.,1,Density of neutral impurity species in KPRAD module,,,unstructured/input.f90,273,1,unstructured/kprad_m3dc1.f90(1),源码引用 1 处；主要在 `kprad_m3dc1.f90` 1处。,"unstructured/kprad_m3dc1.f90:197: temp79a = kprad_nz + kprad_fz*nt79(:,OP_1)"
29,iread_lp_source,iread_lp_source,&inputnl,KPRAD Options,KPRAD 辐射/杂质模型,integer,0,1,Read source from Lagrangian Particle code,,,unstructured/input.f90,276,9,unstructured/kprad_m3dc1.f90(5); unstructured/input.f90(3); unstructured/transport.f90(1),"源码引用 9 处；主要在 `kprad_m3dc1.f90` 5处, `input.f90` 3处, `transport.f90` 1处。","unstructured/input.f90:1841: if(ipellet.ne.0 .or. iread_lp_source.gt.0) then
unstructured/input.f90:1866: if(iread_lp_source.gt.0 .and. npellets.gt.1) then
unstructured/input.f90:1867: if(myrank.eq.0) print *, ""Error: Can't use multiple pellets iread_lp_source""
unstructured/kprad_m3dc1.f90:575: if(ipellet.ge.1 .and. ipellet_z.eq.kprad_z .and. iread_lp_source.eq.0) then
unstructured/kprad_m3dc1.f90:583: if(iread_lp_source.eq.1) then
unstructured/kprad_m3dc1.f90:588: else if (iread_lp_source.eq.2) then
unstructured/kprad_m3dc1.f90:803: if(iread_lp_source.eq.1) then
unstructured/kprad_m3dc1.f90:845: else if(iread_lp_source.eq.2) then
unstructured/transport.f90:2167: if(iread_lp_source.gt.0) then"
30,ikprad_min_option,ikprad_min_option,&inputnl,KPRAD Options,KPRAD 辐射/杂质模型,integer,1,1,Control behavior for KPRAD minimum density & temperature,1 低 ne/Te 时无辐射/电离/复合；2 推荐：允许复合但无辐射/电离；3 按 subcycling 中 ne/Te 判断无辐射/电离/复合。,,unstructured/input.f90,279,7,unstructured/kprad.f90(5); unstructured/kprad_m3dc1.f90(2),"源码引用 7 处；主要在 `kprad.f90` 5处, `kprad_m3dc1.f90` 2处。","unstructured/kprad.f90:345: if(ikprad_min_option.eq.2 .or. ikprad_min_option.eq.3) then
unstructured/kprad.f90:370: if (ikprad_min_option.eq.2) then
unstructured/kprad.f90:384: if(ikprad_min_option.eq.3) then
unstructured/kprad.f90:429: if(ikprad_min_option.eq.2 .or. ikprad_min_option.eq.3) then
unstructured/kprad.f90:470: if(ikprad_min_option.eq.2 .or. ikprad_min_option.eq.3) then
unstructured/kprad_m3dc1.f90:115: if(ikprad_min_option.eq.2 .or. ikprad_min_option.eq.3) then
unstructured/kprad_m3dc1.f90:603: if (ikprad_min_option.eq.1) then"
31,kprad_nemin,kprad_nemin,&inputnl,KPRAD Options,KPRAD 辐射/杂质模型,real,1e-12,1,Minimum elec. density for KPRAD evolution,,,unstructured/input.f90,281,7,unstructured/kprad.f90(5); unstructured/kprad_m3dc1.f90(2),"源码引用 7 处；主要在 `kprad.f90` 5处, `kprad_m3dc1.f90` 2处。","unstructured/kprad.f90:346: where(ne.lt.kprad_nemin .or. te.lt.kprad_temin) sion(:,i) = 0.
unstructured/kprad.f90:371: ne_int = merge(ne, kprad_nemin, ne.ge.kprad_nemin)
unstructured/kprad.f90:385: where(ne.lt.kprad_nemin .or. te.lt.kprad_temin) srec(:,i) = 0.
unstructured/kprad.f90:430: where(ne.lt.kprad_nemin .or. te.lt.kprad_temin) IMP_RAD(:,L) = 0.
unstructured/kprad.f90:471: where(ne.lt.kprad_nemin .or. te.lt.kprad_temin) PBREM = 0.
unstructured/kprad_m3dc1.f90:116: kprad_nemin = kprad_nemin*n0_norm
unstructured/kprad_m3dc1.f90:605: ne.lt.kprad_nemin .or. ne.ne.ne)"
32,kprad_temin,kprad_temin,&inputnl,KPRAD Options,KPRAD 辐射/杂质模型,real,2e-7,1,Minimum elec. temperature for KPRAD evolution,,,unstructured/input.f90,283,7,unstructured/kprad.f90(5); unstructured/kprad_m3dc1.f90(2),"源码引用 7 处；主要在 `kprad.f90` 5处, `kprad_m3dc1.f90` 2处。","unstructured/kprad.f90:346: where(ne.lt.kprad_nemin .or. te.lt.kprad_temin) sion(:,i) = 0.
unstructured/kprad.f90:372: te_int = merge(te, kprad_temin, te.ge.kprad_temin)
unstructured/kprad.f90:385: where(ne.lt.kprad_nemin .or. te.lt.kprad_temin) srec(:,i) = 0.
unstructured/kprad.f90:430: where(ne.lt.kprad_nemin .or. te.lt.kprad_temin) IMP_RAD(:,L) = 0.
unstructured/kprad.f90:471: where(ne.lt.kprad_nemin .or. te.lt.kprad_temin) PBREM = 0.
unstructured/kprad_m3dc1.f90:117: kprad_temin = kprad_temin*p0_norm/n0_norm / 1.6022e-12
unstructured/kprad_m3dc1.f90:604: advance_kprad = .not.(te.lt.kprad_temin .or. te.ne.te .or. &"
33,ikprad_max_dt,ikprad_max_dt,&inputnl,KPRAD Options,KPRAD 辐射/杂质模型,integer,0,1,Use maximum value of dt for KPRAD ionization,0 用 MHD dt；1 推荐用 dt/(kprad_z+1)；也可配合 `kprad_max_dt` 显式限制。,,unstructured/input.f90,285,1,unstructured/kprad.f90(1),源码引用 1 处；主要在 `kprad.f90` 1处。,unstructured/kprad.f90:177: if(ikprad_max_dt.eq.1) then
34,kprad_max_dt,kprad_max_dt,&inputnl,KPRAD Options,KPRAD 辐射/杂质模型,real,-1.,1,Specify maximum value of dt for KPRAD ionization,,,unstructured/input.f90,287,3,unstructured/kprad.f90(3),源码引用 3 处；主要在 `kprad.f90` 3处。,"unstructured/kprad.f90:179: if(kprad_max_dt.gt.0 .and. kprad_max_dt.lt.dts_max) &
unstructured/kprad.f90:180: dts_max = kprad_max_dt
unstructured/kprad.f90:182: if(kprad_max_dt.gt.0) dts_max = kprad_max_dt"
35,ikprad_evolve_internal,ikprad_evolve_internal,&inputnl,KPRAD Options,KPRAD 辐射/杂质模型,integer,0,1,Internally evolve ne and Te within KPRAD ionization,,,unstructured/input.f90,289,4,unstructured/kprad.f90(4),源码引用 4 处；主要在 `kprad.f90` 4处。,"unstructured/kprad.f90:198: if(ikprad_evolve_internal.eq.0) then
unstructured/kprad.f90:231: if(ikprad_evolve_internal.eq.1) then
unstructured/kprad.f90:265: if(ikprad_evolve_internal.eq.1) then
unstructured/kprad.f90:292: if(ikprad_evolve_internal.eq.1) then"
36,kprad_n0_denm_fac,kprad_n0_denm_fac,&inputnl,KPRAD Options,KPRAD 辐射/杂质模型,real,1.,1,Scaling factor for neutral impurity diffusion,,,unstructured/input.f90,291,1,unstructured/kprad_m3dc1.f90(1),源码引用 1 处；主要在 `kprad_m3dc1.f90` 1处。,unstructured/kprad_m3dc1.f90:421: * kprad_n0_denm_fac
37,adas_adf11,adas_adf11,&inputnl,KPRAD Options,KPRAD 辐射/杂质模型,character(len=256),"""""",1,Path to ADAS folder with ADF11 data,字符串值可写成 `name = value` 或带引号形式；解析器会去掉首尾引号。,ifdef USEADAS,unstructured/input.f90,294,2,unstructured/adas_m3dc1.f90(2),源码引用 2 处；主要在 `adas_m3dc1.f90` 2处。,"unstructured/adas_m3dc1.f90:86: dsname = trim(adas_adf11) // trim(pltname)
unstructured/adas_m3dc1.f90:123: dsname = trim(adas_adf11) // trim(scdname)"
577,kinetic_fast_ion,kinetic_fast_ion,&inputnl,Particle Simulation Options,粒子模拟选项,integer,1,1,1: Enable fast ion PIC,,ifdef USEPARTICLES,unstructured/input.f90,1266,19,unstructured/particle.f90(6); unstructured/particle_com.f90(5); unstructured/gradshafranov.f90(3); unstructured/init_common.f90(2); unstructured/ludef_t.f90(2); unstructured/m3dc1_nint.f90(1),"源码引用 19 处；主要在 `particle.f90` 6处, `particle_com.f90` 5处, `gradshafranov.f90` 3处, `init_common.f90` 2处。","unstructured/gradshafranov.f90:619: if ((kinetic.eq.1).and.(kinetic_fast_ion.eq.1)) then
unstructured/gradshafranov.f90:652: if ((kinetic.eq.1).and.(kinetic_fast_ion.eq.1)) then
unstructured/gradshafranov.f90:1709: if ((kinetic.eq.1).and.(particle_couple.ge.0).and.(kinetic_fast_ion.eq.1)) then
unstructured/init_common.f90:487: if ((kinetic.eq.1).and.(kinetic_fast_ion.eq.1)) then
unstructured/init_common.f90:691: if ((kinetic.eq.1).and.(particle_couple.ge.0).and.(kinetic_fast_ion.eq.1)) then
unstructured/ludef_t.f90:628: if((particle_couple.ge.0).and.(kinetic_fast_ion .eq. 1)) then
unstructured/ludef_t.f90:1199: if((particle_couple.ge.0).and.(kinetic_fast_ion .eq. 1)) then
unstructured/m3dc1_nint.f90:1747: if (kinetic_fast_ion.eq.1) then
unstructured/particle.f90:330: if (kinetic_fast_ion.eq.1) then
unstructured/particle.f90:648: if ((kinetic_fast_ion.eq.1).and.(fast_ion_dist.eq.0)) then"
578,kinetic_thermal_ion,kinetic_thermal_ion,&inputnl,Particle Simulation Options,粒子模拟选项,integer,0,1,1: Enable thermal ion PIC and density coupling between MHD and PIC,,ifdef USEPARTICLES,unstructured/input.f90,1268,28,unstructured/particle.f90(9); unstructured/particle_com.f90(8); unstructured/ludef_t.f90(4); unstructured/gradshafranov.f90(3); unstructured/init_common.f90(2); unstructured/input.f90(1); unstructured/m3dc1_nint.f90(1),"源码引用 28 处；主要在 `particle.f90` 9处, `particle_com.f90` 8处, `ludef_t.f90` 4处, `gradshafranov.f90` 3处。","unstructured/gradshafranov.f90:670: if ((kinetic.eq.1).and.(kinetic_thermal_ion.eq.1)) then
unstructured/gradshafranov.f90:688: if ((kinetic.eq.1).and.(kinetic_thermal_ion.eq.1)) then
unstructured/gradshafranov.f90:1715: if ((kinetic.eq.1).and.(particle_couple.ge.0).and.(kinetic_thermal_ion.eq.1)) then
unstructured/init_common.f90:559: if ((kinetic.eq.1).and.(kinetic_thermal_ion.eq.1)) then
unstructured/init_common.f90:697: if ((kinetic.eq.1).and.(particle_couple.ge.0).and.(kinetic_thermal_ion.eq.1)) then
unstructured/input.f90:1772: if(kinetic_thermal_ion.eq.0) particle_subcycles=1
unstructured/ludef_t.f90:642: if((particle_couple.ge.0).and.(kinetic_thermal_ion .eq. 1)) then
unstructured/ludef_t.f90:1213: if((particle_couple.ge.0).and.(kinetic_thermal_ion .eq. 1)) then
unstructured/ludef_t.f90:1856: if((particle_couple.ge.0).and.(kinetic_thermal_ion .eq. 1)) then
unstructured/ludef_t.f90:5954: if((kinetic.eq.0).or.(kinetic_thermal_ion.eq.0)) then"
579,igyroaverage,igyroaverage,&inputnl,Particle Simulation Options,粒子模拟选项,integer,0,1,1: Enable gyro-averaging for PIC simulation,,ifdef USEPARTICLES,unstructured/input.f90,1270,10,unstructured/particle.f90(5); unstructured/particle_com.f90(5),"源码引用 10 处；主要在 `particle.f90` 5处, `particle_com.f90` 5处。","unstructured/particle.f90:626: gyroaverage_particle = igyroaverage
unstructured/particle.f90:3380: if (igyroaverage.eq.1) then
unstructured/particle.f90:3385: if (igyroaverage.eq.1) then
unstructured/particle.f90:3483: if (igyroaverage.eq.1) then
unstructured/particle.f90:3526: if (igyroaverage.eq.1) then
unstructured/particle_com.f90:613: gyroaverage_particle = igyroaverage
unstructured/particle_com.f90:3356: if (igyroaverage.eq.1) then
unstructured/particle_com.f90:3361: if (igyroaverage.eq.1) then
unstructured/particle_com.f90:3454: if (igyroaverage.eq.1) then
unstructured/particle_com.f90:3487: if (igyroaverage.eq.1) then"
580,particle_linear,particle_linear,&inputnl,Particle Simulation Options,粒子模拟选项,integer,-1,1,1: Solve linear delta-f equation. 0: Include nonlinear terms in delta-f,运行时默认：`particle_linear=-1` 时改为当前 `linear`。,ifdef USEPARTICLES,unstructured/input.f90,1272,5,unstructured/particle.f90(2); unstructured/particle_com.f90(2); unstructured/input.f90(1),"源码引用 5 处；主要在 `particle.f90` 2处, `particle_com.f90` 2处, `input.f90` 1处。","unstructured/input.f90:1762: if(particle_linear.eq.-1) particle_linear=linear
unstructured/particle.f90:624: particle_linear_particle = particle_linear
unstructured/particle.f90:3439: if (particle_linear == 1) then
unstructured/particle_com.f90:611: particle_linear_particle = particle_linear
unstructured/particle_com.f90:3415: if (particle_linear == 1) then"
581,particle_substeps,particle_substeps,&inputnl,Particle Simulation Options,粒子模拟选项,integer,40,1,Number of substeps for particle pushing in one subcycle,,ifdef USEPARTICLES,unstructured/input.f90,1274,8,unstructured/particle.f90(4); unstructured/particle_com.f90(4),"源码引用 8 处；主要在 `particle.f90` 4处, `particle_com.f90` 4处。","unstructured/particle.f90:629: psubsteps_particle = particle_substeps
unstructured/particle.f90:2111: call advance_particles(pdt/particle_substeps/particle_subcycles)
unstructured/particle.f90:2113: write (0, '(A,I7,A,f9.2,A)') 'Particle advance completed', particle_substeps, ' steps in', &
unstructured/particle.f90:3391: if (vspdims .eq. 5) call advancex(xtemp, vtemp, -t0_norm*dt/particle_substeps/2)
unstructured/particle_com.f90:615: psubsteps_particle = particle_substeps
unstructured/particle_com.f90:2028: call advance_particles(pdt/particle_substeps/particle_subcycles)
unstructured/particle_com.f90:2030: write (0, '(A,I7,A,f9.2,A)') 'Particle advance completed', particle_substeps, ' steps in', &
unstructured/particle_com.f90:3367: if (vspdims .eq. 5) call advancex(xtemp, vtemp, -t0_norm*dt/particle_substeps/2)"
582,particle_subcycles,particle_subcycles,&inputnl,Particle Simulation Options,粒子模拟选项,integer,1,1,Number of subcycles for particle pushing in one MHD timestep,,ifdef USEPARTICLES,unstructured/input.f90,1276,7,unstructured/particle.f90(3); unstructured/particle_com.f90(3); unstructured/input.f90(1),"源码引用 7 处；主要在 `particle.f90` 3处, `particle_com.f90` 3处, `input.f90` 1处。","unstructured/input.f90:1772: if(kinetic_thermal_ion.eq.0) particle_subcycles=1
unstructured/particle.f90:2097: do isubcycle=1,particle_subcycles
unstructured/particle.f90:2111: call advance_particles(pdt/particle_substeps/particle_subcycles)
unstructured/particle.f90:2119: if ((isubcycle==particle_subcycles).and.(mod(ntime - ntime0, ntimepr) == 0)) then
unstructured/particle_com.f90:2014: do isubcycle=1,particle_subcycles
unstructured/particle_com.f90:2028: call advance_particles(pdt/particle_substeps/particle_subcycles)
unstructured/particle_com.f90:2036: if ((isubcycle==particle_subcycles).and.(mod(ntime - ntime0, ntimepr) == 0)) then"
583,particle_couple,particle_couple,&inputnl,Particle Simulation Options,粒子模拟选项,integer,0,1,-1: No coupling (test particle). 0: Pressure coupling. 1: Current coupling,,ifdef USEPARTICLES,unstructured/input.f90,1278,27,unstructured/ludef_t.f90(21); unstructured/gradshafranov.f90(2); unstructured/init_common.f90(2); unstructured/particle.f90(2),"源码引用 27 处；主要在 `ludef_t.f90` 21处, `gradshafranov.f90` 2处, `init_common.f90` 2处, `particle.f90` 2处。","unstructured/gradshafranov.f90:1709: if ((kinetic.eq.1).and.(particle_couple.ge.0).and.(kinetic_fast_ion.eq.1)) then
unstructured/gradshafranov.f90:1715: if ((kinetic.eq.1).and.(particle_couple.ge.0).and.(kinetic_thermal_ion.eq.1)) then
unstructured/init_common.f90:691: if ((kinetic.eq.1).and.(particle_couple.ge.0).and.(kinetic_fast_ion.eq.1)) then
unstructured/init_common.f90:697: if ((kinetic.eq.1).and.(particle_couple.ge.0).and.(kinetic_thermal_ion.eq.1)) then
unstructured/ludef_t.f90:244: if ((particle_couple.eq.1).and.(kinetic.eq.1)) then
unstructured/ludef_t.f90:628: if((particle_couple.ge.0).and.(kinetic_fast_ion .eq. 1)) then
unstructured/ludef_t.f90:630: (1-particle_couple)*v1pbb(trialx,pfper79,b2i79(:,OP_1)) & !parallel term
unstructured/ludef_t.f90:634: (1-particle_couple)*v1pbb(trialx,pfpar79-pfper79,b2i79(:,OP_1))&
unstructured/ludef_t.f90:642: if((particle_couple.ge.0).and.(kinetic_thermal_ion .eq. 1)) then
unstructured/ludef_t.f90:644: (1-particle_couple)*v1pbb(trialx,piper79,b2i79(:,OP_1)) & !parallel term"
584,particle_nodelete,particle_nodelete,&inputnl,Particle Simulation Options,粒子模拟选项,integer,0,1,"Do not call delete_particle, keep particles' order",,ifdef USEPARTICLES,unstructured/input.f90,1280,2,unstructured/particle.f90(1); unstructured/particle_com.f90(1),"源码引用 2 处；主要在 `particle.f90` 1处, `particle_com.f90` 1处。","unstructured/particle.f90:2024: if (particle_nodelete.eq.0) then
unstructured/particle_com.f90:1944: if (particle_nodelete.eq.0) then"
585,iconst_f0,iconst_f0,&inputnl,Particle Simulation Options,粒子模拟选项,integer,0,1,Use a constant f0 for delta-f equation,,ifdef USEPARTICLES,unstructured/input.f90,1282,2,unstructured/particle.f90(1); unstructured/particle_com.f90(1),"源码引用 2 处；主要在 `particle.f90` 1处, `particle_com.f90` 1处。","unstructured/particle.f90:628: iconst_f0_particle = iconst_f0
unstructured/particle_com.f90:614: iconst_f0_particle = iconst_f0"
586,ifullf,ifullf,&inputnl,Particle Simulation Options,粒子模拟选项,integer,0,1,Do full-f simulation,,ifdef USEPARTICLES,unstructured/input.f90,1284,6,unstructured/particle.f90(5); unstructured/input.f90(1),"源码引用 6 处；主要在 `particle.f90` 5处, `input.f90` 1处。","unstructured/input.f90:1764: if(eqsubtract.eq.0) ifullf=1
unstructured/particle.f90:627: ifullf_particle = ifullf
unstructured/particle.f90:3466: if (ifullf.eq.0) then
unstructured/particle.f90:3488: if (ifullf.eq.0) then
unstructured/particle.f90:3509: if (ifullf.eq.0) then
unstructured/particle.f90:3531: if (ifullf.eq.0) then"
587,fast_ion_mass,fast_ion_mass,&inputnl,Particle Simulation Options,粒子模拟选项,real,0.,1,Fast ion mass (in units of m_p),,ifdef USEPARTICLES,unstructured/input.f90,1286,6,unstructured/gradshafranov.f90(3); unstructured/input.f90(1); unstructured/particle.f90(1); unstructured/particle_com.f90(1),"源码引用 6 处；主要在 `gradshafranov.f90` 3处, `input.f90` 1处, `particle.f90` 1处, `particle_com.f90` 1处。","unstructured/gradshafranov.f90:1601: crit_v=sqrt(2*tf2*1.6e-19/fast_ion_mass/m_p)
unstructured/gradshafranov.f90:1602: max_v=sqrt(2*fast_ion_max_energy*1.6e-19/fast_ion_mass/m_p)
unstructured/gradshafranov.f90:1607: temp79a(i) =tf*(norm_1-norm_2)/dnorm*fast_ion_mass*m_p/3.0&
unstructured/input.f90:1768: if(fast_ion_mass.eq.0) fast_ion_mass=ion_mass
unstructured/particle.f90:364: m_ion(2) = fast_ion_mass * m_proton !Ion mass in kg
unstructured/particle_com.f90:357: m_ion(2) = fast_ion_mass * m_proton !Ion mass in kg"
588,fast_ion_z,fast_ion_z,&inputnl,Particle Simulation Options,粒子模拟选项,real,0.,1,Zeff of fast ion,,ifdef USEPARTICLES,unstructured/input.f90,1288,3,unstructured/input.f90(1); unstructured/particle.f90(1); unstructured/particle_com.f90(1),"源码引用 3 处；主要在 `input.f90` 1处, `particle.f90` 1处, `particle_com.f90` 1处。","unstructured/input.f90:1770: if(fast_ion_z.eq.0) fast_ion_z=z_ion
unstructured/particle.f90:368: q_ion(2) = fast_ion_z*e_mks !fishbone
unstructured/particle_com.f90:361: q_ion(2) = fast_ion_z*e_mks !fishbone"
589,fast_ion_dist,fast_ion_dist,&inputnl,Particle Simulation Options,粒子模拟选项,integer,1,1,Type of fast ion distribution function. 0: Read 3D distribution from file. 1: Maxwellian. 2. slowing-down.,,ifdef USEPARTICLES,unstructured/input.f90,1290,18,unstructured/particle.f90(8); unstructured/particle_com.f90(8); unstructured/gradshafranov.f90(1); unstructured/init_common.f90(1),"源码引用 18 处；主要在 `particle.f90` 8处, `particle_com.f90` 8处, `gradshafranov.f90` 1处, `init_common.f90` 1处。","unstructured/gradshafranov.f90:1598: if ((fast_ion_dist==1).or.(fast_ion_dist==0)) then
unstructured/init_common.f90:549: if (fast_ion_dist==1) then
unstructured/particle.f90:631: fast_ion_dist_particle = fast_ion_dist
unstructured/particle.f90:648: if ((kinetic_fast_ion.eq.1).and.(fast_ion_dist.eq.0)) then
unstructured/particle.f90:813: elseif (fast_ion_dist.eq.0) then
unstructured/particle.f90:886: if ((sps.eq.1).or.(fast_ion_dist.eq.1)) then
unstructured/particle.f90:896: elseif (fast_ion_dist.eq.2) then
unstructured/particle.f90:904: elseif (fast_ion_dist.eq.0) then
unstructured/particle.f90:1036: if ((kinetic_fast_ion.eq.1).and.(fast_ion_dist.eq.0)) then
unstructured/particle.f90:1061: if ((kinetic_fast_ion.eq.1).and.(fast_ion_dist.eq.0)) then"
590,fast_ion_max_energy,fast_ion_max_energy,&inputnl,Particle Simulation Options,粒子模拟选项,real,1000.,1,Maximum energy of fast ion for slowing-down distribution,,ifdef USEPARTICLES,unstructured/input.f90,1293,5,unstructured/particle.f90(2); unstructured/particle_com.f90(2); unstructured/gradshafranov.f90(1),"源码引用 5 处；主要在 `particle.f90` 2处, `particle_com.f90` 2处, `gradshafranov.f90` 1处。","unstructured/gradshafranov.f90:1602: max_v=sqrt(2*fast_ion_max_energy*1.6e-19/fast_ion_mass/m_p)
unstructured/particle.f90:632: fast_ion_max_energy_particle = fast_ion_max_energy
unstructured/particle.f90:899: y1 = (exp(ran_temp*log((fast_ion_max_energy/T00)**(1.5)+1)) - 1.)**(1./3.)
unstructured/particle_com.f90:618: fast_ion_max_energy_particle = fast_ion_max_energy
unstructured/particle_com.f90:849: y1 = (exp(ran_temp*log((fast_ion_max_energy/T00)**(1.5)+1)) - 1.)**(1./3.)"
591,num_par_max,num_par_max,&inputnl,Particle Simulation Options,粒子模拟选项,integer,4000000,1,Maximum number of particles,,ifdef USEPARTICLES,unstructured/input.f90,1295,11,unstructured/particle.f90(6); unstructured/particle_com.f90(5),"源码引用 11 处；主要在 `particle.f90` 6处, `particle_com.f90` 5处。","unstructured/particle.f90:595: arraysize = num_par_max
unstructured/particle.f90:601: CALL C_F_POINTER(baseptr, pdata, [num_par_max])
unstructured/particle.f90:699: allocate (pdata_local(num_par_max/maxrank*10))
unstructured/particle.f90:770: npar_fac=0.95*num_par_max/npar_temp_sum*num_par_scale(sps)
unstructured/particle.f90:819: npar_local=int(num_par_max*area*(dot_product(elfieldcoefs(itri)%rst,geomterms%g)/R_axis)/(di/di_axis)&
unstructured/particle.f90:822: npar_local = int(num_par_max*area*(x_max + x_min)/2.*f_mesh*2/nplanes*npar_fac)!fullf
unstructured/particle_com.f90:582: arraysize = num_par_max
unstructured/particle_com.f90:588: CALL C_F_POINTER(baseptr, pdata, [num_par_max])
unstructured/particle_com.f90:669: allocate (pdata_local(num_par_max/maxrank*10))
unstructured/particle_com.f90:777: npar_local=int(num_par_max*area*(dot_product(elfieldcoefs(itri)%rst,geomterms%g)/R_axis)/(di/di_axis)&"
592,num_par_scale,num_par_scale,&inputnl,Particle Simulation Options,粒子模拟选项,real array,1.,2,Scaling factor for particle number initialization,数组参数在 C1input 中使用 Fortran 一基索引，例如 `name(1)=...`；未赋值元素保持默认值。,ifdef USEPARTICLES,unstructured/input.f90,1297,2,unstructured/particle.f90(1); unstructured/particle_com.f90(1),"源码引用 2 处；主要在 `particle.f90` 1处, `particle_com.f90` 1处。","unstructured/particle.f90:770: npar_fac=0.95*num_par_max/npar_temp_sum*num_par_scale(sps)
unstructured/particle_com.f90:731: npar_fac=0.95/npar_ratio*num_par_scale(sps)"
593,kinetic_nrmfac_scale,kinetic_nrmfac_scale,&inputnl,Particle Simulation Options,粒子模拟选项,real array,1.,2,Scaling factor of the normalization term in particle phase space integration,数组参数在 C1input 中使用 Fortran 一基索引，例如 `name(1)=...`；未赋值元素保持默认值。,ifdef USEPARTICLES,unstructured/input.f90,1299,4,unstructured/particle.f90(2); unstructured/particle_com.f90(2),"源码引用 4 处；主要在 `particle.f90` 2处, `particle_com.f90` 2处。","unstructured/particle.f90:341: nrmfac = nrmfac*kinetic_nrmfac_scale
unstructured/particle.f90:3746: call write_vec_attr(part_root_id, ""particle nrmfac"", nrmfac/kinetic_nrmfac_scale, 2, ierr)
unstructured/particle_com.f90:339: nrmfac = nrmfac*kinetic_nrmfac_scale
unstructured/particle_com.f90:3703: call write_vec_attr(part_root_id, ""particle nrmfac"", nrmfac/kinetic_nrmfac_scale, 2, ierr)"
594,ikinetic_vpar,ikinetic_vpar,&inputnl,Particle Simulation Options,粒子模拟选项,integer,0,1,1: Synchronize particle parallel flow to MHD,,ifdef USEPARTICLES,unstructured/input.f90,1301,2,unstructured/particle.f90(1); unstructured/particle_com.f90(1),"源码引用 2 处；主要在 `particle.f90` 1处, `particle_com.f90` 1处。","unstructured/particle.f90:4308: if (ikinetic_vpar.eq.1) then
unstructured/particle_com.f90:4246: if (ikinetic_vpar.eq.1) then"
595,kinetic_rhomax,kinetic_rhomax,&inputnl,Particle Simulation Options,粒子模拟选项,real,1.,1,Maximum rho for kinetic particle,,ifdef USEPARTICLES,unstructured/input.f90,1303,2,unstructured/particle.f90(1); unstructured/particle_com.f90(1),"源码引用 2 处；主要在 `particle.f90` 1处, `particle_com.f90` 1处。","unstructured/particle.f90:633: kinetic_rhomax_particle = kinetic_rhomax
unstructured/particle_com.f90:619: kinetic_rhomax_particle = kinetic_rhomax"
596,vpar_reduce,vpar_reduce,&inputnl,Particle Simulation Options,粒子模拟选项,real,0.,1,Factor of parallel flow reduction for every timestep,,ifdef USEPARTICLES,unstructured/input.f90,1305,6,unstructured/particle.f90(3); unstructured/particle_com.f90(3),"源码引用 6 处；主要在 `particle.f90` 3处, `particle_com.f90` 3处。","unstructured/particle.f90:4309: temp79a= (vpar_reduce)*temp79c*(1*vipar79(:,OP_1)+1*(1*vfpar79(:,OP_1)-vfpar079(:,OP_1)*nf79(:,OP_1)))&
unstructured/particle.f90:4314: -vpar_reduce*temp79c*temp79b
unstructured/particle.f90:4316: temp79a=-vpar_reduce*temp79b
unstructured/particle_com.f90:4247: temp79a= (vpar_reduce)*temp79c*(1*vipar79(:,OP_1)+1*(1*vfpar79(:,OP_1)-vfpar079(:,OP_1)*nf79(:,OP_1)))&
unstructured/particle_com.f90:4252: -vpar_reduce*temp79c*temp79b
unstructured/particle_com.f90:4254: temp79a=-vpar_reduce*temp79b"
597,idiamagnetic_advection,idiamagnetic_advection,&inputnl,Particle Simulation Options,粒子模拟选项,integer,0,1,1: Enable diamagnetic velocity advection term in momentum equation,,ifdef USEPARTICLES,unstructured/input.f90,1307,9,unstructured/ludef_t.f90(7); unstructured/m3dc1_nint.f90(1); unstructured/particle.f90(1),"源码引用 9 处；主要在 `ludef_t.f90` 7处, `m3dc1_nint.f90` 1处, `particle.f90` 1处。","unstructured/ludef_t.f90:181: if (idiamagnetic_advection.eq.1) then
unstructured/ludef_t.f90:198: if (idiamagnetic_advection.eq.1) then
unstructured/ludef_t.f90:214: if (idiamagnetic_advection.eq.1) then
unstructured/ludef_t.f90:826: if (idiamagnetic_advection.eq.1) then
unstructured/ludef_t.f90:1410: if (idiamagnetic_advection.eq.1) then
unstructured/ludef_t.f90:1425: if (idiamagnetic_advection.eq.1) then
unstructured/ludef_t.f90:1439: if (idiamagnetic_advection.eq.1) then
unstructured/m3dc1_nint.f90:1796: if (idiamagnetic_advection.eq.1) then
unstructured/particle.f90:345: if (idiamagnetic_advection.eq.1) call set_diamagnetic_velocity"
598,imode_filter,imode_filter,&inputnl,Particle Simulation Options,粒子模拟选项,integer,0,1,Number of toroidal mode to be filtered,,ifdef USEPARTICLES,unstructured/input.f90,1309,3,unstructured/particle.f90(3),源码引用 3 处；主要在 `particle.f90` 3处。,"unstructured/particle.f90:4648: do i = 1, abs(imode_filter)
unstructured/particle.f90:4716: if (imode_filter<0) then
unstructured/particle.f90:4754: if (imode_filter.eq.0) return"
599,mode_filter_ntor,mode_filter_ntor,&inputnl,Particle Simulation Options,粒子模拟选项,integer array,0,100,Toroidal mode number to be filtered,数组参数在 C1input 中使用 Fortran 一基索引，例如 `name(1)=...`；未赋值元素保持默认值。,ifdef USEPARTICLES,unstructured/input.f90,1311,1,unstructured/particle.f90(1),源码引用 1 处；主要在 `particle.f90` 1处。,unstructured/particle.f90:4649: ntor_i = mode_filter_ntor(i)
600,smooth_par,smooth_par,&inputnl,Particle Simulation Options,粒子模拟选项,real,1.e-8,1,Smoothing factor for particle pressure,,ifdef USEPARTICLES,unstructured/input.f90,1313,4,unstructured/particle.f90(2); unstructured/particle_com.f90(2),"源码引用 4 处；主要在 `particle.f90` 2处, `particle_com.f90` 2处。","unstructured/particle.f90:1094: temp79a(:) = smooth_par
unstructured/particle.f90:1101: tempxx = tempxx + smooth_par*intxx3(mu79(:, :, OP_DPP), nu79(:, :, OP_DPP), ri4_79)
unstructured/particle_com.f90:1069: tempxx = tempxx + smooth_par*(intxx2(mu79(:, :, OP_DZZ), nu79(:, :, OP_DZZ)) + intxx2(mu79(:, :, OP_DRR), nu79(:, :, OP_DRR)))
unstructured/particle_com.f90:1071: tempxx = tempxx + smooth_par*intxx3(mu79(:, :, OP_DPP), nu79(:, :, OP_DPP), ri4_79)"
601,smooth_dens_parallel,smooth_dens_parallel,&inputnl,Particle Simulation Options,粒子模拟选项,real,0.,1,"Smoothing factor for electron density in parallel direction, used for calculating parallel electric field",,ifdef USEPARTICLES,unstructured/input.f90,1315,2,unstructured/particle.f90(1); unstructured/particle_com.f90(1),"源码引用 2 处；主要在 `particle.f90` 1处, `particle_com.f90` 1处。","unstructured/particle.f90:1116: tempxx = tempxx + smooth_dens_parallel*(&
unstructured/particle_com.f90:1086: tempxx = tempxx + smooth_dens_parallel*(&"
482,xray_detector_enabled,xray_detector_enabled,&inputnl,Diagnostics,诊断,integer,0,1,1: enable xray detector,,,unstructured/input.f90,1086,5,unstructured/output.f90(3); unstructured/auxiliary_fields.f90(2),"源码引用 5 处；主要在 `output.f90` 3处, `auxiliary_fields.f90` 2处。","unstructured/auxiliary_fields.f90:948: if(xray_detector_enabled.eq.1) then
unstructured/auxiliary_fields.f90:1151: if(xray_detector_enabled.eq.1) then
unstructured/output.f90:561: if(xray_detector_enabled.eq.1) then
unstructured/output.f90:1384: if(xray_detector_enabled.eq.1) then
unstructured/output.f90:1700: if(xray_detector_enabled.eq.1) then"
483,xray_r0,xray_r0,&inputnl,Diagnostics,诊断,real,0.,1,R coordinate of xray detector,,,unstructured/input.f90,1088,2,unstructured/auxiliary_fields.f90(1); unstructured/diagnostics.f90(1),"源码引用 2 处；主要在 `auxiliary_fields.f90` 1处, `diagnostics.f90` 1处。","unstructured/auxiliary_fields.f90:949: call get_chord_mask(xray_r0, xray_phi0*pi/180., xray_z0, &
unstructured/diagnostics.f90:1116: call get_chord_mask(xray_r0, xray_phi0*pi/180., xray_z0, &"
484,xray_phi0,xray_phi0,&inputnl,Diagnostics,诊断,real,0.,1,Phi coordinate of xray detector,,,unstructured/input.f90,1090,2,unstructured/auxiliary_fields.f90(1); unstructured/diagnostics.f90(1),"源码引用 2 处；主要在 `auxiliary_fields.f90` 1处, `diagnostics.f90` 1处。","unstructured/auxiliary_fields.f90:949: call get_chord_mask(xray_r0, xray_phi0*pi/180., xray_z0, &
unstructured/diagnostics.f90:1116: call get_chord_mask(xray_r0, xray_phi0*pi/180., xray_z0, &"
485,xray_z0,xray_z0,&inputnl,Diagnostics,诊断,real,0.,1,Z coordinate of xray detector,,,unstructured/input.f90,1092,2,unstructured/auxiliary_fields.f90(1); unstructured/diagnostics.f90(1),"源码引用 2 处；主要在 `auxiliary_fields.f90` 1处, `diagnostics.f90` 1处。","unstructured/auxiliary_fields.f90:949: call get_chord_mask(xray_r0, xray_phi0*pi/180., xray_z0, &
unstructured/diagnostics.f90:1116: call get_chord_mask(xray_r0, xray_phi0*pi/180., xray_z0, &"
486,xray_theta,xray_theta,&inputnl,Diagnostics,诊断,real,0.,1,Angle of xray detector chord (degrees),,,unstructured/input.f90,1094,2,unstructured/auxiliary_fields.f90(1); unstructured/diagnostics.f90(1),"源码引用 2 处；主要在 `auxiliary_fields.f90` 1处, `diagnostics.f90` 1处。","unstructured/auxiliary_fields.f90:951: xray_theta*pi/180., xray_sigma*pi/180., temp79a)
unstructured/diagnostics.f90:1118: xray_theta*pi/180., xray_sigma*pi/180., temp79a)"
487,xray_sigma,xray_sigma,&inputnl,Diagnostics,诊断,real,1.,1,Spread of xray detector chord (degrees),,,unstructured/input.f90,1096,2,unstructured/auxiliary_fields.f90(1); unstructured/diagnostics.f90(1),"源码引用 2 处；主要在 `auxiliary_fields.f90` 1处, `diagnostics.f90` 1处。","unstructured/auxiliary_fields.f90:951: xray_theta*pi/180., xray_sigma*pi/180., temp79a)
unstructured/diagnostics.f90:1118: xray_theta*pi/180., xray_sigma*pi/180., temp79a)"
488,imag_probes,imag_probes,&inputnl,Diagnostics,诊断,integer,0,1,Number of magnetic probes,磁探针数量；对应数组用 `mag_probe_x(i)` 等一基索引给出。,,unstructured/input.f90,1099,7,unstructured/output.f90(6); unstructured/diagnostics.f90(1),"源码引用 7 处；主要在 `output.f90` 6处, `diagnostics.f90` 1处。","unstructured/diagnostics.f90:3396: do i=1, imag_probes
unstructured/output.f90:310: call write_int_attr (root_id, ""imag_probes"", imag_probes, error)
unstructured/output.f90:400: if(imag_probes.ne.0) call h5gcreate_f(root_id, ""mag_probes"", mp_group_id, error)
unstructured/output.f90:406: if(imag_probes.ne.0) call h5gopen_f(root_id, ""mag_probes"", mp_group_id, error)
unstructured/output.f90:596: if(imag_probes.ne.0) then
unstructured/output.f90:597: call output_1dextendarr(mp_group_id, ""value"", mag_probe_val, imag_probes, &
unstructured/output.f90:607: if(imag_probes.ne.0) call h5gclose_f(mp_group_id, error)"
489,mag_probe_x,mag_probe_x,&inputnl,Diagnostics,诊断,real array,0.,100,X-coordinate of magnetic probes,数组参数在 C1input 中使用 Fortran 一基索引，例如 `name(1)=...`；未赋值元素保持默认值。,,unstructured/input.f90,1101,5,unstructured/diagnostics.f90(5),源码引用 5 处；主要在 `diagnostics.f90` 5处。,"unstructured/diagnostics.f90:3400: r = mag_probe_x(i)
unstructured/diagnostics.f90:3408: call evaluate(mag_probe_x(i),mag_probe_phi(i),mag_probe_z(i), &
unstructured/diagnostics.f90:3421: call evaluate(mag_probe_x(i),mag_probe_phi(i),mag_probe_z(i), &
unstructured/diagnostics.f90:3438: call evaluate(mag_probe_x(i),mag_probe_phi(i),mag_probe_z(i), &
unstructured/diagnostics.f90:3442: call evaluate(mag_probe_x(i),mag_probe_phi(i),mag_probe_z(i), &"
490,mag_probe_phi,mag_probe_phi,&inputnl,Diagnostics,诊断,real array,0.,100,Phi-coordinate of magnetic probes,数组参数在 C1input 中使用 Fortran 一基索引，例如 `name(1)=...`；未赋值元素保持默认值。,,unstructured/input.f90,1103,4,unstructured/diagnostics.f90(4),源码引用 4 处；主要在 `diagnostics.f90` 4处。,"unstructured/diagnostics.f90:3408: call evaluate(mag_probe_x(i),mag_probe_phi(i),mag_probe_z(i), &
unstructured/diagnostics.f90:3421: call evaluate(mag_probe_x(i),mag_probe_phi(i),mag_probe_z(i), &
unstructured/diagnostics.f90:3438: call evaluate(mag_probe_x(i),mag_probe_phi(i),mag_probe_z(i), &
unstructured/diagnostics.f90:3442: call evaluate(mag_probe_x(i),mag_probe_phi(i),mag_probe_z(i), &"
491,mag_probe_z,mag_probe_z,&inputnl,Diagnostics,诊断,real array,0.,100,Z-coordinate of magnetic probes,数组参数在 C1input 中使用 Fortran 一基索引，例如 `name(1)=...`；未赋值元素保持默认值。,,unstructured/input.f90,1105,4,unstructured/diagnostics.f90(4),源码引用 4 处；主要在 `diagnostics.f90` 4处。,"unstructured/diagnostics.f90:3408: call evaluate(mag_probe_x(i),mag_probe_phi(i),mag_probe_z(i), &
unstructured/diagnostics.f90:3421: call evaluate(mag_probe_x(i),mag_probe_phi(i),mag_probe_z(i), &
unstructured/diagnostics.f90:3438: call evaluate(mag_probe_x(i),mag_probe_phi(i),mag_probe_z(i), &
unstructured/diagnostics.f90:3442: call evaluate(mag_probe_x(i),mag_probe_phi(i),mag_probe_z(i), &"
492,mag_probe_nx,mag_probe_nx,&inputnl,Diagnostics,诊断,real array,0.,100,X-component of magnetic probe normal,数组参数在 C1input 中使用 Fortran 一基索引，例如 `name(1)=...`；未赋值元素保持默认值。,,unstructured/input.f90,1107,3,unstructured/diagnostics.f90(3),源码引用 3 处；主要在 `diagnostics.f90` 3处。,"unstructured/diagnostics.f90:3406: if(mag_probe_nx(i).ne.0. .or. mag_probe_nz(i).ne.0.) then
unstructured/diagnostics.f90:3416: - mag_probe_nx(i)*val(OP_DZ) / r &
unstructured/diagnostics.f90:3429: + mag_probe_nx(i)*val(OP_DRP) &"
493,mag_probe_nphi,mag_probe_nphi,&inputnl,Diagnostics,诊断,real array,0.,100,Phi-component of magnetic probe normal,数组参数在 C1input 中使用 Fortran 一基索引，例如 `name(1)=...`；未赋值元素保持默认值。,,unstructured/input.f90,1109,3,unstructured/diagnostics.f90(3),源码引用 3 处；主要在 `diagnostics.f90` 3处。,"unstructured/diagnostics.f90:3435: if(mag_probe_nphi(i).ne.0.) then
unstructured/diagnostics.f90:3451: mag_probe_val(i) = mag_probe_val(i) + mag_probe_nphi(i)*val(OP_1)
unstructured/diagnostics.f90:3453: mag_probe_val(i) = mag_probe_val(i) + mag_probe_nphi(i)*val(OP_1)*r"
494,mag_probe_nz,mag_probe_nz,&inputnl,Diagnostics,诊断,real array,0.,100,Z-component of magnetic probe normal,数组参数在 C1input 中使用 Fortran 一基索引，例如 `name(1)=...`；未赋值元素保持默认值。,,unstructured/input.f90,1111,3,unstructured/diagnostics.f90(3),源码引用 3 处；主要在 `diagnostics.f90` 3处。,"unstructured/diagnostics.f90:3406: if(mag_probe_nx(i).ne.0. .or. mag_probe_nz(i).ne.0.) then
unstructured/diagnostics.f90:3417: + mag_probe_nz(i)*val(OP_DR) / r
unstructured/diagnostics.f90:3430: + mag_probe_nz(i)*val(OP_DZP)"
495,iflux_loops,iflux_loops,&inputnl,Diagnostics,诊断,integer,0,1,Number of flux loops,磁通环数量；对应数组用 `flux_loop_x(i)`、`flux_loop_z(i)` 一基索引给出。,,unstructured/input.f90,1114,7,unstructured/output.f90(6); unstructured/diagnostics.f90(1),"源码引用 7 处；主要在 `output.f90` 6处, `diagnostics.f90` 1处。","unstructured/diagnostics.f90:3468: do i=1, iflux_loops
unstructured/output.f90:311: call write_int_attr (root_id, ""iflux_loops"", iflux_loops, error)
unstructured/output.f90:401: if(iflux_loops.ne.0) call h5gcreate_f(root_id, ""flux_loops"", fl_group_id, error)
unstructured/output.f90:407: if(iflux_loops.ne.0) call h5gopen_f(root_id, ""flux_loops"", fl_group_id, error)
unstructured/output.f90:601: if(iflux_loops.ne.0) then
unstructured/output.f90:602: call output_1dextendarr(fl_group_id, ""value"", flux_loop_val, iflux_loops, &
unstructured/output.f90:608: if(iflux_loops.ne.0) call h5gclose_f(fl_group_id, error)"
496,flux_loop_x,flux_loop_x,&inputnl,Diagnostics,诊断,real array,0.,100,X-coordinate of flux loop,数组参数在 C1input 中使用 Fortran 一基索引，例如 `name(1)=...`；未赋值元素保持默认值。,,unstructured/input.f90,1116,1,unstructured/diagnostics.f90(1),源码引用 1 处；主要在 `diagnostics.f90` 1处。,"unstructured/diagnostics.f90:3469: call phi_int(flux_loop_x(i),flux_loop_z(i),flux_loop_val(i),psi_field(1), &"
497,flux_loop_z,flux_loop_z,&inputnl,Diagnostics,诊断,real array,0.,100,Z-coordinate of flux loop,数组参数在 C1input 中使用 Fortran 一基索引，例如 `name(1)=...`；未赋值元素保持默认值。,,unstructured/input.f90,1118,1,unstructured/diagnostics.f90(1),源码引用 1 处；主要在 `diagnostics.f90` 1处。,"unstructured/diagnostics.f90:3469: call phi_int(flux_loop_x(i),flux_loop_z(i),flux_loop_val(i),psi_field(1), &"
498,ifixed_temax,ifixed_temax,&inputnl,Diagnostics,诊断,integer,0,1,"if nonzero, evaluate temax at xmag0,zmag0",,,unstructured/input.f90,1121,3,unstructured/newpar.f90(3),源码引用 3 处；主要在 `newpar.f90` 3处。,"unstructured/newpar.f90:770: if(ifixed_temax .eq. 0) then
unstructured/newpar.f90:789: if(ifixed_temax .eq. 0) then
unstructured/newpar.f90:802: if(ifixed_temax .eq. 0) then"
462,iprint,iprint,&inputnl,Output,输出与重启,integer,0,1,源码 `add_var_*` 注册说明为空；请结合所在逻辑组和下方源码使用位置判断。,终端日志详细度：0 最少；1 打印主要步骤/迭代；2 及以上打印更多矩阵、系数和输出阶段信息。它不控制 HDF5 字段内容。,,unstructured/input.f90,1046,465,unstructured/gradshafranov.f90(64); unstructured/newpar.f90(50); unstructured/diagnostics.f90(41); unstructured/transport.f90(32); unstructured/m3dc1_nint.f90(29); unstructured/time_step_split.f90(27); unstructured/output.f90(24); unstructured/kprad_m3dc1.f90(22),"源码引用 465 处；主要在 `gradshafranov.f90` 64处, `newpar.f90` 50处, `diagnostics.f90` 41处, `transport.f90` 32处。","unstructured/adapt.f90:296: if(myrank.eq.0 .and. iprint.ge.2) print *, "" transport coefficients""
unstructured/adapt.f90:394: if(myrank.eq.0 .and. iprint.ge.2) print *, "" transport coefficients""
unstructured/adapt.f90:590: if(myrank.eq.0 .and. iprint.ge.2) print *, "" transport coefficients""
unstructured/auxiliary_fields.f90:222: if(myrank.eq.0 .and. iprint.ge.1) print *, ' Calculating pressures'
unstructured/auxiliary_fields.f90:316: if(myrank.eq.0 .and. iprint.ge.1) &
unstructured/auxiliary_fields.f90:345: if(myrank.eq.0 .and. iprint.ge.1) print *, ' Calculating Temperatures'
unstructured/auxiliary_fields.f90:456: if(myrank.eq.0 .and. iprint.ge.1) &
unstructured/auxiliary_fields.f90:486: if(myrank.eq.0 .and. iprint.ge.1) print *, ' Calculating electron density'
unstructured/auxiliary_fields.f90:542: if(myrank.eq.0 .and. iprint.ge.1) &
unstructured/auxiliary_fields.f90:688: if(myrank.eq.0 .and. iprint.ge.1) print *, ' Calculating diagnostic fields'"
463,ntimepr,ntimepr,&inputnl,Output,输出与重启,integer,1,1,Number of time steps per field output,,,unstructured/input.f90,1047,6,unstructured/input.f90(2); unstructured/newpar.f90(1); unstructured/output.f90(1); unstructured/particle.f90(1); unstructured/particle_com.f90(1),"源码引用 6 处；主要在 `input.f90` 2处, `newpar.f90` 1处, `output.f90` 1处, `particle.f90` 1处。","unstructured/input.f90:1595: if(ntimepr.lt.1) ntimepr = 1
unstructured/input.f90:1596: if(ntimers.le.0) ntimers = ntimepr
unstructured/newpar.f90:459: if(mod(ntime-ntime0,ntimepr).eq.0) then
unstructured/output.f90:138: if((mod(ntime-ntime0,ntimepr).eq.0) .or. timeout_flag.eq.1 .or. gamma_converged_flag.eq.1) then
unstructured/particle.f90:2119: if ((isubcycle==particle_subcycles).and.(mod(ntime - ntime0, ntimepr) == 0)) then
unstructured/particle_com.f90:2036: if ((isubcycle==particle_subcycles).and.(mod(ntime - ntime0, ntimepr) == 0)) then"
464,ntimers,ntimers,&inputnl,Output,输出与重启,integer,0,1,Number of time steps per restart output,0 表示校验后取 `ntimepr`；否则为 restart 输出周期。 运行时默认：`ntimers<=0` 时源码把它设为 `ntimepr`。,,unstructured/input.f90,1049,1,unstructured/input.f90(1),源码引用 1 处；主要在 `input.f90` 1处。,unstructured/input.f90:1596: if(ntimers.le.0) ntimers = ntimepr
465,ifout,ifout,&inputnl,Output,输出与重启,integer,-1,1,源码 `add_var_*` 注册说明为空；请结合所在逻辑组和下方源码使用位置判断。,-1 表示校验后按编译维度默认：3D 输出 f，2D 不输出；也可显式 0/1。 运行时默认：`ifout=-1` 在 `validate_input` 中改为 `i3d`：3D 默认输出 f 场，2D 默认不输出。,,unstructured/input.f90,1051,7,unstructured/output.f90(4); unstructured/input.f90(1); unstructured/newpar.f90(1); unstructured/newvar.f90(1),"源码引用 7 处；主要在 `output.f90` 4处, `input.f90` 1处, `newpar.f90` 1处, `newvar.f90` 1处。","unstructured/input.f90:1472: if(ifout.eq.-1) ifout = i3d
unstructured/newpar.f90:851: if((i3d.eq.1 .or. ifout.eq.1) .and. numvar.ge.2) then
unstructured/newvar.f90:99: if((i3d.eq.1 .or. ifout.eq.1) .and. numvar.ge.2) then
unstructured/output.f90:1120: if(ifout.eq.1) then
unstructured/output.f90:1148: if(ifout.eq.1) then
unstructured/output.f90:1476: if(ifout.eq.1) then
unstructured/output.f90:1485: if(ifout.eq.1) then"
466,icalc_scalars,icalc_scalars,&inputnl,Output,输出与重启,integer,1,1,1: Calculate scalar diagnostics,,,unstructured/input.f90,1052,2,unstructured/input.f90(1); unstructured/newpar.f90(1),"源码引用 2 处；主要在 `input.f90` 1处, `newpar.f90` 1处。","unstructured/input.f90:1520: if(icalc_scalars.eq.0) then
unstructured/newpar.f90:895: if(icalc_scalars.eq.1 .and. ilin.eq.1) then"
467,ike_only,ike_only,&inputnl,Output,输出与重启,integer,0,1,1: Only calculate ke scalar diagnostic,,,unstructured/input.f90,1054,2,unstructured/diagnostics.f90(2),源码引用 2 处；主要在 `diagnostics.f90` 2处。,"unstructured/diagnostics.f90:774: if(ike_only.eq.1) then
unstructured/diagnostics.f90:913: if(ike_only.eq.1) cycle"
468,ike_harmonics,ike_harmonics,&inputnl,Output,输出与重启,integer,0,1,Number of Fourier harmonics of ke to be calculated and output,,,unstructured/input.f90,1056,3,unstructured/diagnostics.f90(2); unstructured/output.f90(1),"源码引用 3 处；主要在 `diagnostics.f90` 2处, `output.f90` 1处。","unstructured/diagnostics.f90:1150: if(ike_harmonics .gt. 0) call calculate_ke()
unstructured/diagnostics.f90:2389: NMAX = ike_harmonics
unstructured/output.f90:101: if(ike_harmonics .gt. 0) call hdf5_write_keharmonics(ier)"
469,ibh_harmonics,ibh_harmonics,&inputnl,Output,输出与重启,integer,0,1,Number of Fourier harmonics of magnetic perturbation to be calculated and output,,,unstructured/input.f90,1058,6,unstructured/input.f90(3); unstructured/diagnostics.f90(2); unstructured/output.f90(1),"源码引用 6 处；主要在 `input.f90` 3处, `diagnostics.f90` 2处, `output.f90` 1处。","unstructured/diagnostics.f90:1151: if(ibh_harmonics .gt. 0) call calculate_bh()
unstructured/diagnostics.f90:2755: BNMAX = ibh_harmonics
unstructured/input.f90:1833: if(ihypeta .gt. ibh_harmonics) then
unstructured/input.f90:1834: if(myrank.eq.0) print *, 'Error: ihypeta > ibh_harmonics', &
unstructured/input.f90:1835: ihypeta, ibh_harmonics
unstructured/output.f90:102: if(ibh_harmonics .gt. 0) call hdf5_write_bharmonics(ier)"
470,irestart,irestart,&inputnl,Output,输出与重启,integer,0,1,源码 `add_var_*` 注册说明为空；请结合所在逻辑组和下方源码使用位置判断。,0 从头启动；1 从 HDF5 restart；2 用 restart 初始化 GS；3 用 2D real restart 初始化 2D complex。,,unstructured/input.f90,1060,26,unstructured/output.f90(11); unstructured/newpar.f90(4); unstructured/adapt.f90(3); unstructured/hdf5_output.f90(2); unstructured/particle.f90(2); unstructured/particle_com.f90(2); unstructured/restart_hdf5.f90(1); unstructured/runaway_advection.f90(1),"源码引用 26 处；主要在 `output.f90` 11处, `newpar.f90` 4处, `adapt.f90` 3处, `hdf5_output.f90` 2处。","unstructured/adapt.f90:277: if(irestart .ne. 0) return
unstructured/adapt.f90:340: if(irestart .ne. 0 .or. linear .eq. 0) return
unstructured/adapt.f90:538: if(irestart .ne. 0 .or. linear .eq. 0) return
unstructured/hdf5_output.f90:969: if(irestart.ne.0 .and. version_in.lt.32) then
unstructured/hdf5_output.f90:1041: if(irestart.ne.0 .and. version_in.lt.32) then
unstructured/newpar.f90:224: select case (irestart)
unstructured/newpar.f90:271: if(irestart.ne.0) then
unstructured/newpar.f90:287: if(irestart.eq.0) then
unstructured/newpar.f90:342: if(irestart.eq.0 .or. iadapt.gt.0) then
unstructured/output.f90:24: call hdf5_initialize(irestart.ne.0, ier)"
471,itimer,itimer,&inputnl,Output,输出与重启,integer,0,1,1: Output internal timer data,,,unstructured/input.f90,1061,77,unstructured/time_step_split.f90(31); unstructured/time_step.f90(12); unstructured/newpar.f90(9); unstructured/ludef_t.f90(7); unstructured/ludef_t_gpu.f90(7); unstructured/output.f90(7); unstructured/gradshafranov.f90(2); unstructured/time_step_unsplit.f90(2),"源码引用 77 处；主要在 `time_step_split.f90` 31处, `time_step.f90` 12处, `newpar.f90` 9处, `ludef_t.f90` 7处。","unstructured/gradshafranov.f90:104: if(myrank.eq.0 .and. itimer.eq.1) call second(tstart)
unstructured/gradshafranov.f90:106: if(myrank.eq.0 .and. itimer.eq.1) then
unstructured/ludef_t.f90:5010: if(myrank.eq.0 .and. itimer.eq.1) call second(tstart)
unstructured/ludef_t.f90:5021: if(myrank.eq.0 .and. itimer.eq.1) then
unstructured/ludef_t.f90:5027: if(myrank.eq.0 .and. itimer.eq.1) call second(tstart)
unstructured/ludef_t.f90:5033: if(myrank.eq.0 .and. itimer.eq.1) then
unstructured/ludef_t.f90:5044: if(myrank.eq.0 .and. itimer.eq.1) call second(tstart)
unstructured/ludef_t.f90:5056: if(myrank.eq.0 .and. itimer.eq.1) then
unstructured/ludef_t.f90:5061: if(myrank.eq.0 .and. itimer.eq.1 .and. iprint.ge.1) then
unstructured/ludef_t_gpu.f90:5666: if(myrank.eq.0 .and. itimer.eq.1) call second(tstart)"
472,iwrite_transport_coeffs,iwrite_transport_coeffs,&inputnl,Output,输出与重启,integer,1,1,1: Output transport coefficient fields,,,unstructured/input.f90,1063,2,unstructured/output.f90(2),源码引用 2 处；主要在 `output.f90` 2处。,"unstructured/output.f90:1262: if(iwrite_transport_coeffs.eq.1 .and. &
unstructured/output.f90:1555: if(iwrite_transport_coeffs.eq.1 .and. &"
473,iwrite_aux_vars,iwrite_aux_vars,&inputnl,Output,输出与重启,integer,1,1,1: Output auxiliary variable fields,,,unstructured/input.f90,1065,4,unstructured/output.f90(3); unstructured/newpar.f90(1),"源码引用 4 处；主要在 `output.f90` 3处, `newpar.f90` 1处。","unstructured/newpar.f90:303: if(iwrite_aux_vars.eq.1) call calculate_auxiliary_fields(0)
unstructured/output.f90:139: if(iwrite_aux_vars.eq.1) then
unstructured/output.f90:1304: if(iwrite_aux_vars.eq.1) then
unstructured/output.f90:1604: if(iwrite_aux_vars.eq.1) then"
474,iwrite_adjacency,iwrite_adjacency,&inputnl,Output,输出与重启,integer,1,1,1: Output mesh adjacency info,,,unstructured/input.f90,1067,1,unstructured/output.f90(1),源码引用 1 处；主要在 `output.f90` 1处。,unstructured/output.f90:891: if(iwrite_adjacency.eq.1) then
475,iwrite_quad_points,iwrite_quad_points,&inputnl,Output,输出与重启,integer,0,1,1: Output integration quadrature points,,,unstructured/input.f90,1069,2,unstructured/output.f90(2),源码引用 2 处；主要在 `output.f90` 2处。,"unstructured/output.f90:874: if(iwrite_quad_points.eq.1) then
unstructured/output.f90:901: if(iwrite_quad_points.eq.1) then"
476,itemp_plot,itemp_plot,&inputnl,Output,输出与重启,integer,0,1,1: Output additional temperature plots,,,unstructured/input.f90,1071,10,unstructured/auxiliary_fields.f90(8); unstructured/output.f90(2),"源码引用 10 处；主要在 `auxiliary_fields.f90` 8处, `output.f90` 2处。","unstructured/auxiliary_fields.f90:63: if(itemp_plot.eq.1) then
unstructured/auxiliary_fields.f90:112: if(itemp_plot.eq.1) then
unstructured/auxiliary_fields.f90:170: if(itemp_plot.eq.1) then
unstructured/auxiliary_fields.f90:711: if(itemp_plot.eq.1) then
unstructured/auxiliary_fields.f90:745: if(heat_source .and. itemp_plot.eq.1) def_fields = def_fields + FIELD_Q
unstructured/auxiliary_fields.f90:746: if(rad_source .and. itemp_plot.eq.1) def_fields = def_fields + FIELD_RAD
unstructured/auxiliary_fields.f90:1017: if(itemp_plot.eq.1) then
unstructured/auxiliary_fields.f90:1174: if(itemp_plot.eq.1) then
unstructured/output.f90:1315: if(itemp_plot .eq. 1) then
unstructured/output.f90:1622: if(itemp_plot .eq. 1) then"
477,ibdgp,ibdgp,&inputnl,Output,输出与重启,integer,0,1,ne.0: bdgp plot contains only partial results,,,unstructured/input.f90,1073,1,unstructured/electric_field.f90(1),源码引用 1 处；主要在 `electric_field.f90` 1处。,unstructured/electric_field.f90:831: select case(ibdgp)
478,idouble_out,idouble_out,&inputnl,Output,输出与重启,integer,0,1,1: Use double-precision floating points in output,,,unstructured/input.f90,1075,6,unstructured/hdf5_output.f90(4); unstructured/particle.f90(1); unstructured/particle_com.f90(1),"源码引用 6 处；主要在 `hdf5_output.f90` 4处, `particle.f90` 1处, `particle_com.f90` 1处。","unstructured/hdf5_output.f90:376: if(idouble_out.eq.1) then
unstructured/hdf5_output.f90:691: if(idouble_out.eq.1) then
unstructured/hdf5_output.f90:831: if(idouble_out.eq.1) then
unstructured/hdf5_output.f90:956: if(idouble_out.eq.1) then
unstructured/particle.f90:3758: if (idouble_out .eq. 1) then
unstructured/particle_com.f90:3715: if (idouble_out .eq. 1) then"
479,irestart_slice,irestart_slice,&inputnl,Output,输出与重启,integer,-1,1,Field output slice from which to restart,-1 从 HDF5 中最后一个已保存时间片重启；非负值选择指定时间片索引，并在同一输出文件中删除其后的时间片组后续写。,,unstructured/input.f90,1077,3,unstructured/restart_hdf5.f90(3),源码引用 3 处；主要在 `restart_hdf5.f90` 3处。,"unstructured/restart_hdf5.f90:47: if(irestart_slice.ge.0 .and. irestart_slice.lt.times_output) then
unstructured/restart_hdf5.f90:49: do i = irestart_slice+1, times_output
unstructured/restart_hdf5.f90:53: times_output = irestart_slice"
480,iveldif,iveldif,&inputnl,Output,输出与重启,integer,0,1,ne.0: veldif plot contains only partial results,,,unstructured/input.f90,1080,1,unstructured/electric_field.f90(1),源码引用 1 处；主要在 `electric_field.f90` 1处。,unstructured/electric_field.f90:652: select case(iveldif)
481,write_ts_on_job_timeout,write_ts_on_job_timeout,&inputnl,Output,输出与重启,integer,0,1,1: Write time slice and stop code before job hits timeout or is preempted,,,unstructured/input.f90,1082,1,unstructured/newpar.f90(1),源码引用 1 处；主要在 `newpar.f90` 1处。,unstructured/newpar.f90:367: if (write_ts_on_job_timeout.eq.1) call install_signal_handler()
89,gam,gam,&inputnl,Miscellaneous,杂项物理参数,real,5./3. (约 1.6667),1,Ratio of specific heats,,,unstructured/input.f90,381,482,unstructured/metricterms_new_gpu.f90(251); unstructured/metricterms_new.f90(113); unstructured/temperature_plots.f90(29); unstructured/ludef_t.f90(22); unstructured/ludef_t_gpu.f90(17); unstructured/init_3dwave.f90(16); unstructured/parallel_heat_flux.f90(16); unstructured/init_gmode.f90(7),"源码引用 482 处；主要在 `metricterms_new_gpu.f90` 251处, `metricterms_new.f90` 113处, `temperature_plots.f90` 29处, `ludef_t.f90` 22处。","unstructured/bootstrap.f90:153: bs_b3pe = -(gam-1.)*temp
unstructured/diagnostics.f90:1142: avep = (gam - 1.)*(w_p / pvol)
unstructured/init_3dwave.f90:87: omega = 0.5*k2*(bzero**2 + gam*p0) &
unstructured/init_3dwave.f90:88: + 0.5*sqrt((k2*(bzero**2 + gam*p0))**2 &
unstructured/init_3dwave.f90:89: -4.*(bzero*kphi)**2*k2*gam*p0)
unstructured/init_3dwave.f90:94: omega = 0.5*k2*(bzero**2 + gam*p0) &
unstructured/init_3dwave.f90:95: - 0.5*sqrt((k2*(bzero**2 + gam*p0))**2 &
unstructured/init_3dwave.f90:96: -4.*(bzero*kphi)**2*k2*gam*p0)
unstructured/init_3dwave.f90:202: vz1_l = val*bzero*kphi*kp2*k2*p0*gam / &
unstructured/init_3dwave.f90:203: (omega*(k2*p0*gam - omega**2))"
90,db,db,&inputnl,Miscellaneous,杂项物理参数,real,-1.,1,Collisionless ion skin depth (overrides db_fac),源码默认 -1，表示按物理归一化自动计算 ion skin depth 并乘以 `db_fac`；若显式给非负值则覆盖。 运行时默认：`db<0` 时源码按 `b0_norm/n0_norm/l0_norm/ion_mass` 计算物理 ion skin depth，再乘 `db_fac`；显式给非负 `db` 会覆盖该自动计算。,,unstructured/input.f90,383,396,unstructured/ludef_t.f90(291); unstructured/electrostatic_potential.f90(25); unstructured/particle.f90(17); unstructured/particle_com.f90(11); unstructured/harned_mikic.f90(8); unstructured/init_conds.f90(8); unstructured/ludef_t_gpu.f90(8); unstructured/metricterms_new.f90(7),"源码引用 396 处；主要在 `ludef_t.f90` 291处, `electrostatic_potential.f90` 25处, `particle.f90` 17处, `particle_com.f90` 11处。","unstructured/electrostatic_potential.f90:393: if(itwofluid.eq.0 .or. db.eq.0.) then
unstructured/electrostatic_potential.f90:424: if(itwofluid.eq.0 .or. db.eq.0.) then
unstructured/electrostatic_potential.f90:458: if(itwofluid.eq.0 .or. db.eq.0.) then
unstructured/electrostatic_potential.f90:492: if(itwofluid.eq.0 .or. db.eq.0.) then
unstructured/electrostatic_potential.f90:523: if(itwofluid.eq.0 .or. db.eq.0.) then
unstructured/electrostatic_potential.f90:558: if(itwofluid.eq.0 .or. db.eq.0.) then
unstructured/electrostatic_potential.f90:661: +b4psipsid(trial,ps179,lin,ni79))*db
unstructured/electrostatic_potential.f90:665: temp = b4psibd(trial,lin,bz179,ni79)*db
unstructured/electrostatic_potential.f90:676: +b4psipsid(trial,ps079,lin,ni79))*db
unstructured/electrostatic_potential.f90:680: temp = b4psibd(trial,lin,bz079,ni79)*db"
91,db_fac,db_fac,&inputnl,Miscellaneous,杂项物理参数,real,0.,1,Factor multiplying physical value of ion skin depth,`db<0` 时乘在物理 ion skin depth 上；默认 0 等价于关闭 two-fluid skin-depth 贡献。,,unstructured/input.f90,385,3,unstructured/input.f90(3),源码引用 3 处；主要在 `input.f90` 3处。,"unstructured/input.f90:384: ""Collisionless ion skin depth (overrides db_fac)"", misc_grp)
unstructured/input.f90:1826: print *, 'Scaled value of db = ', db*db_fac
unstructured/input.f90:1828: db = db*db_fac"
92,mass_ratio,mass_ratio,&inputnl,Miscellaneous,杂项物理参数,real,0.,1,源码 `add_var_*` 注册说明为空；请结合所在逻辑组和下方源码使用位置判断。,已注册但当前活动计算未读取的兼容参数；电子/离子质量比由内部常数和 `ion_mass` 形成，用户不应依赖此值。,,unstructured/input.f90,387,8,unstructured/metricterms_new.f90(4); unstructured/metricterms_new_gpu.f90(4),"源码引用 8 处；主要在 `metricterms_new.f90` 4处, `metricterms_new_gpu.f90` 4处。","unstructured/metricterms_new.f90:5837: if(mass_ratio.eq.0. .or. db.eq.0.) then
unstructured/metricterms_new.f90:5847: b1psid = temp*me_mp*mass_ratio*db**2
unstructured/metricterms_new.f90:7831: if(mass_ratio.eq.0. .or. db.eq.0.) then
unstructured/metricterms_new.f90:7843: b2bd = temp*me_mp*mass_ratio*db**2
unstructured/metricterms_new_gpu.f90:12525: if(mass_ratio.eq.0. .or. db.eq.0.) then
unstructured/metricterms_new_gpu.f90:12536: temp79a= me_mp*mass_ratio*db**2
unstructured/metricterms_new_gpu.f90:16445: if(mass_ratio.eq.0. .or. db.eq.0.) then
unstructured/metricterms_new_gpu.f90:16458: temp79a=me_mp*mass_ratio*db**2"
93,lambdae,lambdae,&inputnl,Miscellaneous,杂项物理参数,real,0.,1,源码 `add_var_*` 注册说明为空；请结合所在逻辑组和下方源码使用位置判断。,已注册但当前活动计算未读取的兼容参数；不会单独打开电子惯性或改变广义 Ohm 定律。,,unstructured/input.f90,388,0,,未发现除注册/声明外的源码引用；可能是废弃参数、条件编译路径参数，或仅由外部工具/库间接使用。,
94,z_ion,z_ion,&inputnl,Miscellaneous,杂项物理参数,real,1.,1,Z effective,,,unstructured/input.f90,389,39,unstructured/gradshafranov.f90(14); unstructured/input.f90(9); unstructured/mackenbach_profiles.f90(3); unstructured/auxiliary_fields.f90(2); unstructured/newpar.f90(2); unstructured/particle.f90(2); unstructured/particle_com.f90(2); unstructured/init_cyl.f90(1),"源码引用 39 处；主要在 `gradshafranov.f90` 14处, `input.f90` 9处, `mackenbach_profiles.f90` 3处, `auxiliary_fields.f90` 2处。","unstructured/auxiliary_fields.f90:490: call mult(ne, z_ion)
unstructured/auxiliary_fields.f90:517: temp79a = nt79(:,OP_1)*z_ion
unstructured/gradshafranov.f90:724: n0_spline%y(i) = pefac*pval/(z_ion*te_spline%y(i))
unstructured/gradshafranov.f90:743: yvals = yvals * 1e14 / n0_norm / z_ion
unstructured/gradshafranov.f90:750: yvals = yvals * 1e13 / n0_norm / z_ion
unstructured/gradshafranov.f90:758: yvals = yvals / n0_norm / z_ion
unstructured/gradshafranov.f90:770: yvals = yvals * 1e14 / n0_norm / z_ion
unstructured/gradshafranov.f90:779: yvals = yvals / 1e6 / n0_norm / z_ion
unstructured/gradshafranov.f90:804: (z_ion*te_spline%y(te_spline%n) + tiedge)
unstructured/gradshafranov.f90:819: teold = pefac*p0_spline%y(p0_spline%n)/n0_spline%y(n0_spline%n)/z_ion"
95,ion_mass,ion_mass,&inputnl,Miscellaneous,杂项物理参数,real,1.,1,Ion mass (in units of m_p),,,unstructured/input.f90,390,20,unstructured/gradshafranov.f90(6); unstructured/init_conds.f90(2); unstructured/input.f90(2); unstructured/neutral_beam.f90(2); unstructured/particle.f90(2); unstructured/particle_com.f90(2); unstructured/auxiliary_fields.f90(1); unstructured/diagnostics.f90(1),"源码引用 20 处；主要在 `gradshafranov.f90` 6处, `init_conds.f90` 2处, `input.f90` 2处, `neutral_beam.f90` 2处。","unstructured/auxiliary_fields.f90:604: sir79 = sir79 + tm79*kprad_mz/ion_mass
unstructured/diagnostics.f90:2325: rho79 = rho79 + tm79*kprad_mz/ion_mass
unstructured/gradshafranov.f90:866: (b0_norm/sqrt(4.*pi*1.6726e-24*ion_mass*n0_norm)/l0_norm)
unstructured/gradshafranov.f90:874: (b0_norm/sqrt(4.*pi*1.6726e-24*ion_mass*n0_norm)/l0_norm)
unstructured/gradshafranov.f90:883: (b0_norm/sqrt(4.*pi*1.6726e-24*ion_mass*n0_norm)/l0_norm) &
unstructured/gradshafranov.f90:893: (b0_norm/sqrt(4.*pi*1.6726e-24*ion_mass*n0_norm)/l0_norm)
unstructured/gradshafranov.f90:905: (b0_norm/sqrt(4.*pi*1.6726e-24*ion_mass*n0_norm)/l0_norm)
unstructured/gradshafranov.f90:915: (b0_norm/sqrt(4.*pi*1.6726e-24*ion_mass*n0_norm)/l0_norm)
unstructured/init_conds.f90:346: vz = vtor / (b0_norm/sqrt(4.*pi*1.6726e-24*ion_mass*n0_norm)/l0_norm)
unstructured/init_conds.f90:347: vp = vpol / (b0_norm/sqrt(4.*pi*1.6726e-24*ion_mass*n0_norm)/l0_norm)"
96,lambda_coulomb,lambda_coulomb,&inputnl,Miscellaneous,杂项物理参数,real,17.,1,Coulomb logarithm,,,unstructured/input.f90,392,2,unstructured/input.f90(2),源码引用 2 处；主要在 `input.f90` 2处。,"unstructured/input.f90:1793: * e_c**4 * sqrt(m0_norm / m_e) * lambda_coulomb &
unstructured/input.f90:1799: krfac = (9.6 / (4. * sqrt(2.*pi) * sqrt(m_e) * lambda_coulomb * e_c**4)) &"
97,thermal_force_coeff,thermal_force_coeff,&inputnl,Miscellaneous,杂项物理参数,real,0.,1,Coefficient of thermal force,,,unstructured/input.f90,394,1,unstructured/gradshafranov.f90(1),源码引用 1 处；主要在 `gradshafranov.f90` 1处。,unstructured/gradshafranov.f90:991: dia = db*(ppval/nval - z_ion*(1.+thermal_force_coeff)*tep &
499,ntor,ntor,&inputnl,Miscellaneous,杂项物理参数,integer,0,1,Toroidal mode number,2D/complex 线性模拟的环向模数；RMP 等也会使用。,,unstructured/input.f90,1124,64,unstructured/coils.f90(18); unstructured/rmp.f90(13); unstructured/nintegrate_mod.f90(9); unstructured/read_schaffer_field.f90(7); unstructured/init_common.f90(4); unstructured/adapt.f90(2); unstructured/boundary.f90(2); unstructured/struct2vac.f90(2),"源码引用 64 处；主要在 `coils.f90` 18处, `rmp.f90` 13处, `nintegrate_mod.f90` 9处, `read_schaffer_field.f90` 7处。","unstructured/adapt.f90:164: if(iadapt_pack_rationals.gt.0 .and. ntor.ne.0) then
unstructured/adapt.f90:177: tmp = (q*ntor - j) / (q*ntor*adapt_pack_factor)
unstructured/boundary.f90:121: if(ntor.ne.0) imask(k+1) = 0
unstructured/boundary.f90:414: if(ntor.ne.0) then
unstructured/coils.f90:654: subroutine integral(npts,k2,ntor,f)
unstructured/coils.f90:676: f1 = cos(2.*ntor*(x+dx2))/sqrt((1.+k2*sin(x+dx2)**2)**3)
unstructured/coils.f90:677: f2 = cos(2.*ntor*(x+dx))/sqrt((1.+k2*sin(x+dx)**2)**3)
unstructured/coils.f90:686: subroutine coil(curr, r1, z1, npts, r0, z0, ntor, fr, fphi, fz)
unstructured/coils.f90:705: call integral(npts,k2,ntor,temp)
unstructured/coils.f90:708: call integral(npts,k2,ntor+1,co)"
500,mpol,mpol,&inputnl,Miscellaneous,杂项物理参数,integer,0,1,源码 `add_var_*` 注册说明为空；请结合所在逻辑组和下方源码使用位置判断。,若干测试/外场/REKC 设置中使用的极向模数。,,unstructured/input.f90,1126,16,unstructured/rmp.f90(6); unstructured/init_common.f90(4); unstructured/init_circle.f90(1); unstructured/init_conds.f90(1); unstructured/init_frs.f90(1); unstructured/init_kstar.f90(1); unstructured/input.f90(1); unstructured/read_vmec.f90(1),"源码引用 16 处；主要在 `rmp.f90` 6处, `init_common.f90` 4处, `init_circle.f90` 1处, `init_conds.f90` 1处。","unstructured/init_circle.f90:33: print *, 'Analytic resonant frequency: ', j0*ntor*(q0 - mpol/ntor)/(2.*sqrt(den0))
unstructured/init_common.f90:65: phase = exp((0,1)*(ntor*phi - mpol*theta))
unstructured/init_common.f90:67: phase = exp((0,1)*(ntor*phi/rzero - mpol*theta))
unstructured/init_common.f90:71: phase = cos(ntor*phi - mpol*theta)
unstructured/init_common.f90:73: phase = cos(ntor*phi/rzero - mpol*theta)
unstructured/init_conds.f90:762: m = mpol
unstructured/init_frs.f90:59: m=mpol
unstructured/init_kstar.f90:198: m = mpol
unstructured/input.f90:586: &2: Apply mpol/ntor vacuum fields (itor=0 only)"", eq_grp)
unstructured/read_vmec.f90:249: ierr = nc_inq_varid(ncid, ""mpol""//c_null_char, id)"
602,ibform,idum,&inputnl,Deprecated,已废弃兼容参数,integer,-1,1,源码 `add_var_*` 注册说明为空；请结合所在逻辑组和下方源码使用位置判断。,旧磁场形式开关的占位参数，读入后写入 dummy 变量；当前方程形式不会随它改变。,,unstructured/input.f90,1320,0,,兼容旧输入：读入到 dummy 变量 `idum`，未见模型计算使用。,
603,igs_method,idum,&inputnl,Deprecated,已废弃兼容参数,integer,-1,1,源码 `add_var_*` 注册说明为空；请结合所在逻辑组和下方源码使用位置判断。,旧 GS 算法选择的占位参数，当前 GS 求解器不读取其值。,,unstructured/input.f90,1321,0,,兼容旧输入：读入到 dummy 变量 `idum`，未见模型计算使用。,
604,iwrite_restart,idum,&inputnl,Deprecated,已废弃兼容参数,integer,0,1,1: Write restart files,,,unstructured/input.f90,1322,0,,兼容旧输入：读入到 dummy 变量 `idum`，未见模型计算使用。,
605,zeff,dum,&inputnl,Deprecated,已废弃兼容参数,real,0.,1,zeff is deprecated.  Use z_ion instead.,,,unstructured/input.f90,1324,0,,兼容旧输入：读入到 dummy 变量 `dum`，未见模型计算使用。,
606,ivform,idum,&inputnl,Deprecated,已废弃兼容参数,integer,1,1,ivform is deprecated.  Only ivform=1 is now implemented.,,,unstructured/input.f90,1326,0,,兼容旧输入：读入到 dummy 变量 `idum`，未见模型计算使用。,
607,iwrite_adios,idum,&inputnl,Deprecated,已废弃兼容参数,integer,0,1,iwrite_adios is deprecated.,,,unstructured/input.f90,1328,0,,兼容旧输入：读入到 dummy 变量 `idum`，未见模型计算使用。,
608,iglobalout,idum,&inputnl,Deprecated,已废弃兼容参数,integer,0,1,iglobalout is deprecated,,,unstructured/input.f90,1330,0,,兼容旧输入：读入到 dummy 变量 `idum`，未见模型计算使用。,
609,iglobalin,idum,&inputnl,Deprecated,已废弃兼容参数,integer,0,1,iglobalin is deprecated,,,unstructured/input.f90,1332,0,,兼容旧输入：读入到 dummy 变量 `idum`，未见模型计算使用。,
610,iread_adios,idum,&inputnl,Deprecated,已废弃兼容参数,integer,0,1,iread_adios is deprecated,,,unstructured/input.f90,1334,0,,兼容旧输入：读入到 dummy 变量 `idum`，未见模型计算使用。,
611,iread_hdf5,idum,&inputnl,Deprecated,已废弃兼容参数,integer,1,1,iread_hdf5 is deprecated,,,unstructured/input.f90,1336,0,,兼容旧输入：读入到 dummy 变量 `idum`，未见模型计算使用。,
